-- MySQL dump 10.13  Distrib 8.0.43, for Win64 (x86_64)
--
-- Host: localhost    Database: base_datos_inventario_taller
-- ------------------------------------------------------
-- Server version	8.0.43

/*!40101 SET @OLD_CHARACTER_SET_CLIENT=@@CHARACTER_SET_CLIENT */;
/*!40101 SET @OLD_CHARACTER_SET_RESULTS=@@CHARACTER_SET_RESULTS */;
/*!40101 SET @OLD_COLLATION_CONNECTION=@@COLLATION_CONNECTION */;
/*!50503 SET NAMES utf8mb4 */;
/*!40103 SET @OLD_TIME_ZONE=@@TIME_ZONE */;
/*!40103 SET TIME_ZONE='+00:00' */;
/*!40014 SET @OLD_UNIQUE_CHECKS=@@UNIQUE_CHECKS, UNIQUE_CHECKS=0 */;
/*!40014 SET @OLD_FOREIGN_KEY_CHECKS=@@FOREIGN_KEY_CHECKS, FOREIGN_KEY_CHECKS=0 */;
/*!40101 SET @OLD_SQL_MODE=@@SQL_MODE, SQL_MODE='NO_AUTO_VALUE_ON_ZERO' */;
/*!40111 SET @OLD_SQL_NOTES=@@SQL_NOTES, SQL_NOTES=0 */;

--
-- Table structure for table `accesoriosbase`
--

DROP TABLE IF EXISTS `accesoriosbase`;
/*!40101 SET @saved_cs_client     = @@character_set_client */;
/*!50503 SET character_set_client = utf8mb4 */;
CREATE TABLE `accesoriosbase` (
  `CodigoAccesorio` varchar(25) NOT NULL,
  `ModeloAccesorio` int NOT NULL,
  `ColorAccesorio` varchar(100) NOT NULL,
  `EstadoAccesorio` int NOT NULL,
  `FechaIngreso` date DEFAULT NULL,
  `Comentario` varchar(10000) DEFAULT NULL,
  `PrecioBase` decimal(6,2) DEFAULT NULL,
  `NumeroSerie` varchar(100) DEFAULT NULL,
  `ProductosCompatibles` varchar(500) DEFAULT NULL,
  `IdIngreso` int NOT NULL AUTO_INCREMENT,
  PRIMARY KEY (`CodigoAccesorio`),
  UNIQUE KEY `IdIngreso` (`IdIngreso`),
  KEY `ModeloAccesorio` (`ModeloAccesorio`),
  KEY `EstadoAccesorio` (`EstadoAccesorio`),
  CONSTRAINT `accesoriosbase_ibfk_1` FOREIGN KEY (`ModeloAccesorio`) REFERENCES `catalogoaccesorios` (`IdModeloAccesorioPK`),
  CONSTRAINT `accesoriosbase_ibfk_2` FOREIGN KEY (`EstadoAccesorio`) REFERENCES `catalogoestadosconsolas` (`CodigoEstado`)
) ENGINE=InnoDB AUTO_INCREMENT=28 DEFAULT CHARSET=utf8mb4 COLLATE=utf8mb4_0900_ai_ci;
/*!40101 SET character_set_client = @saved_cs_client */;

--
-- Dumping data for table `accesoriosbase`
--

LOCK TABLES `accesoriosbase` WRITE;
/*!40000 ALTER TABLE `accesoriosbase` DISABLE KEYS */;
INSERT INTO `accesoriosbase` VALUES ('DS2OB-16',6,'',11,'2025-11-15','A vender',15.00,'','Play Station 2,Play Station 1',16),('DS2OB-17',6,'',8,'2025-11-15','',20.00,'','Play Station 2,Play Station',17),('DS2OB-18',6,'N/A',8,'2026-01-16','',37.75,'N/A','PlayStation 2',18),('DS2OB-19',6,'N/A',8,'2026-01-16','',37.75,'N/A','Play Station 2',19),('DS2OB-20',6,'N/A',8,'2026-01-16','',37.75,'N/A','null',20),('DS2OB-21',6,'N/A',2,'2026-01-16','',37.75,'N/A','null',21),('DS2OB-22',6,'N/A',8,'2026-01-16','',37.75,'N/A','null',22),('DS2OB-23',6,'N/A',11,'2026-01-16','',37.75,'N/A','null',23),('DS2OB-24',6,'N/A',2,'2026-01-16','',37.75,'N/A','null',24),('DS2OB-25',6,'N/A',2,'2026-01-16','',37.75,'N/A','null',25),('DS2OB-26',6,'N/A',2,'2026-01-16','',37.75,'N/A','null',26),('DS2OB-27',6,'N/A',2,'2026-01-16','',37.75,'N/A','null',27),('GCIJ-5',1,'',11,'2025-10-22','',25.00,'','',5),('GCIJ1-1',1,'',8,'2025-09-22','',25.00,'N/A','Gamecube,Wii',1),('GCIJ1-2',1,'',8,'2025-09-26','prueba',45.00,'CONTROL 2','Gamecube,Wii U,Wii',2),('GCSO-3',3,'N/A',7,'2025-09-27','',20.00,'N/A','',3),('GCSO-4',3,'',8,'2025-10-04','',25.00,'','',4),('GSCTY-10',5,'',8,'2025-11-01','Lorem ipsum dolor sit amet, consectetuer adipiscing elit. Aenean commodo ligula eget dolor. Aenean massa. Cum sociis natoque penatibus et magnis dis parturient montes, nascetur ridiculus mus. Donec quam felis, ultricies nec, pellentesque eu, pretium quis, sem. Nulla consequat massa quis enim. Donec pede justo, fringilla vel, aliquet nec, vulputate eget, arcu. In enim justo, rhoncus ut, imperdiet a, venenatis vitae, justo. Nullam dictum felis eu pede mollis pretium. Integer tincidunt. Cras dapibus. Vivamus elementum semper nisi. Aenean vulputate eleifend tellus. Aenean leo ligula, porttitor eu, consequat vitae, eleifend ac, enim. Aliquam lorem ante, dapibus in, viverra quis, feugiat a, tellus. Phasellus viverra nulla ut metus varius laoreet. Quisque rutrum. Aenean imperdiet. Etiam ultricies nisi vel augue. Curabitur ullamcorper ultricies nisi. Nam eget dui. Etiam rhoncus. Maecenas tempus, tellus eget condimentum rhoncus, sem quam semper libero, sit amet adipiscing sem neque sed ipsum. Nam quam nunc, blandit vel, luctus pulvinar, hendrerit id, lorem. Maecenas nec odio et ante tincidunt tempus. Donec vitae sapien ut libero venenatis faucibus. Nullam quis ante. Etiam sit amet orci eget eros faucibus tincidunt. Duis leo. Sed fringilla mauris sit amet nibh. Donec sodales sagittis magna. Sed consequat, leo eget bibendum sodales, augue velit cursus nunc, quis gravida magna mi a libero. Fusce vulputate eleifend sapien. Vestibulum purus quam, scelerisque ut, mollis sed, nonummy id, metus. Nullam accumsan lorem in dui. Cras ultricies mi eu turpis hendrerit fringilla. Vestibulum ante ipsum primis in faucibus orci luctus et ultrices posuere cubilia Curae; In ac dui quis mi consectetuer lacinia. Nam pretium turpis et arcu. Duis arcu tortor, suscipit eget, imperdiet nec, imperdiet iaculis, ipsum. Sed aliquam ultrices mauris. Integer ante arcu, accumsan a, consectetuer eget, posuere ut, mauris. Praesent adipiscing. Phasellus ullamcorper ipsum rutrum nunc. Nunc nonummy metus. Vestibulum volutpat pretium libero. Cras id dui. Aenean ut eros et nisl sagittis vestibulum. Nullam nulla eros, ultricies sit amet, nonummy id, imperdiet feugiat, pede. Sed lectus. Donec mollis hendrerit risus. Phasellus nec sem in justo pellentesque facilisis. Etiam imperdiet imperdiet orci. Nunc nec neque. Phasellus leo dolor, tempus non, auctor et, hendrerit quis, nisi. Curabitur ligula sapien, tincidunt non, euismod vitae, posuere imperdiet, leo. Maecenas malesuada. Praesent congue erat at massa. Sed cursus turpis vitae tortor. Donec posuere vulputate arcu. Phasellus accumsan cursus velit. Vestibulum ante ipsum primis in faucibus orci luctus et ultrices posuere cubilia Curae; Sed aliquam, nisi quis porttitor congue, elit erat euismod orci, ac placerat dolor lectus quis orci. Phasellus consectetuer vestibulum elit. Aenean tellus metus, bibendum sed, posuere ac, mattis non, nunc. Vestibulum fringilla pede sit amet augue. In turpis. Pellentesque posuere. Praesent turpis. Aenean posuere, tortor sed cursus feugiat, nunc augue blandit nunc, eu sollicitudin urna dolor sagittis lacus. Donec elit libero, sodales nec, volutpat a, suscipit non, turpis. Nullam sagittis. Suspendisse pulvinar, augue ac venenatis condimentum, sem libero volutpat nibh, nec pellentesque velit pede quis nunc. Vestibulum ante ipsum primis in faucibus orci luctus et ultrices posuere cubilia Curae; Fusce id purus. Ut varius tincidunt libero. Phasellus dolor. Maecenas vestibulum mollis diam. Pellentesque ut neque. Pellentesque habitant morbi tristique senectus et netus et malesuada fames ac turpis egestas. In dui magna, posuere eget, vestibulum et, tempor auctor, justo. In ac felis quis tortor malesuada pretium. Pellentesque auctor neque nec urna. Proin sapien ipsum, porta a, auctor quis, euismod ut, mi. Aenean viverra rhoncus pede. Pellentesque habitant morbi tristique senectus et netus et malesuada fames ac turpis egestas. Ut non enim eleifend felis pretium feugiat. Vivamus quis mi. Phasellus a est. Phasellus magna. In hac habitasse platea dictumst. Curabitur at lacus ac velit ornare lobortis. Curabitur a felis in nunc fringilla tristique. Morbi mattis ullamcorper velit. Phasellus gravida semper nisi. Nullam vel sem. Pellentesque libero tortor, tincidunt et, tincidunt eget, semper nec, quam. Sed hendrerit. Morbi ac felis. Nunc egestas, augue at pellentesque laoreet, felis eros vehicula leo, at malesuada velit leo quis pede. Donec interdum, metus et hendrerit aliquet, dolor diam sagittis ligula, eget egestas libero turpis vel mi. Nunc nulla. Fusce risus nisl, viverra et, tempor et, pretium in, sapien. Donec venenatis vulputate lorem. Morbi nec metus. Phasellus blandit leo ut odio. Maecenas ullamcorper, dui et placerat feugiat, eros pede varius nisi, condimentum viverra felis nunc et lorem. Sed magna purus, fermentum eu, tincidunt eu, varius ut, felis. In auctor lobortis lacus. Quisque libero metus, condimentum nec, tempor a, commodo mollis, magna. Vestibulum ullamcorper mauris at ligula. Fusce fermentum. Nullam cursus lacinia erat. Praesent blandit laoreet nibh. Fusce convallis metus id felis luctus adipiscing. Pellentesque egestas, neque sit amet convallis pulvinar, justo nulla eleifend augue, ac auctor orci leo non est. Quisque id mi. Ut tincidunt tincidunt erat. Etiam feugiat lorem non metus. Vestibulum dapibus nunc ac augue. Curabitur vestibulum aliquam leo. Praesent egestas neque eu enim. In hac habitasse platea dictumst. Fusce a quam. Etiam ut purus mattis mauris sodales aliquam. Curabitur nisi. Quisque malesuada placerat nisl. Nam ipsum risus, rutrum vitae, vestibulum eu, molestie vel, lacus. Sed augue ipsum, egestas nec, vestibulum et, malesuada adipiscing, dui. Vestibulum facilisis, purus nec pulvinar iaculis, ligula mi congue nunc, vitae euismod ligula urna in dolor. Mauris sollicitudin fermentum libero. Praesent nonummy mi in odio. Nunc interdum lacus sit amet orci. Vestibulum rutrum, mi nec elementum vehicula, eros quam gravida nisl, id fringilla neque ante vel mi. Morbi mollis tellus ac sapien. Phasellus volutpat, metus eget egestas mollis, lacus lacus blandit dui, id egestas quam mauris ut lacus. Fusce vel dui. Sed in libero ut nibh placerat accumsan. Proin faucibus arcu quis ante. In consectetuer turpis ut velit. Nulla sit amet est. Praesent metus tellus, elementum eu, semper a, adipiscing nec, purus. Cras risus ipsum, faucibus ut, ullamcorper id, varius ac, leo. Suspendisse feugiat. Suspendisse enim turpis, dictum sed, iaculis a, condimentum nec, nisi. Praesent nec nisl a purus blandit viverra. Praesent ac massa at ligula laoreet iaculis. Nulla neque dolor, sagittis eget, iaculis quis, molestie non, velit. Mauris turpis nunc, blandit et, volutpat molestie, porta ut, ligula. Fusce pharetra convallis urna. Quisque ut nisi. Donec mi odio, faucibus at, scelerisque quis, convallis in, nisi. Suspendisse non nisl sit amet velit hendrerit rutrum. Ut leo. Ut a nisl id ante tempus hendrerit. Proin pretium, leo ac pellentesque mollis, felis nunc ultrices eros, sed gravida augue augue mollis justo. Suspendisse eu ligula. Nulla facilisi. Donec id justo. Praesent porttitor, nulla vitae posuere iaculis, arcu nisl dignissim dolor, a pretium mi sem ut ipsum. Curabitur suscipit suscipit tellus. Praesent vestibulum dapibus nibh. Etiam iaculis nunc ac metus. Ut id nisl quis enim dignissim sagittis. Etiam sollicitudin, ipsum eu pulvinar rutrum, tellus ipsum laoreet sapien, quis venenatis ante odio sit amet eros. Proin magna. Duis vel nibh at velit scelerisque suscipit. Curabitur turpis. Vestibulum suscipit nulla quis orci. Fusce ac felis sit amet ligula pharetra condimentum. Maecenas egestas arcu quis ligula mattis placerat. Duis lobortis massa imperdiet quam. Suspendisse potenti. Pellentesque commodo eros a enim. Vestibulum turpis sem, aliquet eget, lobortis pellentesque, rutrum eu, nisl. Sed libero. Aliquam erat volutpat. Etiam vitae tortor. Morbi vestibulum volutpat enim. Aliquam eu nunc. Nunc sed turpis. Sed mollis, eros et ultrices tempus, mauris ipsum aliquam libero, non adipiscing dolor urna a orci. Nulla porta dolor. Class aptent taciti sociosqu ad litora torquent per conubia nostra, per inceptos hymenaeos. Pellentesque dapibus hendrerit tortor. Praesent egestas tristique nibh. Sed a libero. Cras varius. Donec vitae orci sed dolor rutrum auctor. Fusce egestas elit eget lorem. Suspendisse nisl elit, rhoncus eget, elementum ac, condimentum eget, diam. Nam at tortor in tellus interdum sagittis. Aliquam lobortis. Donec orci lectus, aliquam ut, faucibus non, euismod id, nulla. Curabitur blandit mollis lacus. Nam adipiscing. Vestibulum eu odio. Vivamus laoreet. Nullam tincidunt adipiscing enim. Phasellus tempus. Proin viverra, ligula sit amet ultrices semper, ligula arcu tristique sapien, a accumsan nisi mauris ac eros. Fusce neque. Suspendisse faucibus, nunc et pellentesque egestas, lacus ante convallis tellus, vitae iaculis lacus elit id tortor. Vivamus aliquet elit ac nisl. Fusce fermentum odio nec arcu. Vivamus euismod mauris. In ut quam vitae odio lacinia tincidunt. Praesent ut ligula non mi varius sagittis. Cras sagittis. Praesent ac sem eget est egestas volutpat. Vivamus consectetuer hendrerit lacus. Cras non dolor. Vivamus in erat ut urna cursus vestibulum. Fusce commodo aliquam arcu. Nam commodo suscipit quam. Quisque id odio. Praesent venenatis metus at tortor pulvinar varius. Lorem ipsum dolor sit amet, consectetuer adipiscing elit. Aenean commodo ligula eget dolor. Aenean massa. Cum sociis natoque penatibus et magnis dis parturient montes, nascetur ridiculus mus. Donec quam felis, ultricies nec, pellentesque eu, pretium quis, sem. Nulla consequat massa quis enim. Donec pede justo, fringilla vel, aliquet nec, vulputate eget, arcu. In enim justo, rhoncus ut, imperdiet a, venenatis vitae, justo. Nullam dictum felis eu pede mollis pretium. Integer tincidunt. Cras dapibus. Vivamus elementum semper nisi. Aenean vulputate eleifend tellus. Aenean leo ligula, porttitor eu, consequat vita',42.50,'GSL1','Gamecube,Switch,Wii U,Wii',10),('GSCTY-11',5,'',11,'2025-11-01','',42.50,'Go3','',11),('GSCTY-12',5,'',2,'2025-11-01','Lorem ipsum dolor sit amet, consectetuer adipiscing elit. Aenean commodo ligula eget dolor. Aenean massa. Cum sociis natoque penatibus et magnis dis parturient montes, nascetur ridiculus mus. Donec quam felis, ultricies nec, pellentesque eu, pretium quis, sem. Nulla consequat massa quis enim. Donec pede justo, fringilla vel, aliquet nec, vulputate eget, arcu. In enim justo, rhoncus ut, imperdiet a, venenatis vitae, justo. Nullam dictum felis eu pede mollis pretium. Integer tincidunt. Cras dapibus. Vivamus elementum semper nisi. Aenean vulputate eleifend tellus. Aenean leo ligula, porttitor eu, consequat vitae, eleifend ac, enim. Aliquam lorem ante, dapibus in, viverra quis, feugiat a, tellus. Phasellus viverra nulla ut metus varius laoreet. Quisque rutrum. Aenean imperdiet. Etiam ultricies nisi vel augue. Curabitur ullamcorper ultricies nisi. Nam eget dui. Etiam rhoncus. Maecenas tempus, tellus eget condimentum rhoncus, sem quam semper libero, sit amet adipiscing sem neque sed ipsum. Nam quam nunc, blandit vel, luctus pulvinar, hendrerit id, lorem. Maecenas nec odio et ante tincidunt tempus. Donec vitae sapien ut libero venenatis faucibus. Nullam quis ante. Etiam sit amet orci eget eros faucibus tincidunt. Duis leo. Sed fringilla mauris sit amet nibh. Donec sodales sagittis magna. Sed consequat, leo eget bibendum sodales, augue velit cursus nunc, quis gravida magna mi a libero. Fusce vulputate eleifend sapien. Vestibulum purus quam, scelerisque ut, mollis sed, nonummy id, metus. Nullam accumsan lorem in dui. Cras ultricies mi eu turpis hendrerit fringilla. Vestibulum ante ipsum primis in faucibus orci luctus et ultrices posuere cubilia Curae; In ac dui quis mi consectetuer lacinia. Nam pretium turpis et arcu. Duis arcu tortor, suscipit eget, imperdiet nec, imperdiet iaculis, ipsum. Sed aliquam ultrices mauris. Integer ante arcu, accumsan a, consectetuer eget, posuere ut, mauris. Praesent adipiscing. Phasellus ullamcorper ipsum rutrum nunc. Nunc nonummy metus. Vestibulum volutpat pretium libero. Cras id dui. Aenean ut eros et nisl sagittis vestibulum. Nullam nulla eros, ultricies sit amet, nonummy id, imperdiet feugiat, pede. Sed lectus. Donec mollis hendrerit risus. Phasellus nec sem in justo pellentesque facilisis. Etiam imperdiet imperdiet orci. Nunc nec neque. Phasellus leo dolor, tempus non, auctor et, hendrerit quis, nisi. Curabitur ligula sapien, tincidunt non, euismod vitae, posuere imperdiet, leo. Maecenas malesuada. Praesent congue erat at massa. Sed cursus turpis vitae tortor. Donec posuere vulputate arcu. Phasellus accumsan cursus velit. Vestibulum ante ipsum primis in faucibus orci luctus et ultrices posuere cubilia Curae; Sed aliquam, nisi quis porttitor congue, elit erat euismod orci, ac placerat dolor lectus quis orci. Phasellus consectetuer vestibulum elit. Aenean tellus metus, bibendum sed, posuere ac, mattis non, nunc. Vestibulum fringilla pede sit amet augue. In turpis. Pellentesque posuere. Praesent turpis. Aenean posuere, tortor sed cursus feugiat, nunc augue blandit nunc, eu sollicitudin urna dolor sagittis lacus. Donec elit libero, sodales nec, volutpat a, suscipit non, turpis. Nullam sagittis. Suspendisse pulvinar, augue ac venenatis condimentum, sem libero volutpat nibh, nec pellentesque velit pede quis nunc. Vestibulum ante ipsum primis in faucibus orci luctus et ultrices posuere cubilia Curae; Fusce id purus. Ut varius tincidunt libero. Phasellus dolor. Maecenas vestibulum mollis diam. Pellentesque ut neque. Pellentesque habitant morbi tristique senectus et netus et malesuada fames ac turpis egestas. In dui magna, posuere eget, vestibulum et, tempor auctor, justo. In ac felis quis tortor malesuada pretium. Pellentesque auctor neque nec urna. Proin sapien ipsum, porta a, auctor quis, euismod ut, mi. Aenean viverra rhoncus pede. Pellentesque habitant morbi tristique senectus et netus et malesuada fames ac turpis egestas. Ut non enim eleifend felis pretium feugiat. Vivamus quis mi. Phasellus a est. Phasellus magna. In hac habitasse platea dictumst. Curabitur at lacus ac velit ornare lobortis. Curabitur a felis in nunc fringilla tristique. Morbi mattis ullamcorper velit. Phasellus gravida semper nisi. Nullam vel sem. Pellentesque libero tortor, tincidunt et, tincidunt eget, semper nec, quam. Sed hendrerit. Morbi ac felis. Nunc egestas, augue at pellentesque laoreet, felis eros vehicula leo, at malesuada velit leo quis pede. Donec interdum, metus et hendrerit aliquet, dolor diam sagittis ligula, eget egestas libero turpis vel mi. Nunc nulla. Fusce risus nisl, viverra et, tempor et, pretium in, sapien. Donec venenatis vulputate lorem. Morbi nec metus. Phasellus blandit leo ut odio. Maecenas ullamcorper, dui et placerat feugiat, eros pede varius nisi, condimentum viverra felis nunc et lorem. Sed magna purus, fermentum eu, tincidunt eu, varius ut, felis. In auctor lobortis lacus. Quisque libero metus, condimentum nec, tempor a, commodo mollis, magna. Vestibulum ullamcorper mauris at ligula. Fusce fermentum. Nullam cursus lacinia erat. Praesent blandit laoreet nibh. Fusce convallis metus id felis luctus adipiscing. Pellentesque egestas, neque sit amet convallis pulvinar, justo nulla eleifend augue, ac auctor orci leo non est. Quisque id mi. Ut tincidunt tincidunt erat. Etiam feugiat lorem non metus. Vestibulum dapibus nunc ac augue. Curabitur vestibulum aliquam leo. Praesent egestas neque eu enim. In hac habitasse platea dictumst. Fusce a quam. Etiam ut purus mattis mauris sodales aliquam. Curabitur nisi. Quisque malesuada placerat nisl. Nam ipsum risus, rutrum vitae, vestibulum eu, molestie vel, lacus. Sed augue ipsum, egestas nec, vestibulum et, malesuada adipiscing, dui. Vestibulum facilisis, purus nec pulvinar iaculis, ligula mi congue nunc, vitae euismod ligula urna in dolor. Mauris sollicitudin fermentum libero. Praesent nonummy mi in odio. Nunc interdum lacus sit amet orci. Vestibulum rutrum, mi nec elementum vehicula, eros quam gravida nisl, id fringilla neque ante vel mi. Morbi mollis tellus ac sapien. Phasellus volutpat, metus eget egestas mollis, lacus lacus blandit dui, id egestas quam mauris ut lacus. Fusce vel dui. Sed in libero ut nibh placerat accumsan. Proin faucibus arcu quis ante. In consectetuer turpis ut velit. Nulla sit amet est. Praesent metus tellus, elementum eu, semper a, adipiscing nec, purus. Cras risus ipsum, faucibus ut, ullamcorper id, varius ac, leo. Suspendisse feugiat. Suspendisse enim turpis, dictum sed, iaculis a, condimentum nec, nisi. Praesent nec nisl a purus blandit viverra. Praesent ac massa at ligula laoreet iaculis. Nulla neque dolor, sagittis eget, iaculis quis, molestie non, velit. Mauris turpis nunc, blandit et, volutpat molestie, porta ut, ligula. Fusce pharetra convallis urna. Quisque ut nisi. Donec mi odio, faucibus at, scelerisque quis, convallis in, nisi. Suspendisse non nisl sit amet velit hendrerit rutrum. Ut leo. Ut a nisl id ante tempus hendrerit. Proin pretium, leo ac pellentesque mollis, felis nunc ultrices eros, sed gravida augue augue mollis justo. Suspendisse eu ligula. Nulla facilisi. Donec id justo. Praesent porttitor, nulla vitae posuere iaculis, arcu nisl dignissim dolor, a pretium mi sem ut ipsum. Curabitur suscipit suscipit tellus. Praesent vestibulum dapibus nibh. Etiam iaculis nunc ac metus. Ut id nisl quis enim dignissim sagittis. Etiam sollicitudin, ipsum eu pulvinar rutrum, tellus ipsum laoreet sapien, quis venenatis ante odio sit amet eros. Proin magna. Duis vel nibh at velit scelerisque suscipit. Curabitur turpis. Vestibulum suscipit nulla quis orci. Fusce ac felis sit amet ligula pharetra condimentum. Maecenas egestas arcu quis ligula mattis placerat. Duis lobortis massa imperdiet quam. Suspendisse potenti. Pellentesque commodo eros a enim. Vestibulum turpis sem, aliquet eget, lobortis pellentesque, rutrum eu, nisl. Sed libero. Aliquam erat volutpat. Etiam vitae tortor. Morbi vestibulum volutpat enim. Aliquam eu nunc. Nunc sed turpis. Sed mollis, eros et ultrices tempus, mauris ipsum aliquam libero, non adipiscing dolor urna a orci. Nulla porta dolor. Class aptent taciti sociosqu ad litora torquent per conubia nostra, per inceptos hymenaeos. Pellentesque dapibus hendrerit tortor. Praesent egestas tristique nibh. Sed a libero. Cras varius. Donec vitae orci sed dolor rutrum auctor. Fusce egestas elit eget lorem. Suspendisse nisl elit, rhoncus eget, elementum ac, condimentum eget, diam. Nam at tortor in tellus interdum sagittis. Aliquam lobortis. Donec orci lectus, aliquam ut, faucibus non, euismod id, nulla. Curabitur blandit mollis lacus. Nam adipiscing. Vestibulum eu odio. Vivamus laoreet. Nullam tincidunt adipiscing enim. Phasellus tempus. Proin viverra, ligula sit amet ultrices semper, ligula arcu tristique sapien, a accumsan nisi mauris ac eros. Fusce neque. Suspendisse faucibus, nunc et pellentesque egestas, lacus ante convallis tellus, vitae iaculis lacus elit id tortor. Vivamus aliquet elit ac nisl. Fusce fermentum odio nec arcu. Vivamus euismod mauris. In ut quam vitae odio lacinia tincidunt. Praesent ut ligula non mi varius sagittis. Cras sagittis. Praesent ac sem eget est egestas volutpat. Vivamus consectetuer hendrerit lacus. Cras non dolor. Vivamus in erat ut urna cursus vestibulum. Fusce commodo aliquam arcu. Nam commodo suscipit quam. Quisque id odio. Praesent venenatis metus at tortor pulvinar varius. Lorem ipsum dolor sit amet, consectetuer adipiscing elit. Aenean commodo ligula eget dolor. Aenean massa. Cum sociis natoque penatibus et magnis dis parturient montes, nascetur ridiculus mus. Donec quam felis, ultricies nec, pellentesque eu, pretium quis, sem. Nulla consequat massa quis enim. Donec pede justo, fringilla vel, aliquet nec, vulputate eget, arcu. In enim justo, rhoncus ut, imperdiet a, venenatis vitae, justo. Nullam dictum felis eu pede mollis pretium. Integer tincidunt. Cras dapibus. Vivamus elementum semper nisi. Aenean vulputate eleifend tellus. Aenean leo ligula, porttitor eu, consequat vita',42.50,'GSL1','Gamecube,Switch,Wii U,Wii',12),('GSCTY-13',5,'',8,'2025-11-01','',42.50,'Go3','',13),('GSCTY-14',5,'',2,'2025-11-01','Lorem ipsum dolor sit amet, consectetuer adipiscing elit. Aenean commodo ligula eget dolor. Aenean massa. Cum sociis natoque penatibus et magnis dis parturient montes, nascetur ridiculus mus. Donec quam felis, ultricies nec, pellentesque eu, pretium quis, sem. Nulla consequat massa quis enim. Donec pede justo, fringilla vel, aliquet nec, vulputate eget, arcu. In enim justo, rhoncus ut, imperdiet a, venenatis vitae, justo. Nullam dictum felis eu pede mollis pretium. Integer tincidunt. Cras dapibus. Vivamus elementum semper nisi. Aenean vulputate eleifend tellus. Aenean leo ligula, porttitor eu, consequat vitae, eleifend ac, enim. Aliquam lorem ante, dapibus in, viverra quis, feugiat a, tellus. Phasellus viverra nulla ut metus varius laoreet. Quisque rutrum. Aenean imperdiet. Etiam ultricies nisi vel augue. Curabitur ullamcorper ultricies nisi. Nam eget dui. Etiam rhoncus. Maecenas tempus, tellus eget condimentum rhoncus, sem quam semper libero, sit amet adipiscing sem neque sed ipsum. Nam quam nunc, blandit vel, luctus pulvinar, hendrerit id, lorem. Maecenas nec odio et ante tincidunt tempus. Donec vitae sapien ut libero venenatis faucibus. Nullam quis ante. Etiam sit amet orci eget eros faucibus tincidunt. Duis leo. Sed fringilla mauris sit amet nibh. Donec sodales sagittis magna. Sed consequat, leo eget bibendum sodales, augue velit cursus nunc, quis gravida magna mi a libero. Fusce vulputate eleifend sapien. Vestibulum purus quam, scelerisque ut, mollis sed, nonummy id, metus. Nullam accumsan lorem in dui. Cras ultricies mi eu turpis hendrerit fringilla. Vestibulum ante ipsum primis in faucibus orci luctus et ultrices posuere cubilia Curae; In ac dui quis mi consectetuer lacinia. Nam pretium turpis et arcu. Duis arcu tortor, suscipit eget, imperdiet nec, imperdiet iaculis, ipsum. Sed aliquam ultrices mauris. Integer ante arcu, accumsan a, consectetuer eget, posuere ut, mauris. Praesent adipiscing. Phasellus ullamcorper ipsum rutrum nunc. Nunc nonummy metus. Vestibulum volutpat pretium libero. Cras id dui. Aenean ut eros et nisl sagittis vestibulum. Nullam nulla eros, ultricies sit amet, nonummy id, imperdiet feugiat, pede. Sed lectus. Donec mollis hendrerit risus. Phasellus nec sem in justo pellentesque facilisis. Etiam imperdiet imperdiet orci. Nunc nec neque. Phasellus leo dolor, tempus non, auctor et, hendrerit quis, nisi. Curabitur ligula sapien, tincidunt non, euismod vitae, posuere imperdiet, leo. Maecenas malesuada. Praesent congue erat at massa. Sed cursus turpis vitae tortor. Donec posuere vulputate arcu. Phasellus accumsan cursus velit. Vestibulum ante ipsum primis in faucibus orci luctus et ultrices posuere cubilia Curae; Sed aliquam, nisi quis porttitor congue, elit erat euismod orci, ac placerat dolor lectus quis orci. Phasellus consectetuer vestibulum elit. Aenean tellus metus, bibendum sed, posuere ac, mattis non, nunc. Vestibulum fringilla pede sit amet augue. In turpis. Pellentesque posuere. Praesent turpis. Aenean posuere, tortor sed cursus feugiat, nunc augue blandit nunc, eu sollicitudin urna dolor sagittis lacus. Donec elit libero, sodales nec, volutpat a, suscipit non, turpis. Nullam sagittis. Suspendisse pulvinar, augue ac venenatis condimentum, sem libero volutpat nibh, nec pellentesque velit pede quis nunc. Vestibulum ante ipsum primis in faucibus orci luctus et ultrices posuere cubilia Curae; Fusce id purus. Ut varius tincidunt libero. Phasellus dolor. Maecenas vestibulum mollis diam. Pellentesque ut neque. Pellentesque habitant morbi tristique senectus et netus et malesuada fames ac turpis egestas. In dui magna, posuere eget, vestibulum et, tempor auctor, justo. In ac felis quis tortor malesuada pretium. Pellentesque auctor neque nec urna. Proin sapien ipsum, porta a, auctor quis, euismod ut, mi. Aenean viverra rhoncus pede. Pellentesque habitant morbi tristique senectus et netus et malesuada fames ac turpis egestas. Ut non enim eleifend felis pretium feugiat. Vivamus quis mi. Phasellus a est. Phasellus magna. In hac habitasse platea dictumst. Curabitur at lacus ac velit ornare lobortis. Curabitur a felis in nunc fringilla tristique. Morbi mattis ullamcorper velit. Phasellus gravida semper nisi. Nullam vel sem. Pellentesque libero tortor, tincidunt et, tincidunt eget, semper nec, quam. Sed hendrerit. Morbi ac felis. Nunc egestas, augue at pellentesque laoreet, felis eros vehicula leo, at malesuada velit leo quis pede. Donec interdum, metus et hendrerit aliquet, dolor diam sagittis ligula, eget egestas libero turpis vel mi. Nunc nulla. Fusce risus nisl, viverra et, tempor et, pretium in, sapien. Donec venenatis vulputate lorem. Morbi nec metus. Phasellus blandit leo ut odio. Maecenas ullamcorper, dui et placerat feugiat, eros pede varius nisi, condimentum viverra felis nunc et lorem. Sed magna purus, fermentum eu, tincidunt eu, varius ut, felis. In auctor lobortis lacus. Quisque libero metus, condimentum nec, tempor a, commodo mollis, magna. Vestibulum ullamcorper mauris at ligula. Fusce fermentum. Nullam cursus lacinia erat. Praesent blandit laoreet nibh. Fusce convallis metus id felis luctus adipiscing. Pellentesque egestas, neque sit amet convallis pulvinar, justo nulla eleifend augue, ac auctor orci leo non est. Quisque id mi. Ut tincidunt tincidunt erat. Etiam feugiat lorem non metus. Vestibulum dapibus nunc ac augue. Curabitur vestibulum aliquam leo. Praesent egestas neque eu enim. In hac habitasse platea dictumst. Fusce a quam. Etiam ut purus mattis mauris sodales aliquam. Curabitur nisi. Quisque malesuada placerat nisl. Nam ipsum risus, rutrum vitae, vestibulum eu, molestie vel, lacus. Sed augue ipsum, egestas nec, vestibulum et, malesuada adipiscing, dui. Vestibulum facilisis, purus nec pulvinar iaculis, ligula mi congue nunc, vitae euismod ligula urna in dolor. Mauris sollicitudin fermentum libero. Praesent nonummy mi in odio. Nunc interdum lacus sit amet orci. Vestibulum rutrum, mi nec elementum vehicula, eros quam gravida nisl, id fringilla neque ante vel mi. Morbi mollis tellus ac sapien. Phasellus volutpat, metus eget egestas mollis, lacus lacus blandit dui, id egestas quam mauris ut lacus. Fusce vel dui. Sed in libero ut nibh placerat accumsan. Proin faucibus arcu quis ante. In consectetuer turpis ut velit. Nulla sit amet est. Praesent metus tellus, elementum eu, semper a, adipiscing nec, purus. Cras risus ipsum, faucibus ut, ullamcorper id, varius ac, leo. Suspendisse feugiat. Suspendisse enim turpis, dictum sed, iaculis a, condimentum nec, nisi. Praesent nec nisl a purus blandit viverra. Praesent ac massa at ligula laoreet iaculis. Nulla neque dolor, sagittis eget, iaculis quis, molestie non, velit. Mauris turpis nunc, blandit et, volutpat molestie, porta ut, ligula. Fusce pharetra convallis urna. Quisque ut nisi. Donec mi odio, faucibus at, scelerisque quis, convallis in, nisi. Suspendisse non nisl sit amet velit hendrerit rutrum. Ut leo. Ut a nisl id ante tempus hendrerit. Proin pretium, leo ac pellentesque mollis, felis nunc ultrices eros, sed gravida augue augue mollis justo. Suspendisse eu ligula. Nulla facilisi. Donec id justo. Praesent porttitor, nulla vitae posuere iaculis, arcu nisl dignissim dolor, a pretium mi sem ut ipsum. Curabitur suscipit suscipit tellus. Praesent vestibulum dapibus nibh. Etiam iaculis nunc ac metus. Ut id nisl quis enim dignissim sagittis. Etiam sollicitudin, ipsum eu pulvinar rutrum, tellus ipsum laoreet sapien, quis venenatis ante odio sit amet eros. Proin magna. Duis vel nibh at velit scelerisque suscipit. Curabitur turpis. Vestibulum suscipit nulla quis orci. Fusce ac felis sit amet ligula pharetra condimentum. Maecenas egestas arcu quis ligula mattis placerat. Duis lobortis massa imperdiet quam. Suspendisse potenti. Pellentesque commodo eros a enim. Vestibulum turpis sem, aliquet eget, lobortis pellentesque, rutrum eu, nisl. Sed libero. Aliquam erat volutpat. Etiam vitae tortor. Morbi vestibulum volutpat enim. Aliquam eu nunc. Nunc sed turpis. Sed mollis, eros et ultrices tempus, mauris ipsum aliquam libero, non adipiscing dolor urna a orci. Nulla porta dolor. Class aptent taciti sociosqu ad litora torquent per conubia nostra, per inceptos hymenaeos. Pellentesque dapibus hendrerit tortor. Praesent egestas tristique nibh. Sed a libero. Cras varius. Donec vitae orci sed dolor rutrum auctor. Fusce egestas elit eget lorem. Suspendisse nisl elit, rhoncus eget, elementum ac, condimentum eget, diam. Nam at tortor in tellus interdum sagittis. Aliquam lobortis. Donec orci lectus, aliquam ut, faucibus non, euismod id, nulla. Curabitur blandit mollis lacus. Nam adipiscing. Vestibulum eu odio. Vivamus laoreet. Nullam tincidunt adipiscing enim. Phasellus tempus. Proin viverra, ligula sit amet ultrices semper, ligula arcu tristique sapien, a accumsan nisi mauris ac eros. Fusce neque. Suspendisse faucibus, nunc et pellentesque egestas, lacus ante convallis tellus, vitae iaculis lacus elit id tortor. Vivamus aliquet elit ac nisl. Fusce fermentum odio nec arcu. Vivamus euismod mauris. In ut quam vitae odio lacinia tincidunt. Praesent ut ligula non mi varius sagittis. Cras sagittis. Praesent ac sem eget est egestas volutpat. Vivamus consectetuer hendrerit lacus. Cras non dolor. Vivamus in erat ut urna cursus vestibulum. Fusce commodo aliquam arcu. Nam commodo suscipit quam. Quisque id odio. Praesent venenatis metus at tortor pulvinar varius. Lorem ipsum dolor sit amet, consectetuer adipiscing elit. Aenean commodo ligula eget dolor. Aenean massa. Cum sociis natoque penatibus et magnis dis parturient montes, nascetur ridiculus mus. Donec quam felis, ultricies nec, pellentesque eu, pretium quis, sem. Nulla consequat massa quis enim. Donec pede justo, fringilla vel, aliquet nec, vulputate eget, arcu. In enim justo, rhoncus ut, imperdiet a, venenatis vitae, justo. Nullam dictum felis eu pede mollis pretium. Integer tincidunt. Cras dapibus. Vivamus elementum semper nisi. Aenean vulputate eleifend tellus. Aenean leo ligula, porttitor eu, consequat vita',42.50,'GSL1','Gamecube,Switch,Wii U,Wii',14),('GSCTY-15',5,'',2,'2025-11-01','',42.50,'Go3','',15),('GSCTY-6',5,'',2,'2025-11-01','Lorem ipsum dolor sit amet, consectetuer adipiscing elit. Aenean commodo ligula eget dolor. Aenean massa. Cum sociis natoque penatibus et magnis dis parturient montes, nascetur ridiculus mus. Donec quam felis, ultricies nec, pellentesque eu, pretium quis, sem. Nulla consequat massa quis enim. Donec pede justo, fringilla vel, aliquet nec, vulputate eget, arcu. In enim justo, rhoncus ut, imperdiet a, venenatis vitae, justo. Nullam dictum felis eu pede mollis pretium. Integer tincidunt. Cras dapibus. Vivamus elementum semper nisi. Aenean vulputate eleifend tellus. Aenean leo ligula, porttitor eu, consequat vitae, eleifend ac, enim. Aliquam lorem ante, dapibus in, viverra quis, feugiat a, tellus. Phasellus viverra nulla ut metus varius laoreet. Quisque rutrum. Aenean imperdiet. Etiam ultricies nisi vel augue. Curabitur ullamcorper ultricies nisi. Nam eget dui. Etiam rhoncus. Maecenas tempus, tellus eget condimentum rhoncus, sem quam semper libero, sit amet adipiscing sem neque sed ipsum. Nam quam nunc, blandit vel, luctus pulvinar, hendrerit id, lorem. Maecenas nec odio et ante tincidunt tempus. Donec vitae sapien ut libero venenatis faucibus. Nullam quis ante. Etiam sit amet orci eget eros faucibus tincidunt. Duis leo. Sed fringilla mauris sit amet nibh. Donec sodales sagittis magna. Sed consequat, leo eget bibendum sodales, augue velit cursus nunc, quis gravida magna mi a libero. Fusce vulputate eleifend sapien. Vestibulum purus quam, scelerisque ut, mollis sed, nonummy id, metus. Nullam accumsan lorem in dui. Cras ultricies mi eu turpis hendrerit fringilla. Vestibulum ante ipsum primis in faucibus orci luctus et ultrices posuere cubilia Curae; In ac dui quis mi consectetuer lacinia. Nam pretium turpis et arcu. Duis arcu tortor, suscipit eget, imperdiet nec, imperdiet iaculis, ipsum. Sed aliquam ultrices mauris. Integer ante arcu, accumsan a, consectetuer eget, posuere ut, mauris. Praesent adipiscing. Phasellus ullamcorper ipsum rutrum nunc. Nunc nonummy metus. Vestibulum volutpat pretium libero. Cras id dui. Aenean ut eros et nisl sagittis vestibulum. Nullam nulla eros, ultricies sit amet, nonummy id, imperdiet feugiat, pede. Sed lectus. Donec mollis hendrerit risus. Phasellus nec sem in justo pellentesque facilisis. Etiam imperdiet imperdiet orci. Nunc nec neque. Phasellus leo dolor, tempus non, auctor et, hendrerit quis, nisi. Curabitur ligula sapien, tincidunt non, euismod vitae, posuere imperdiet, leo. Maecenas malesuada. Praesent congue erat at massa. Sed cursus turpis vitae tortor. Donec posuere vulputate arcu. Phasellus accumsan cursus velit. Vestibulum ante ipsum primis in faucibus orci luctus et ultrices posuere cubilia Curae; Sed aliquam, nisi quis porttitor congue, elit erat euismod orci, ac placerat dolor lectus quis orci. Phasellus consectetuer vestibulum elit. Aenean tellus metus, bibendum sed, posuere ac, mattis non, nunc. Vestibulum fringilla pede sit amet augue. In turpis. Pellentesque posuere. Praesent turpis. Aenean posuere, tortor sed cursus feugiat, nunc augue blandit nunc, eu sollicitudin urna dolor sagittis lacus. Donec elit libero, sodales nec, volutpat a, suscipit non, turpis. Nullam sagittis. Suspendisse pulvinar, augue ac venenatis condimentum, sem libero volutpat nibh, nec pellentesque velit pede quis nunc. Vestibulum ante ipsum primis in faucibus orci luctus et ultrices posuere cubilia Curae; Fusce id purus. Ut varius tincidunt libero. Phasellus dolor. Maecenas vestibulum mollis diam. Pellentesque ut neque. Pellentesque habitant morbi tristique senectus et netus et malesuada fames ac turpis egestas. In dui magna, posuere eget, vestibulum et, tempor auctor, justo. In ac felis quis tortor malesuada pretium. Pellentesque auctor neque nec urna. Proin sapien ipsum, porta a, auctor quis, euismod ut, mi. Aenean viverra rhoncus pede. Pellentesque habitant morbi tristique senectus et netus et malesuada fames ac turpis egestas. Ut non enim eleifend felis pretium feugiat. Vivamus quis mi. Phasellus a est. Phasellus magna. In hac habitasse platea dictumst. Curabitur at lacus ac velit ornare lobortis. Curabitur a felis in nunc fringilla tristique. Morbi mattis ullamcorper velit. Phasellus gravida semper nisi. Nullam vel sem. Pellentesque libero tortor, tincidunt et, tincidunt eget, semper nec, quam. Sed hendrerit. Morbi ac felis. Nunc egestas, augue at pellentesque laoreet, felis eros vehicula leo, at malesuada velit leo quis pede. Donec interdum, metus et hendrerit aliquet, dolor diam sagittis ligula, eget egestas libero turpis vel mi. Nunc nulla. Fusce risus nisl, viverra et, tempor et, pretium in, sapien. Donec venenatis vulputate lorem. Morbi nec metus. Phasellus blandit leo ut odio. Maecenas ullamcorper, dui et placerat feugiat, eros pede varius nisi, condimentum viverra felis nunc et lorem. Sed magna purus, fermentum eu, tincidunt eu, varius ut, felis. In auctor lobortis lacus. Quisque libero metus, condimentum nec, tempor a, commodo mollis, magna. Vestibulum ullamcorper mauris at ligula. Fusce fermentum. Nullam cursus lacinia erat. Praesent blandit laoreet nibh. Fusce convallis metus id felis luctus adipiscing. Pellentesque egestas, neque sit amet convallis pulvinar, justo nulla eleifend augue, ac auctor orci leo non est. Quisque id mi. Ut tincidunt tincidunt erat. Etiam feugiat lorem non metus. Vestibulum dapibus nunc ac augue. Curabitur vestibulum aliquam leo. Praesent egestas neque eu enim. In hac habitasse platea dictumst. Fusce a quam. Etiam ut purus mattis mauris sodales aliquam. Curabitur nisi. Quisque malesuada placerat nisl. Nam ipsum risus, rutrum vitae, vestibulum eu, molestie vel, lacus. Sed augue ipsum, egestas nec, vestibulum et, malesuada adipiscing, dui. Vestibulum facilisis, purus nec pulvinar iaculis, ligula mi congue nunc, vitae euismod ligula urna in dolor. Mauris sollicitudin fermentum libero. Praesent nonummy mi in odio. Nunc interdum lacus sit amet orci. Vestibulum rutrum, mi nec elementum vehicula, eros quam gravida nisl, id fringilla neque ante vel mi. Morbi mollis tellus ac sapien. Phasellus volutpat, metus eget egestas mollis, lacus lacus blandit dui, id egestas quam mauris ut lacus. Fusce vel dui. Sed in libero ut nibh placerat accumsan. Proin faucibus arcu quis ante. In consectetuer turpis ut velit. Nulla sit amet est. Praesent metus tellus, elementum eu, semper a, adipiscing nec, purus. Cras risus ipsum, faucibus ut, ullamcorper id, varius ac, leo. Suspendisse feugiat. Suspendisse enim turpis, dictum sed, iaculis a, condimentum nec, nisi. Praesent nec nisl a purus blandit viverra. Praesent ac massa at ligula laoreet iaculis. Nulla neque dolor, sagittis eget, iaculis quis, molestie non, velit. Mauris turpis nunc, blandit et, volutpat molestie, porta ut, ligula. Fusce pharetra convallis urna. Quisque ut nisi. Donec mi odio, faucibus at, scelerisque quis, convallis in, nisi. Suspendisse non nisl sit amet velit hendrerit rutrum. Ut leo. Ut a nisl id ante tempus hendrerit. Proin pretium, leo ac pellentesque mollis, felis nunc ultrices eros, sed gravida augue augue mollis justo. Suspendisse eu ligula. Nulla facilisi. Donec id justo. Praesent porttitor, nulla vitae posuere iaculis, arcu nisl dignissim dolor, a pretium mi sem ut ipsum. Curabitur suscipit suscipit tellus. Praesent vestibulum dapibus nibh. Etiam iaculis nunc ac metus. Ut id nisl quis enim dignissim sagittis. Etiam sollicitudin, ipsum eu pulvinar rutrum, tellus ipsum laoreet sapien, quis venenatis ante odio sit amet eros. Proin magna. Duis vel nibh at velit scelerisque suscipit. Curabitur turpis. Vestibulum suscipit nulla quis orci. Fusce ac felis sit amet ligula pharetra condimentum. Maecenas egestas arcu quis ligula mattis placerat. Duis lobortis massa imperdiet quam. Suspendisse potenti. Pellentesque commodo eros a enim. Vestibulum turpis sem, aliquet eget, lobortis pellentesque, rutrum eu, nisl. Sed libero. Aliquam erat volutpat. Etiam vitae tortor. Morbi vestibulum volutpat enim. Aliquam eu nunc. Nunc sed turpis. Sed mollis, eros et ultrices tempus, mauris ipsum aliquam libero, non adipiscing dolor urna a orci. Nulla porta dolor. Class aptent taciti sociosqu ad litora torquent per conubia nostra, per inceptos hymenaeos. Pellentesque dapibus hendrerit tortor. Praesent egestas tristique nibh. Sed a libero. Cras varius. Donec vitae orci sed dolor rutrum auctor. Fusce egestas elit eget lorem. Suspendisse nisl elit, rhoncus eget, elementum ac, condimentum eget, diam. Nam at tortor in tellus interdum sagittis. Aliquam lobortis. Donec orci lectus, aliquam ut, faucibus non, euismod id, nulla. Curabitur blandit mollis lacus. Nam adipiscing. Vestibulum eu odio. Vivamus laoreet. Nullam tincidunt adipiscing enim. Phasellus tempus. Proin viverra, ligula sit amet ultrices semper, ligula arcu tristique sapien, a accumsan nisi mauris ac eros. Fusce neque. Suspendisse faucibus, nunc et pellentesque egestas, lacus ante convallis tellus, vitae iaculis lacus elit id tortor. Vivamus aliquet elit ac nisl. Fusce fermentum odio nec arcu. Vivamus euismod mauris. In ut quam vitae odio lacinia tincidunt. Praesent ut ligula non mi varius sagittis. Cras sagittis. Praesent ac sem eget est egestas volutpat. Vivamus consectetuer hendrerit lacus. Cras non dolor. Vivamus in erat ut urna cursus vestibulum. Fusce commodo aliquam arcu. Nam commodo suscipit quam. Quisque id odio. Praesent venenatis metus at tortor pulvinar varius. Lorem ipsum dolor sit amet, consectetuer adipiscing elit. Aenean commodo ligula eget dolor. Aenean massa. Cum sociis natoque penatibus et magnis dis parturient montes, nascetur ridiculus mus. Donec quam felis, ultricies nec, pellentesque eu, pretium quis, sem. Nulla consequat massa quis enim. Donec pede justo, fringilla vel, aliquet nec, vulputate eget, arcu. In enim justo, rhoncus ut, imperdiet a, venenatis vitae, justo. Nullam dictum felis eu pede mollis pretium. Integer tincidunt. Cras dapibus. Vivamus elementum semper nisi. Aenean vulputate eleifend tellus. Aenean leo ligula, porttitor eu, consequat vita',42.50,'GSL1','Gamecube,Switch,Wii U,Wii',6),('GSCTY-7',5,'',2,'2025-11-01','',42.50,'Go3','null',7),('GSCTY-8',5,'',2,'2025-11-01','Lorem ipsum dolor sit amet, consectetuer adipiscing elit. Aenean commodo ligula eget dolor. Aenean massa. Cum sociis natoque penatibus et magnis dis parturient montes, nascetur ridiculus mus. Donec quam felis, ultricies nec, pellentesque eu, pretium quis, sem. Nulla consequat massa quis enim. Donec pede justo, fringilla vel, aliquet nec, vulputate eget, arcu. In enim justo, rhoncus ut, imperdiet a, venenatis vitae, justo. Nullam dictum felis eu pede mollis pretium. Integer tincidunt. Cras dapibus. Vivamus elementum semper nisi. Aenean vulputate eleifend tellus. Aenean leo ligula, porttitor eu, consequat vitae, eleifend ac, enim. Aliquam lorem ante, dapibus in, viverra quis, feugiat a, tellus. Phasellus viverra nulla ut metus varius laoreet. Quisque rutrum. Aenean imperdiet. Etiam ultricies nisi vel augue. Curabitur ullamcorper ultricies nisi. Nam eget dui. Etiam rhoncus. Maecenas tempus, tellus eget condimentum rhoncus, sem quam semper libero, sit amet adipiscing sem neque sed ipsum. Nam quam nunc, blandit vel, luctus pulvinar, hendrerit id, lorem. Maecenas nec odio et ante tincidunt tempus. Donec vitae sapien ut libero venenatis faucibus. Nullam quis ante. Etiam sit amet orci eget eros faucibus tincidunt. Duis leo. Sed fringilla mauris sit amet nibh. Donec sodales sagittis magna. Sed consequat, leo eget bibendum sodales, augue velit cursus nunc, quis gravida magna mi a libero. Fusce vulputate eleifend sapien. Vestibulum purus quam, scelerisque ut, mollis sed, nonummy id, metus. Nullam accumsan lorem in dui. Cras ultricies mi eu turpis hendrerit fringilla. Vestibulum ante ipsum primis in faucibus orci luctus et ultrices posuere cubilia Curae; In ac dui quis mi consectetuer lacinia. Nam pretium turpis et arcu. Duis arcu tortor, suscipit eget, imperdiet nec, imperdiet iaculis, ipsum. Sed aliquam ultrices mauris. Integer ante arcu, accumsan a, consectetuer eget, posuere ut, mauris. Praesent adipiscing. Phasellus ullamcorper ipsum rutrum nunc. Nunc nonummy metus. Vestibulum volutpat pretium libero. Cras id dui. Aenean ut eros et nisl sagittis vestibulum. Nullam nulla eros, ultricies sit amet, nonummy id, imperdiet feugiat, pede. Sed lectus. Donec mollis hendrerit risus. Phasellus nec sem in justo pellentesque facilisis. Etiam imperdiet imperdiet orci. Nunc nec neque. Phasellus leo dolor, tempus non, auctor et, hendrerit quis, nisi. Curabitur ligula sapien, tincidunt non, euismod vitae, posuere imperdiet, leo. Maecenas malesuada. Praesent congue erat at massa. Sed cursus turpis vitae tortor. Donec posuere vulputate arcu. Phasellus accumsan cursus velit. Vestibulum ante ipsum primis in faucibus orci luctus et ultrices posuere cubilia Curae; Sed aliquam, nisi quis porttitor congue, elit erat euismod orci, ac placerat dolor lectus quis orci. Phasellus consectetuer vestibulum elit. Aenean tellus metus, bibendum sed, posuere ac, mattis non, nunc. Vestibulum fringilla pede sit amet augue. In turpis. Pellentesque posuere. Praesent turpis. Aenean posuere, tortor sed cursus feugiat, nunc augue blandit nunc, eu sollicitudin urna dolor sagittis lacus. Donec elit libero, sodales nec, volutpat a, suscipit non, turpis. Nullam sagittis. Suspendisse pulvinar, augue ac venenatis condimentum, sem libero volutpat nibh, nec pellentesque velit pede quis nunc. Vestibulum ante ipsum primis in faucibus orci luctus et ultrices posuere cubilia Curae; Fusce id purus. Ut varius tincidunt libero. Phasellus dolor. Maecenas vestibulum mollis diam. Pellentesque ut neque. Pellentesque habitant morbi tristique senectus et netus et malesuada fames ac turpis egestas. In dui magna, posuere eget, vestibulum et, tempor auctor, justo. In ac felis quis tortor malesuada pretium. Pellentesque auctor neque nec urna. Proin sapien ipsum, porta a, auctor quis, euismod ut, mi. Aenean viverra rhoncus pede. Pellentesque habitant morbi tristique senectus et netus et malesuada fames ac turpis egestas. Ut non enim eleifend felis pretium feugiat. Vivamus quis mi. Phasellus a est. Phasellus magna. In hac habitasse platea dictumst. Curabitur at lacus ac velit ornare lobortis. Curabitur a felis in nunc fringilla tristique. Morbi mattis ullamcorper velit. Phasellus gravida semper nisi. Nullam vel sem. Pellentesque libero tortor, tincidunt et, tincidunt eget, semper nec, quam. Sed hendrerit. Morbi ac felis. Nunc egestas, augue at pellentesque laoreet, felis eros vehicula leo, at malesuada velit leo quis pede. Donec interdum, metus et hendrerit aliquet, dolor diam sagittis ligula, eget egestas libero turpis vel mi. Nunc nulla. Fusce risus nisl, viverra et, tempor et, pretium in, sapien. Donec venenatis vulputate lorem. Morbi nec metus. Phasellus blandit leo ut odio. Maecenas ullamcorper, dui et placerat feugiat, eros pede varius nisi, condimentum viverra felis nunc et lorem. Sed magna purus, fermentum eu, tincidunt eu, varius ut, felis. In auctor lobortis lacus. Quisque libero metus, condimentum nec, tempor a, commodo mollis, magna. Vestibulum ullamcorper mauris at ligula. Fusce fermentum. Nullam cursus lacinia erat. Praesent blandit laoreet nibh. Fusce convallis metus id felis luctus adipiscing. Pellentesque egestas, neque sit amet convallis pulvinar, justo nulla eleifend augue, ac auctor orci leo non est. Quisque id mi. Ut tincidunt tincidunt erat. Etiam feugiat lorem non metus. Vestibulum dapibus nunc ac augue. Curabitur vestibulum aliquam leo. Praesent egestas neque eu enim. In hac habitasse platea dictumst. Fusce a quam. Etiam ut purus mattis mauris sodales aliquam. Curabitur nisi. Quisque malesuada placerat nisl. Nam ipsum risus, rutrum vitae, vestibulum eu, molestie vel, lacus. Sed augue ipsum, egestas nec, vestibulum et, malesuada adipiscing, dui. Vestibulum facilisis, purus nec pulvinar iaculis, ligula mi congue nunc, vitae euismod ligula urna in dolor. Mauris sollicitudin fermentum libero. Praesent nonummy mi in odio. Nunc interdum lacus sit amet orci. Vestibulum rutrum, mi nec elementum vehicula, eros quam gravida nisl, id fringilla neque ante vel mi. Morbi mollis tellus ac sapien. Phasellus volutpat, metus eget egestas mollis, lacus lacus blandit dui, id egestas quam mauris ut lacus. Fusce vel dui. Sed in libero ut nibh placerat accumsan. Proin faucibus arcu quis ante. In consectetuer turpis ut velit. Nulla sit amet est. Praesent metus tellus, elementum eu, semper a, adipiscing nec, purus. Cras risus ipsum, faucibus ut, ullamcorper id, varius ac, leo. Suspendisse feugiat. Suspendisse enim turpis, dictum sed, iaculis a, condimentum nec, nisi. Praesent nec nisl a purus blandit viverra. Praesent ac massa at ligula laoreet iaculis. Nulla neque dolor, sagittis eget, iaculis quis, molestie non, velit. Mauris turpis nunc, blandit et, volutpat molestie, porta ut, ligula. Fusce pharetra convallis urna. Quisque ut nisi. Donec mi odio, faucibus at, scelerisque quis, convallis in, nisi. Suspendisse non nisl sit amet velit hendrerit rutrum. Ut leo. Ut a nisl id ante tempus hendrerit. Proin pretium, leo ac pellentesque mollis, felis nunc ultrices eros, sed gravida augue augue mollis justo. Suspendisse eu ligula. Nulla facilisi. Donec id justo. Praesent porttitor, nulla vitae posuere iaculis, arcu nisl dignissim dolor, a pretium mi sem ut ipsum. Curabitur suscipit suscipit tellus. Praesent vestibulum dapibus nibh. Etiam iaculis nunc ac metus. Ut id nisl quis enim dignissim sagittis. Etiam sollicitudin, ipsum eu pulvinar rutrum, tellus ipsum laoreet sapien, quis venenatis ante odio sit amet eros. Proin magna. Duis vel nibh at velit scelerisque suscipit. Curabitur turpis. Vestibulum suscipit nulla quis orci. Fusce ac felis sit amet ligula pharetra condimentum. Maecenas egestas arcu quis ligula mattis placerat. Duis lobortis massa imperdiet quam. Suspendisse potenti. Pellentesque commodo eros a enim. Vestibulum turpis sem, aliquet eget, lobortis pellentesque, rutrum eu, nisl. Sed libero. Aliquam erat volutpat. Etiam vitae tortor. Morbi vestibulum volutpat enim. Aliquam eu nunc. Nunc sed turpis. Sed mollis, eros et ultrices tempus, mauris ipsum aliquam libero, non adipiscing dolor urna a orci. Nulla porta dolor. Class aptent taciti sociosqu ad litora torquent per conubia nostra, per inceptos hymenaeos. Pellentesque dapibus hendrerit tortor. Praesent egestas tristique nibh. Sed a libero. Cras varius. Donec vitae orci sed dolor rutrum auctor. Fusce egestas elit eget lorem. Suspendisse nisl elit, rhoncus eget, elementum ac, condimentum eget, diam. Nam at tortor in tellus interdum sagittis. Aliquam lobortis. Donec orci lectus, aliquam ut, faucibus non, euismod id, nulla. Curabitur blandit mollis lacus. Nam adipiscing. Vestibulum eu odio. Vivamus laoreet. Nullam tincidunt adipiscing enim. Phasellus tempus. Proin viverra, ligula sit amet ultrices semper, ligula arcu tristique sapien, a accumsan nisi mauris ac eros. Fusce neque. Suspendisse faucibus, nunc et pellentesque egestas, lacus ante convallis tellus, vitae iaculis lacus elit id tortor. Vivamus aliquet elit ac nisl. Fusce fermentum odio nec arcu. Vivamus euismod mauris. In ut quam vitae odio lacinia tincidunt. Praesent ut ligula non mi varius sagittis. Cras sagittis. Praesent ac sem eget est egestas volutpat. Vivamus consectetuer hendrerit lacus. Cras non dolor. Vivamus in erat ut urna cursus vestibulum. Fusce commodo aliquam arcu. Nam commodo suscipit quam. Quisque id odio. Praesent venenatis metus at tortor pulvinar varius. Lorem ipsum dolor sit amet, consectetuer adipiscing elit. Aenean commodo ligula eget dolor. Aenean massa. Cum sociis natoque penatibus et magnis dis parturient montes, nascetur ridiculus mus. Donec quam felis, ultricies nec, pellentesque eu, pretium quis, sem. Nulla consequat massa quis enim. Donec pede justo, fringilla vel, aliquet nec, vulputate eget, arcu. In enim justo, rhoncus ut, imperdiet a, venenatis vitae, justo. Nullam dictum felis eu pede mollis pretium. Integer tincidunt. Cras dapibus. Vivamus elementum semper nisi. Aenean vulputate eleifend tellus. Aenean leo ligula, porttitor eu, consequat vita',42.50,'GSL1','Gamecube,Switch,Wii U,Wii',8),('GSCTY-9',5,'',2,'2025-11-01','',42.50,'Go3','',9);
/*!40000 ALTER TABLE `accesoriosbase` ENABLE KEYS */;
UNLOCK TABLES;

--
-- Table structure for table `carritoventas`
--

DROP TABLE IF EXISTS `carritoventas`;
/*!40101 SET @saved_cs_client     = @@character_set_client */;
/*!50503 SET character_set_client = utf8mb4 */;
CREATE TABLE `carritoventas` (
  `IdCarritoPK` int NOT NULL AUTO_INCREMENT,
  `IdUsuarioFK` int NOT NULL,
  `IdClienteFK` int DEFAULT NULL,
  `FechaCreacion` timestamp NULL DEFAULT CURRENT_TIMESTAMP,
  `Comentario` varchar(10000) DEFAULT NULL,
  `EstadoCarrito` varchar(50) DEFAULT 'En curso',
  PRIMARY KEY (`IdCarritoPK`),
  KEY `IdUsuarioFK` (`IdUsuarioFK`),
  KEY `IdClienteFK` (`IdClienteFK`),
  CONSTRAINT `carritoventas_ibfk_1` FOREIGN KEY (`IdUsuarioFK`) REFERENCES `usuarios` (`IdUsuarioPK`),
  CONSTRAINT `carritoventas_ibfk_2` FOREIGN KEY (`IdClienteFK`) REFERENCES `clientes` (`IdClientePK`)
) ENGINE=InnoDB AUTO_INCREMENT=99 DEFAULT CHARSET=utf8mb4 COLLATE=utf8mb4_0900_ai_ci;
/*!40101 SET character_set_client = @saved_cs_client */;

--
-- Dumping data for table `carritoventas`
--

LOCK TABLES `carritoventas` WRITE;
/*!40000 ALTER TABLE `carritoventas` DISABLE KEYS */;
INSERT INTO `carritoventas` VALUES (1,1,1,'2025-09-23 03:36:16',NULL,'Completado'),(9,2,1,'2025-10-08 05:38:36',NULL,'Completado'),(11,2,3,'2025-10-10 03:38:55',NULL,'Completado'),(12,2,4,'2025-10-10 04:05:54',NULL,'Completado'),(13,2,5,'2025-10-10 04:09:15',NULL,'Completado'),(15,1,3,'2025-10-25 02:30:46',NULL,'Completado'),(19,2,2,'2025-10-29 22:23:14',NULL,'Completado'),(21,2,3,'2025-11-15 18:52:36',NULL,'Completado'),(22,2,4,'2025-11-15 19:00:11',NULL,'Completado'),(23,2,4,'2025-11-15 19:00:33',NULL,'Completado'),(24,2,4,'2025-11-16 01:24:59',NULL,'Completado'),(25,2,3,'2025-11-16 02:33:44',NULL,'Completado'),(26,2,4,'2025-11-16 02:34:26',NULL,'Completado'),(27,2,14,'2025-11-16 02:35:46',NULL,'Completado'),(28,2,2,'2025-11-16 02:36:30',NULL,'Completado'),(46,2,3,'2025-11-22 03:18:49',NULL,'Completado'),(47,2,1,'2025-11-22 03:37:12',NULL,'Completado'),(48,2,2,'2025-11-22 04:11:20','Carrito creado el 2025-11-21 22:11:20','Completado'),(60,2,2,'2025-11-26 02:26:26','Carrito creado el 2025-11-25 20:26:26','Completado'),(61,2,1,'2025-12-16 02:47:47','Carrito creado el 2025-12-15 20:47:47','Completado'),(62,2,2,'2025-12-22 22:16:01','Carrito creado el 2025-12-22 16:16:01','Completado'),(63,2,2,'2026-01-22 04:47:18','Carrito creado el 2026-01-21 22:47:18','Completado'),(64,2,3,'2026-01-22 04:47:57','Carrito creado el 2026-01-21 22:47:57','Completado'),(65,2,4,'2026-01-22 04:48:29','Carrito creado el 2026-01-21 22:48:29','Completado'),(66,2,3,'2026-01-22 05:04:58','Carrito creado el 2026-01-21 23:04:58','Completado'),(67,2,4,'2026-01-22 05:06:35','Carrito creado el 2026-01-21 23:06:35','Completado'),(68,2,5,'2026-01-22 05:13:13','Carrito creado el 2026-01-21 23:13:13','Completado'),(69,2,4,'2026-01-23 20:18:57','Carrito creado el 2026-01-23 14:18:57','Completado'),(70,2,4,'2026-01-23 20:32:16','Carrito creado el 2026-01-23 14:32:16','Completado'),(91,1,5,'2026-01-27 04:02:45','Carrito creado el 2026-01-26 22:02:45','Completado'),(92,1,5,'2026-01-28 21:35:13','Carrito creado el 2026-01-28 15:35:13','Completado'),(93,2,2,'2026-01-31 19:48:51','Carrito creado el 2026-01-31 13:48:51','Completado'),(94,2,5,'2026-01-31 21:29:31','Carrito creado el 2026-01-31 15:29:31','Completado'),(95,2,5,'2026-01-31 21:32:49','Carrito creado el 2026-01-31 15:32:49','Completado'),(96,2,5,'2026-01-31 21:42:48','Carrito creado el 2026-01-31 15:42:48','Completado'),(97,2,5,'2026-01-31 21:44:16','Carrito creado el 2026-01-31 15:44:16','En curso'),(98,1,5,'2026-02-03 00:33:27','Carrito creado el 2026-02-02 18:33:27','En curso');
/*!40000 ALTER TABLE `carritoventas` ENABLE KEYS */;
UNLOCK TABLES;

--
-- Table structure for table `catalogoaccesorios`
--

DROP TABLE IF EXISTS `catalogoaccesorios`;
/*!40101 SET @saved_cs_client     = @@character_set_client */;
/*!50503 SET character_set_client = utf8mb4 */;
CREATE TABLE `catalogoaccesorios` (
  `IdModeloAccesorioPK` int NOT NULL AUTO_INCREMENT,
  `FabricanteAccesorio` int DEFAULT NULL,
  `CategoriaAccesorio` int DEFAULT NULL,
  `SubcategoriaAccesorio` int DEFAULT NULL,
  `CodigoModeloAccesorio` varchar(25) DEFAULT NULL,
  `LinkImagen` varchar(100) DEFAULT NULL,
  `Activo` tinyint(1) NOT NULL DEFAULT '1',
  PRIMARY KEY (`IdModeloAccesorioPK`),
  KEY `FabricanteAccesorio` (`FabricanteAccesorio`),
  KEY `CategoriaAccesorio` (`CategoriaAccesorio`),
  KEY `SubcategoriaAccesorio` (`SubcategoriaAccesorio`),
  CONSTRAINT `catalogoaccesorios_ibfk_1` FOREIGN KEY (`FabricanteAccesorio`) REFERENCES `fabricanteaccesorios` (`IdFabricanteAccesorioPK`),
  CONSTRAINT `catalogoaccesorios_ibfk_2` FOREIGN KEY (`CategoriaAccesorio`) REFERENCES `categoriasaccesorios` (`IdCategoriaAccesorioPK`),
  CONSTRAINT `catalogoaccesorios_ibfk_3` FOREIGN KEY (`SubcategoriaAccesorio`) REFERENCES `subcategoriasaccesorios` (`IdSubcategoriaAccesorio`)
) ENGINE=InnoDB AUTO_INCREMENT=7 DEFAULT CHARSET=utf8mb4 COLLATE=utf8mb4_0900_ai_ci;
/*!40101 SET character_set_client = @saved_cs_client */;

--
-- Dumping data for table `catalogoaccesorios`
--

LOCK TABLES `catalogoaccesorios` WRITE;
/*!40000 ALTER TABLE `catalogoaccesorios` DISABLE KEYS */;
INSERT INTO `catalogoaccesorios` VALUES (1,1,1,1,'GCIJ','Control-gamecube-indigo-1731881674968.webp',1),(2,1,1,1,'GCJSO','51KQixnwoNL-1759004940773.jpg',0),(3,1,1,2,'GCSO','51KQixnwoNL-1759004940773.jpg',1),(4,1,1,3,'GCJYS','control-gamecube-silver-1731883795802.png',0),(5,1,1,3,'GSCTY','control-gamecube-blanco-1731882069279.jpg',1),(6,2,2,4,'DS2OB','51fcwd0wZeL-1763232683413.jpg',1);
/*!40000 ALTER TABLE `catalogoaccesorios` ENABLE KEYS */;
UNLOCK TABLES;

--
-- Table structure for table `catalogoconsolas`
--

DROP TABLE IF EXISTS `catalogoconsolas`;
/*!40101 SET @saved_cs_client     = @@character_set_client */;
/*!50503 SET character_set_client = utf8mb4 */;
CREATE TABLE `catalogoconsolas` (
  `IdModeloConsolaPK` int NOT NULL AUTO_INCREMENT,
  `Fabricante` int DEFAULT NULL,
  `Categoria` int DEFAULT NULL,
  `Subcategoria` int DEFAULT NULL,
  `CodigoModeloConsola` varchar(25) DEFAULT NULL,
  `LinkImagen` varchar(100) DEFAULT NULL,
  `TipoProducto` int DEFAULT NULL,
  `Activo` tinyint(1) NOT NULL DEFAULT '1',
  PRIMARY KEY (`IdModeloConsolaPK`),
  KEY `TipoProducto` (`TipoProducto`),
  KEY `Fabricante` (`Fabricante`),
  KEY `Categoria` (`Categoria`),
  KEY `Subcategoria` (`Subcategoria`),
  CONSTRAINT `catalogoconsolas_ibfk_1` FOREIGN KEY (`TipoProducto`) REFERENCES `tiposproductos` (`IdTipoProductoPK`),
  CONSTRAINT `catalogoconsolas_ibfk_2` FOREIGN KEY (`Fabricante`) REFERENCES `fabricantes` (`IdFabricantePK`),
  CONSTRAINT `catalogoconsolas_ibfk_3` FOREIGN KEY (`Categoria`) REFERENCES `categoriasproductos` (`IdCategoriaPK`),
  CONSTRAINT `catalogoconsolas_ibfk_4` FOREIGN KEY (`Subcategoria`) REFERENCES `subcategoriasproductos` (`IdSubcategoria`)
) ENGINE=InnoDB AUTO_INCREMENT=10 DEFAULT CHARSET=utf8mb4 COLLATE=utf8mb4_0900_ai_ci;
/*!40101 SET character_set_client = @saved_cs_client */;

--
-- Dumping data for table `catalogoconsolas`
--

LOCK TABLES `catalogoconsolas` WRITE;
/*!40000 ALTER TABLE `catalogoconsolas` DISABLE KEYS */;
INSERT INTO `catalogoconsolas` VALUES (1,1,1,1,'GCI','61fCEvJAG0L-1759003576480.jpg',1,0),(2,1,1,2,'CGSO','41Cc4QnbOTL._UF1000,1000_QL80_-1759003218994.jpg',1,1),(3,2,2,3,'PS5W1TB','ps5-1759031517269.jpeg',4,1),(4,1,1,4,'GCSI','41oCesAx4jL-1761107014315.jpg',1,1),(5,1,1,1,'CGI','61fCEvJAG0L-1758398972245.jpg',1,1),(6,1,1,5,'GCJB','71ydg4MNj-L-1761182102174.jpg',1,1),(7,1,1,1,'2','61fCEvJAG0L-1758398972245.jpg',1,0),(8,1,1,1,'as','61fCEvJAG0L-1758398972245.jpg',1,0),(9,1,1,2,'gfff','asd',1,0);
/*!40000 ALTER TABLE `catalogoconsolas` ENABLE KEYS */;
UNLOCK TABLES;

--
-- Table structure for table `catalogoestadosconsolas`
--

DROP TABLE IF EXISTS `catalogoestadosconsolas`;
/*!40101 SET @saved_cs_client     = @@character_set_client */;
/*!50503 SET character_set_client = utf8mb4 */;
CREATE TABLE `catalogoestadosconsolas` (
  `CodigoEstado` int NOT NULL AUTO_INCREMENT,
  `DescripcionEstado` varchar(100) NOT NULL,
  PRIMARY KEY (`CodigoEstado`)
) ENGINE=InnoDB AUTO_INCREMENT=12 DEFAULT CHARSET=utf8mb4 COLLATE=utf8mb4_0900_ai_ci;
/*!40101 SET character_set_client = @saved_cs_client */;

--
-- Dumping data for table `catalogoestadosconsolas`
--

LOCK TABLES `catalogoestadosconsolas` WRITE;
/*!40000 ALTER TABLE `catalogoestadosconsolas` DISABLE KEYS */;
INSERT INTO `catalogoestadosconsolas` VALUES (1,'Nuevo'),(2,'Usado'),(3,'Para piezas'),(4,'Personalizado'),(5,'Reparado'),(6,'A reparar'),(7,'Borrado'),(8,'Vendido'),(9,'En garantia'),(10,'Descargado'),(11,'En proceso de venta');
/*!40000 ALTER TABLE `catalogoestadosconsolas` ENABLE KEYS */;
UNLOCK TABLES;

--
-- Table structure for table `catalogoinsumos`
--

DROP TABLE IF EXISTS `catalogoinsumos`;
/*!40101 SET @saved_cs_client     = @@character_set_client */;
/*!50503 SET character_set_client = utf8mb4 */;
CREATE TABLE `catalogoinsumos` (
  `IdModeloInsumosPK` int NOT NULL AUTO_INCREMENT,
  `FabricanteInsumos` int DEFAULT NULL,
  `CategoriaInsumos` int DEFAULT NULL,
  `SubcategoriaInsumos` int DEFAULT NULL,
  `CodigoModeloInsumos` varchar(25) DEFAULT NULL,
  `LinkImagen` varchar(100) DEFAULT NULL,
  `Activo` tinyint(1) NOT NULL DEFAULT '1',
  PRIMARY KEY (`IdModeloInsumosPK`),
  KEY `FabricanteInsumos` (`FabricanteInsumos`),
  KEY `CategoriaInsumos` (`CategoriaInsumos`),
  KEY `SubcategoriaInsumos` (`SubcategoriaInsumos`),
  CONSTRAINT `catalogoinsumos_ibfk_1` FOREIGN KEY (`FabricanteInsumos`) REFERENCES `fabricanteinsumos` (`IdFabricanteInsumosPK`),
  CONSTRAINT `catalogoinsumos_ibfk_2` FOREIGN KEY (`CategoriaInsumos`) REFERENCES `categoriasinsumos` (`IdCategoriaInsumosPK`),
  CONSTRAINT `catalogoinsumos_ibfk_3` FOREIGN KEY (`SubcategoriaInsumos`) REFERENCES `subcategoriasinsumos` (`IdSubcategoriaInsumos`)
) ENGINE=InnoDB AUTO_INCREMENT=6 DEFAULT CHARSET=utf8mb4 COLLATE=utf8mb4_0900_ai_ci;
/*!40101 SET character_set_client = @saved_cs_client */;

--
-- Dumping data for table `catalogoinsumos`
--

LOCK TABLES `catalogoinsumos` WRITE;
/*!40000 ALTER TABLE `catalogoinsumos` DISABLE KEYS */;
INSERT INTO `catalogoinsumos` VALUES (1,1,1,1,'RJ45','Ethernet_RJ45_connector_p1160054-1758776177598.jpg',1),(2,2,2,2,'NTPT','7166oBCV+PL._AC_SX679_-1758924692378.jpg',1),(3,1,1,3,'PICO','611vLaMCPNL-1759809889937.jpg',0),(4,2,2,4,'NGT','7166oBCV+PL._AC_SX679_-1758924692378.jpg',1),(5,1,3,5,'SPR-003','71jXvPD356L._AC_SL1500_-1768680625471.jpg',1);
/*!40000 ALTER TABLE `catalogoinsumos` ENABLE KEYS */;
UNLOCK TABLES;

--
-- Table structure for table `catalogotiposaccesoriosxproducto`
--

DROP TABLE IF EXISTS `catalogotiposaccesoriosxproducto`;
/*!40101 SET @saved_cs_client     = @@character_set_client */;
/*!50503 SET character_set_client = utf8mb4 */;
CREATE TABLE `catalogotiposaccesoriosxproducto` (
  `IdCatalogoAccesorioXProductoPK` int NOT NULL AUTO_INCREMENT,
  `IdTipoAccesorioFK` int DEFAULT NULL,
  `IdTipoProductoFK` int DEFAULT NULL,
  `Activo` tinyint(1) NOT NULL DEFAULT '1',
  PRIMARY KEY (`IdCatalogoAccesorioXProductoPK`),
  KEY `IdTipoAccesorioFK` (`IdTipoAccesorioFK`),
  KEY `IdTipoProductoFK` (`IdTipoProductoFK`),
  CONSTRAINT `catalogotiposaccesoriosxproducto_ibfk_1` FOREIGN KEY (`IdTipoAccesorioFK`) REFERENCES `tiposaccesorios` (`IdTipoAccesorioPK`),
  CONSTRAINT `catalogotiposaccesoriosxproducto_ibfk_2` FOREIGN KEY (`IdTipoProductoFK`) REFERENCES `tiposproductos` (`IdTipoProductoPK`)
) ENGINE=InnoDB AUTO_INCREMENT=33 DEFAULT CHARSET=utf8mb4 COLLATE=utf8mb4_0900_ai_ci;
/*!40101 SET character_set_client = @saved_cs_client */;

--
-- Dumping data for table `catalogotiposaccesoriosxproducto`
--

LOCK TABLES `catalogotiposaccesoriosxproducto` WRITE;
/*!40000 ALTER TABLE `catalogotiposaccesoriosxproducto` DISABLE KEYS */;
INSERT INTO `catalogotiposaccesoriosxproducto` VALUES (1,1,1,0),(2,2,1,0),(3,4,1,0),(4,5,1,0),(5,2,2,1),(6,3,2,1),(7,5,2,1),(8,5,3,1),(9,5,4,1),(10,2,5,0),(11,4,5,0),(12,2,5,0),(13,4,5,0),(14,2,5,0),(15,4,5,0),(16,2,6,0),(17,4,6,0),(18,2,6,1),(19,4,6,1),(20,2,5,0),(21,4,5,0),(22,2,5,1),(23,4,5,1),(24,1,1,0),(25,2,1,0),(26,4,1,0),(27,5,1,0),(28,5,1,1),(29,2,1,1),(30,1,1,1),(31,4,1,1),(32,7,1,1);
/*!40000 ALTER TABLE `catalogotiposaccesoriosxproducto` ENABLE KEYS */;
UNLOCK TABLES;

--
-- Table structure for table `categoriasaccesorios`
--

DROP TABLE IF EXISTS `categoriasaccesorios`;
/*!40101 SET @saved_cs_client     = @@character_set_client */;
/*!50503 SET character_set_client = utf8mb4 */;
CREATE TABLE `categoriasaccesorios` (
  `IdCategoriaAccesorioPK` int NOT NULL AUTO_INCREMENT,
  `NombreCategoriaAccesorio` varchar(100) DEFAULT NULL,
  `IdFabricanteAccesorioFK` int DEFAULT NULL,
  `Activo` tinyint(1) NOT NULL DEFAULT '1',
  PRIMARY KEY (`IdCategoriaAccesorioPK`),
  KEY `IdFabricanteAccesorioFK` (`IdFabricanteAccesorioFK`),
  CONSTRAINT `categoriasaccesorios_ibfk_1` FOREIGN KEY (`IdFabricanteAccesorioFK`) REFERENCES `fabricanteaccesorios` (`IdFabricanteAccesorioPK`)
) ENGINE=InnoDB AUTO_INCREMENT=3 DEFAULT CHARSET=utf8mb4 COLLATE=utf8mb4_0900_ai_ci;
/*!40101 SET character_set_client = @saved_cs_client */;

--
-- Dumping data for table `categoriasaccesorios`
--

LOCK TABLES `categoriasaccesorios` WRITE;
/*!40000 ALTER TABLE `categoriasaccesorios` DISABLE KEYS */;
INSERT INTO `categoriasaccesorios` VALUES (1,'Gamecube Controller',1,1),(2,'Dualshock 2',2,1);
/*!40000 ALTER TABLE `categoriasaccesorios` ENABLE KEYS */;
UNLOCK TABLES;

--
-- Table structure for table `categoriasinsumos`
--

DROP TABLE IF EXISTS `categoriasinsumos`;
/*!40101 SET @saved_cs_client     = @@character_set_client */;
/*!50503 SET character_set_client = utf8mb4 */;
CREATE TABLE `categoriasinsumos` (
  `IdCategoriaInsumosPK` int NOT NULL AUTO_INCREMENT,
  `NombreCategoriaInsumos` varchar(100) DEFAULT NULL,
  `IdFabricanteInsumosFK` int DEFAULT NULL,
  `Activo` tinyint(1) NOT NULL DEFAULT '1',
  PRIMARY KEY (`IdCategoriaInsumosPK`),
  KEY `IdFabricanteInsumosFK` (`IdFabricanteInsumosFK`),
  CONSTRAINT `categoriasinsumos_ibfk_1` FOREIGN KEY (`IdFabricanteInsumosFK`) REFERENCES `fabricanteinsumos` (`IdFabricanteInsumosPK`)
) ENGINE=InnoDB AUTO_INCREMENT=4 DEFAULT CHARSET=utf8mb4 COLLATE=utf8mb4_0900_ai_ci;
/*!40101 SET character_set_client = @saved_cs_client */;

--
-- Dumping data for table `categoriasinsumos`
--

LOCK TABLES `categoriasinsumos` WRITE;
/*!40000 ALTER TABLE `categoriasinsumos` DISABLE KEYS */;
INSERT INTO `categoriasinsumos` VALUES (1,'Chip',1,1),(2,'Pasta termica',2,1),(3,'Batera',1,1);
/*!40000 ALTER TABLE `categoriasinsumos` ENABLE KEYS */;
UNLOCK TABLES;

--
-- Table structure for table `categoriasproductos`
--

DROP TABLE IF EXISTS `categoriasproductos`;
/*!40101 SET @saved_cs_client     = @@character_set_client */;
/*!50503 SET character_set_client = utf8mb4 */;
CREATE TABLE `categoriasproductos` (
  `IdCategoriaPK` int NOT NULL AUTO_INCREMENT,
  `NombreCategoria` varchar(100) DEFAULT NULL,
  `IdFabricanteFK` int DEFAULT NULL,
  `Activo` tinyint(1) NOT NULL DEFAULT '1',
  PRIMARY KEY (`IdCategoriaPK`),
  KEY `IdFabricanteFK` (`IdFabricanteFK`),
  CONSTRAINT `categoriasproductos_ibfk_1` FOREIGN KEY (`IdFabricanteFK`) REFERENCES `fabricantes` (`IdFabricantePK`)
) ENGINE=InnoDB AUTO_INCREMENT=3 DEFAULT CHARSET=utf8mb4 COLLATE=utf8mb4_0900_ai_ci;
/*!40101 SET character_set_client = @saved_cs_client */;

--
-- Dumping data for table `categoriasproductos`
--

LOCK TABLES `categoriasproductos` WRITE;
/*!40000 ALTER TABLE `categoriasproductos` DISABLE KEYS */;
INSERT INTO `categoriasproductos` VALUES (1,'Gamecube',1,1),(2,'PlayStation 5',2,1);
/*!40000 ALTER TABLE `categoriasproductos` ENABLE KEYS */;
UNLOCK TABLES;

--
-- Table structure for table `clientes`
--

DROP TABLE IF EXISTS `clientes`;
/*!40101 SET @saved_cs_client     = @@character_set_client */;
/*!50503 SET character_set_client = utf8mb4 */;
CREATE TABLE `clientes` (
  `IdClientePK` int NOT NULL AUTO_INCREMENT,
  `NombreCliente` varchar(255) NOT NULL,
  `DNI` varchar(255) DEFAULT NULL,
  `RUC` varchar(255) DEFAULT NULL,
  `Telefono` varchar(255) DEFAULT NULL,
  `CorreoElectronico` varchar(255) DEFAULT NULL,
  `Direccion` varchar(255) DEFAULT NULL,
  `FechaRegistro` date DEFAULT NULL,
  `Estado` tinyint(1) NOT NULL DEFAULT '1',
  `Comentarios` varchar(10000) DEFAULT NULL,
  PRIMARY KEY (`IdClientePK`)
) ENGINE=InnoDB AUTO_INCREMENT=15 DEFAULT CHARSET=utf8mb4 COLLATE=utf8mb4_0900_ai_ci;
/*!40101 SET character_set_client = @saved_cs_client */;

--
-- Dumping data for table `clientes`
--

LOCK TABLES `clientes` WRITE;
/*!40000 ALTER TABLE `clientes` DISABLE KEYS */;
INSERT INTO `clientes` VALUES (1,'Rommel Maltez','','','50581969267','','','2025-09-20',1,''),(2,'Lesther Polanco','','','50512345678','','','2025-09-20',1,''),(3,'Leandro','','','50588888888','','','2025-09-20',1,''),(4,'Cliente Final','','','50511223344','','','2025-09-20',1,''),(5,'Cliente Prueba','','','50533226655','','','2025-09-20',1,''),(6,'Cliente prueba 2','','','50588663311','','','2025-09-20',1,''),(7,'Cliente prueba 3','','','50511223344','','','2025-09-20',1,''),(8,'Juan Perez','','','50522667799','','','2025-09-20',1,''),(9,'Chavez','','','50566339988','','','2025-09-20',1,''),(10,'Johnny Silva','','','50566889933','','','2025-10-27',1,''),(11,'Cliente nuevo ingreso','','','50533664499','','','2025-10-29',1,''),(12,'cliente prueba 4','','','50533662211','','','2025-10-29',1,''),(13,'Favel','','','55662212','','','2025-11-01',1,'aaaa'),(14,'Prueba Ventas','','','66332255','','','2025-11-15',1,'');
/*!40000 ALTER TABLE `clientes` ENABLE KEYS */;
UNLOCK TABLES;

--
-- Table structure for table `costosdistribucionpormodelo`
--

DROP TABLE IF EXISTS `costosdistribucionpormodelo`;
/*!40101 SET @saved_cs_client     = @@character_set_client */;
/*!50503 SET character_set_client = utf8mb4 */;
CREATE TABLE `costosdistribucionpormodelo` (
  `IdCostoDistribucionPK` int NOT NULL AUTO_INCREMENT,
  `IdModeloFK` int NOT NULL,
  `TipoArticuloFK` int NOT NULL,
  `PorcentajeAsignado` decimal(5,2) NOT NULL DEFAULT '0.00',
  PRIMARY KEY (`IdCostoDistribucionPK`),
  UNIQUE KEY `idx_modelo_tipo` (`IdModeloFK`,`TipoArticuloFK`),
  KEY `TipoArticuloFK` (`TipoArticuloFK`),
  CONSTRAINT `costosdistribucionpormodelo_ibfk_1` FOREIGN KEY (`TipoArticuloFK`) REFERENCES `tipoarticulo` (`IdTipoArticuloPK`)
) ENGINE=InnoDB AUTO_INCREMENT=39 DEFAULT CHARSET=utf8mb4 COLLATE=utf8mb4_0900_ai_ci;
/*!40101 SET character_set_client = @saved_cs_client */;

--
-- Dumping data for table `costosdistribucionpormodelo`
--

LOCK TABLES `costosdistribucionpormodelo` WRITE;
/*!40000 ALTER TABLE `costosdistribucionpormodelo` DISABLE KEYS */;
INSERT INTO `costosdistribucionpormodelo` VALUES (1,1,1,100.00),(2,3,1,50.00),(5,5,1,100.00),(10,2,1,50.00),(11,5,2,50.00),(12,1,3,0.00),(30,6,2,50.00);
/*!40000 ALTER TABLE `costosdistribucionpormodelo` ENABLE KEYS */;
UNLOCK TABLES;

--
-- Table structure for table `detalleaccesoriopedido`
--

DROP TABLE IF EXISTS `detalleaccesoriopedido`;
/*!40101 SET @saved_cs_client     = @@character_set_client */;
/*!50503 SET character_set_client = utf8mb4 */;
CREATE TABLE `detalleaccesoriopedido` (
  `IdDetalleAccesorioPedidoPK` int NOT NULL AUTO_INCREMENT,
  `IdAccesorioBaseFK` varchar(25) NOT NULL,
  `IdCodigoPedidoFK` varchar(25) NOT NULL,
  `EnlaceArticulo` varchar(1000) DEFAULT NULL,
  `Comentario` varchar(10000) DEFAULT NULL,
  PRIMARY KEY (`IdDetalleAccesorioPedidoPK`),
  KEY `IdAccesorioBaseFK` (`IdAccesorioBaseFK`),
  KEY `IdCodigoPedidoFK` (`IdCodigoPedidoFK`),
  CONSTRAINT `detalleaccesoriopedido_ibfk_1` FOREIGN KEY (`IdAccesorioBaseFK`) REFERENCES `accesoriosbase` (`CodigoAccesorio`),
  CONSTRAINT `detalleaccesoriopedido_ibfk_2` FOREIGN KEY (`IdCodigoPedidoFK`) REFERENCES `pedidobase` (`CodigoPedido`)
) ENGINE=InnoDB AUTO_INCREMENT=21 DEFAULT CHARSET=utf8mb4 COLLATE=utf8mb4_0900_ai_ci;
/*!40101 SET character_set_client = @saved_cs_client */;

--
-- Dumping data for table `detalleaccesoriopedido`
--

LOCK TABLES `detalleaccesoriopedido` WRITE;
/*!40000 ALTER TABLE `detalleaccesoriopedido` DISABLE KEYS */;
INSERT INTO `detalleaccesoriopedido` VALUES (1,'GSCTY-6','P-02112025-7',NULL,'Lorem ipsum dolor sit amet, consectetuer adipiscing elit. Aenean commodo ligula eget dolor. Aenean massa. Cum sociis natoque penatibus et magnis dis parturient montes, nascetur ridiculus mus. Donec quam felis, ultricies nec, pellentesque eu, pretium quis, sem. Nulla consequat massa quis enim. Donec pede justo, fringilla vel, aliquet nec, vulputate eget, arcu. In enim justo, rhoncus ut, imperdiet a, venenatis vitae, justo. Nullam dictum felis eu pede mollis pretium. Integer tincidunt. Cras dapibus. Vivamus elementum semper nisi. Aenean vulputate eleifend tellus. Aenean leo ligula, porttitor eu, consequat vitae, eleifend ac, enim. Aliquam lorem ante, dapibus in, viverra quis, feugiat a, tellus. Phasellus viverra nulla ut metus varius laoreet. Quisque rutrum. Aenean imperdiet. Etiam ultricies nisi vel augue. Curabitur ullamcorper ultricies nisi. Nam eget dui. Etiam rhoncus. Maecenas tempus, tellus eget condimentum rhoncus, sem quam semper libero, sit amet adipiscing sem neque sed ipsum. Nam quam nunc, blandit vel, luctus pulvinar, hendrerit id, lorem. Maecenas nec odio et ante tincidunt tempus. Donec vitae sapien ut libero venenatis faucibus. Nullam quis ante. Etiam sit amet orci eget eros faucibus tincidunt. Duis leo. Sed fringilla mauris sit amet nibh. Donec sodales sagittis magna. Sed consequat, leo eget bibendum sodales, augue velit cursus nunc, quis gravida magna mi a libero. Fusce vulputate eleifend sapien. Vestibulum purus quam, scelerisque ut, mollis sed, nonummy id, metus. Nullam accumsan lorem in dui. Cras ultricies mi eu turpis hendrerit fringilla. Vestibulum ante ipsum primis in faucibus orci luctus et ultrices posuere cubilia Curae; In ac dui quis mi consectetuer lacinia. Nam pretium turpis et arcu. Duis arcu tortor, suscipit eget, imperdiet nec, imperdiet iaculis, ipsum. Sed aliquam ultrices mauris. Integer ante arcu, accumsan a, consectetuer eget, posuere ut, mauris. Praesent adipiscing. Phasellus ullamcorper ipsum rutrum nunc. Nunc nonummy metus. Vestibulum volutpat pretium libero. Cras id dui. Aenean ut eros et nisl sagittis vestibulum. Nullam nulla eros, ultricies sit amet, nonummy id, imperdiet feugiat, pede. Sed lectus. Donec mollis hendrerit risus. Phasellus nec sem in justo pellentesque facilisis. Etiam imperdiet imperdiet orci. Nunc nec neque. Phasellus leo dolor, tempus non, auctor et, hendrerit quis, nisi. Curabitur ligula sapien, tincidunt non, euismod vitae, posuere imperdiet, leo. Maecenas malesuada. Praesent congue erat at massa. Sed cursus turpis vitae tortor. Donec posuere vulputate arcu. Phasellus accumsan cursus velit. Vestibulum ante ipsum primis in faucibus orci luctus et ultrices posuere cubilia Curae; Sed aliquam, nisi quis porttitor congue, elit erat euismod orci, ac placerat dolor lectus quis orci. Phasellus consectetuer vestibulum elit. Aenean tellus metus, bibendum sed, posuere ac, mattis non, nunc. Vestibulum fringilla pede sit amet augue. In turpis. Pellentesque posuere. Praesent turpis. Aenean posuere, tortor sed cursus feugiat, nunc augue blandit nunc, eu sollicitudin urna dolor sagittis lacus. Donec elit libero, sodales nec, volutpat a, suscipit non, turpis. Nullam sagittis. Suspendisse pulvinar, augue ac venenatis condimentum, sem libero volutpat nibh, nec pellentesque velit pede quis nunc. Vestibulum ante ipsum primis in faucibus orci luctus et ultrices posuere cubilia Curae; Fusce id purus. Ut varius tincidunt libero. Phasellus dolor. Maecenas vestibulum mollis diam. Pellentesque ut neque. Pellentesque habitant morbi tristique senectus et netus et malesuada fames ac turpis egestas. In dui magna, posuere eget, vestibulum et, tempor auctor, justo. In ac felis quis tortor malesuada pretium. Pellentesque auctor neque nec urna. Proin sapien ipsum, porta a, auctor quis, euismod ut, mi. Aenean viverra rhoncus pede. Pellentesque habitant morbi tristique senectus et netus et malesuada fames ac turpis egestas. Ut non enim eleifend felis pretium feugiat. Vivamus quis mi. Phasellus a est. Phasellus magna. In hac habitasse platea dictumst. Curabitur at lacus ac velit ornare lobortis. Curabitur a felis in nunc fringilla tristique. Morbi mattis ullamcorper velit. Phasellus gravida semper nisi. Nullam vel sem. Pellentesque libero tortor, tincidunt et, tincidunt eget, semper nec, quam. Sed hendrerit. Morbi ac felis. Nunc egestas, augue at pellentesque laoreet, felis eros vehicula leo, at malesuada velit leo quis pede. Donec interdum, metus et hendrerit aliquet, dolor diam sagittis ligula, eget egestas libero turpis vel mi. Nunc nulla. Fusce risus nisl, viverra et, tempor et, pretium in, sapien. Donec venenatis vulputate lorem. Morbi nec metus. Phasellus blandit leo ut odio. Maecenas ullamcorper, dui et placerat feugiat, eros pede varius nisi, condimentum viverra felis nunc et lorem. Sed magna purus, fermentum eu, tincidunt eu, varius ut, felis. In auctor lobortis lacus. Quisque libero metus, condimentum nec, tempor a, commodo mollis, magna. Vestibulum ullamcorper mauris at ligula. Fusce fermentum. Nullam cursus lacinia erat. Praesent blandit laoreet nibh. Fusce convallis metus id felis luctus adipiscing. Pellentesque egestas, neque sit amet convallis pulvinar, justo nulla eleifend augue, ac auctor orci leo non est. Quisque id mi. Ut tincidunt tincidunt erat. Etiam feugiat lorem non metus. Vestibulum dapibus nunc ac augue. Curabitur vestibulum aliquam leo. Praesent egestas neque eu enim. In hac habitasse platea dictumst. Fusce a quam. Etiam ut purus mattis mauris sodales aliquam. Curabitur nisi. Quisque malesuada placerat nisl. Nam ipsum risus, rutrum vitae, vestibulum eu, molestie vel, lacus. Sed augue ipsum, egestas nec, vestibulum et, malesuada adipiscing, dui. Vestibulum facilisis, purus nec pulvinar iaculis, ligula mi congue nunc, vitae euismod ligula urna in dolor. Mauris sollicitudin fermentum libero. Praesent nonummy mi in odio. Nunc interdum lacus sit amet orci. Vestibulum rutrum, mi nec elementum vehicula, eros quam gravida nisl, id fringilla neque ante vel mi. Morbi mollis tellus ac sapien. Phasellus volutpat, metus eget egestas mollis, lacus lacus blandit dui, id egestas quam mauris ut lacus. Fusce vel dui. Sed in libero ut nibh placerat accumsan. Proin faucibus arcu quis ante. In consectetuer turpis ut velit. Nulla sit amet est. Praesent metus tellus, elementum eu, semper a, adipiscing nec, purus. Cras risus ipsum, faucibus ut, ullamcorper id, varius ac, leo. Suspendisse feugiat. Suspendisse enim turpis, dictum sed, iaculis a, condimentum nec, nisi. Praesent nec nisl a purus blandit viverra. Praesent ac massa at ligula laoreet iaculis. Nulla neque dolor, sagittis eget, iaculis quis, molestie non, velit. Mauris turpis nunc, blandit et, volutpat molestie, porta ut, ligula. Fusce pharetra convallis urna. Quisque ut nisi. Donec mi odio, faucibus at, scelerisque quis, convallis in, nisi. Suspendisse non nisl sit amet velit hendrerit rutrum. Ut leo. Ut a nisl id ante tempus hendrerit. Proin pretium, leo ac pellentesque mollis, felis nunc ultrices eros, sed gravida augue augue mollis justo. Suspendisse eu ligula. Nulla facilisi. Donec id justo. Praesent porttitor, nulla vitae posuere iaculis, arcu nisl dignissim dolor, a pretium mi sem ut ipsum. Curabitur suscipit suscipit tellus. Praesent vestibulum dapibus nibh. Etiam iaculis nunc ac metus. Ut id nisl quis enim dignissim sagittis. Etiam sollicitudin, ipsum eu pulvinar rutrum, tellus ipsum laoreet sapien, quis venenatis ante odio sit amet eros. Proin magna. Duis vel nibh at velit scelerisque suscipit. Curabitur turpis. Vestibulum suscipit nulla quis orci. Fusce ac felis sit amet ligula pharetra condimentum. Maecenas egestas arcu quis ligula mattis placerat. Duis lobortis massa imperdiet quam. Suspendisse potenti. Pellentesque commodo eros a enim. Vestibulum turpis sem, aliquet eget, lobortis pellentesque, rutrum eu, nisl. Sed libero. Aliquam erat volutpat. Etiam vitae tortor. Morbi vestibulum volutpat enim. Aliquam eu nunc. Nunc sed turpis. Sed mollis, eros et ultrices tempus, mauris ipsum aliquam libero, non adipiscing dolor urna a orci. Nulla porta dolor. Class aptent taciti sociosqu ad litora torquent per conubia nostra, per inceptos hymenaeos. Pellentesque dapibus hendrerit tortor. Praesent egestas tristique nibh. Sed a libero. Cras varius. Donec vitae orci sed dolor rutrum auctor. Fusce egestas elit eget lorem. Suspendisse nisl elit, rhoncus eget, elementum ac, condimentum eget, diam. Nam at tortor in tellus interdum sagittis. Aliquam lobortis. Donec orci lectus, aliquam ut, faucibus non, euismod id, nulla. Curabitur blandit mollis lacus. Nam adipiscing. Vestibulum eu odio. Vivamus laoreet. Nullam tincidunt adipiscing enim. Phasellus tempus. Proin viverra, ligula sit amet ultrices semper, ligula arcu tristique sapien, a accumsan nisi mauris ac eros. Fusce neque. Suspendisse faucibus, nunc et pellentesque egestas, lacus ante convallis tellus, vitae iaculis lacus elit id tortor. Vivamus aliquet elit ac nisl. Fusce fermentum odio nec arcu. Vivamus euismod mauris. In ut quam vitae odio lacinia tincidunt. Praesent ut ligula non mi varius sagittis. Cras sagittis. Praesent ac sem eget est egestas volutpat. Vivamus consectetuer hendrerit lacus. Cras non dolor. Vivamus in erat ut urna cursus vestibulum. Fusce commodo aliquam arcu. Nam commodo suscipit quam. Quisque id odio. Praesent venenatis metus at tortor pulvinar varius. Lorem ipsum dolor sit amet, consectetuer adipiscing elit. Aenean commodo ligula eget dolor. Aenean massa. Cum sociis natoque penatibus et magnis dis parturient montes, nascetur ridiculus mus. Donec quam felis, ultricies nec, pellentesque eu, pretium quis, sem. Nulla consequat massa quis enim. Donec pede justo, fringilla vel, aliquet nec, vulputate eget, arcu. In enim justo, rhoncus ut, imperdiet a, venenatis vitae, justo. Nullam dictum felis eu pede mollis pretium. Integer tincidunt. Cras dapibus. Vivamus elementum semper nisi. Aenean vulputate eleifend tellus. Aenean leo ligula, porttitor eu, consequat vita'),(2,'GSCTY-7','P-02112025-7',NULL,''),(3,'GSCTY-8','P-02112025-7',NULL,'Lorem ipsum dolor sit amet, consectetuer adipiscing elit. Aenean commodo ligula eget dolor. Aenean massa. Cum sociis natoque penatibus et magnis dis parturient montes, nascetur ridiculus mus. Donec quam felis, ultricies nec, pellentesque eu, pretium quis, sem. Nulla consequat massa quis enim. Donec pede justo, fringilla vel, aliquet nec, vulputate eget, arcu. In enim justo, rhoncus ut, imperdiet a, venenatis vitae, justo. Nullam dictum felis eu pede mollis pretium. Integer tincidunt. Cras dapibus. Vivamus elementum semper nisi. Aenean vulputate eleifend tellus. Aenean leo ligula, porttitor eu, consequat vitae, eleifend ac, enim. Aliquam lorem ante, dapibus in, viverra quis, feugiat a, tellus. Phasellus viverra nulla ut metus varius laoreet. Quisque rutrum. Aenean imperdiet. Etiam ultricies nisi vel augue. Curabitur ullamcorper ultricies nisi. Nam eget dui. Etiam rhoncus. Maecenas tempus, tellus eget condimentum rhoncus, sem quam semper libero, sit amet adipiscing sem neque sed ipsum. Nam quam nunc, blandit vel, luctus pulvinar, hendrerit id, lorem. Maecenas nec odio et ante tincidunt tempus. Donec vitae sapien ut libero venenatis faucibus. Nullam quis ante. Etiam sit amet orci eget eros faucibus tincidunt. Duis leo. Sed fringilla mauris sit amet nibh. Donec sodales sagittis magna. Sed consequat, leo eget bibendum sodales, augue velit cursus nunc, quis gravida magna mi a libero. Fusce vulputate eleifend sapien. Vestibulum purus quam, scelerisque ut, mollis sed, nonummy id, metus. Nullam accumsan lorem in dui. Cras ultricies mi eu turpis hendrerit fringilla. Vestibulum ante ipsum primis in faucibus orci luctus et ultrices posuere cubilia Curae; In ac dui quis mi consectetuer lacinia. Nam pretium turpis et arcu. Duis arcu tortor, suscipit eget, imperdiet nec, imperdiet iaculis, ipsum. Sed aliquam ultrices mauris. Integer ante arcu, accumsan a, consectetuer eget, posuere ut, mauris. Praesent adipiscing. Phasellus ullamcorper ipsum rutrum nunc. Nunc nonummy metus. Vestibulum volutpat pretium libero. Cras id dui. Aenean ut eros et nisl sagittis vestibulum. Nullam nulla eros, ultricies sit amet, nonummy id, imperdiet feugiat, pede. Sed lectus. Donec mollis hendrerit risus. Phasellus nec sem in justo pellentesque facilisis. Etiam imperdiet imperdiet orci. Nunc nec neque. Phasellus leo dolor, tempus non, auctor et, hendrerit quis, nisi. Curabitur ligula sapien, tincidunt non, euismod vitae, posuere imperdiet, leo. Maecenas malesuada. Praesent congue erat at massa. Sed cursus turpis vitae tortor. Donec posuere vulputate arcu. Phasellus accumsan cursus velit. Vestibulum ante ipsum primis in faucibus orci luctus et ultrices posuere cubilia Curae; Sed aliquam, nisi quis porttitor congue, elit erat euismod orci, ac placerat dolor lectus quis orci. Phasellus consectetuer vestibulum elit. Aenean tellus metus, bibendum sed, posuere ac, mattis non, nunc. Vestibulum fringilla pede sit amet augue. In turpis. Pellentesque posuere. Praesent turpis. Aenean posuere, tortor sed cursus feugiat, nunc augue blandit nunc, eu sollicitudin urna dolor sagittis lacus. Donec elit libero, sodales nec, volutpat a, suscipit non, turpis. Nullam sagittis. Suspendisse pulvinar, augue ac venenatis condimentum, sem libero volutpat nibh, nec pellentesque velit pede quis nunc. Vestibulum ante ipsum primis in faucibus orci luctus et ultrices posuere cubilia Curae; Fusce id purus. Ut varius tincidunt libero. Phasellus dolor. Maecenas vestibulum mollis diam. Pellentesque ut neque. Pellentesque habitant morbi tristique senectus et netus et malesuada fames ac turpis egestas. In dui magna, posuere eget, vestibulum et, tempor auctor, justo. In ac felis quis tortor malesuada pretium. Pellentesque auctor neque nec urna. Proin sapien ipsum, porta a, auctor quis, euismod ut, mi. Aenean viverra rhoncus pede. Pellentesque habitant morbi tristique senectus et netus et malesuada fames ac turpis egestas. Ut non enim eleifend felis pretium feugiat. Vivamus quis mi. Phasellus a est. Phasellus magna. In hac habitasse platea dictumst. Curabitur at lacus ac velit ornare lobortis. Curabitur a felis in nunc fringilla tristique. Morbi mattis ullamcorper velit. Phasellus gravida semper nisi. Nullam vel sem. Pellentesque libero tortor, tincidunt et, tincidunt eget, semper nec, quam. Sed hendrerit. Morbi ac felis. Nunc egestas, augue at pellentesque laoreet, felis eros vehicula leo, at malesuada velit leo quis pede. Donec interdum, metus et hendrerit aliquet, dolor diam sagittis ligula, eget egestas libero turpis vel mi. Nunc nulla. Fusce risus nisl, viverra et, tempor et, pretium in, sapien. Donec venenatis vulputate lorem. Morbi nec metus. Phasellus blandit leo ut odio. Maecenas ullamcorper, dui et placerat feugiat, eros pede varius nisi, condimentum viverra felis nunc et lorem. Sed magna purus, fermentum eu, tincidunt eu, varius ut, felis. In auctor lobortis lacus. Quisque libero metus, condimentum nec, tempor a, commodo mollis, magna. Vestibulum ullamcorper mauris at ligula. Fusce fermentum. Nullam cursus lacinia erat. Praesent blandit laoreet nibh. Fusce convallis metus id felis luctus adipiscing. Pellentesque egestas, neque sit amet convallis pulvinar, justo nulla eleifend augue, ac auctor orci leo non est. Quisque id mi. Ut tincidunt tincidunt erat. Etiam feugiat lorem non metus. Vestibulum dapibus nunc ac augue. Curabitur vestibulum aliquam leo. Praesent egestas neque eu enim. In hac habitasse platea dictumst. Fusce a quam. Etiam ut purus mattis mauris sodales aliquam. Curabitur nisi. Quisque malesuada placerat nisl. Nam ipsum risus, rutrum vitae, vestibulum eu, molestie vel, lacus. Sed augue ipsum, egestas nec, vestibulum et, malesuada adipiscing, dui. Vestibulum facilisis, purus nec pulvinar iaculis, ligula mi congue nunc, vitae euismod ligula urna in dolor. Mauris sollicitudin fermentum libero. Praesent nonummy mi in odio. Nunc interdum lacus sit amet orci. Vestibulum rutrum, mi nec elementum vehicula, eros quam gravida nisl, id fringilla neque ante vel mi. Morbi mollis tellus ac sapien. Phasellus volutpat, metus eget egestas mollis, lacus lacus blandit dui, id egestas quam mauris ut lacus. Fusce vel dui. Sed in libero ut nibh placerat accumsan. Proin faucibus arcu quis ante. In consectetuer turpis ut velit. Nulla sit amet est. Praesent metus tellus, elementum eu, semper a, adipiscing nec, purus. Cras risus ipsum, faucibus ut, ullamcorper id, varius ac, leo. Suspendisse feugiat. Suspendisse enim turpis, dictum sed, iaculis a, condimentum nec, nisi. Praesent nec nisl a purus blandit viverra. Praesent ac massa at ligula laoreet iaculis. Nulla neque dolor, sagittis eget, iaculis quis, molestie non, velit. Mauris turpis nunc, blandit et, volutpat molestie, porta ut, ligula. Fusce pharetra convallis urna. Quisque ut nisi. Donec mi odio, faucibus at, scelerisque quis, convallis in, nisi. Suspendisse non nisl sit amet velit hendrerit rutrum. Ut leo. Ut a nisl id ante tempus hendrerit. Proin pretium, leo ac pellentesque mollis, felis nunc ultrices eros, sed gravida augue augue mollis justo. Suspendisse eu ligula. Nulla facilisi. Donec id justo. Praesent porttitor, nulla vitae posuere iaculis, arcu nisl dignissim dolor, a pretium mi sem ut ipsum. Curabitur suscipit suscipit tellus. Praesent vestibulum dapibus nibh. Etiam iaculis nunc ac metus. Ut id nisl quis enim dignissim sagittis. Etiam sollicitudin, ipsum eu pulvinar rutrum, tellus ipsum laoreet sapien, quis venenatis ante odio sit amet eros. Proin magna. Duis vel nibh at velit scelerisque suscipit. Curabitur turpis. Vestibulum suscipit nulla quis orci. Fusce ac felis sit amet ligula pharetra condimentum. Maecenas egestas arcu quis ligula mattis placerat. Duis lobortis massa imperdiet quam. Suspendisse potenti. Pellentesque commodo eros a enim. Vestibulum turpis sem, aliquet eget, lobortis pellentesque, rutrum eu, nisl. Sed libero. Aliquam erat volutpat. Etiam vitae tortor. Morbi vestibulum volutpat enim. Aliquam eu nunc. Nunc sed turpis. Sed mollis, eros et ultrices tempus, mauris ipsum aliquam libero, non adipiscing dolor urna a orci. Nulla porta dolor. Class aptent taciti sociosqu ad litora torquent per conubia nostra, per inceptos hymenaeos. Pellentesque dapibus hendrerit tortor. Praesent egestas tristique nibh. Sed a libero. Cras varius. Donec vitae orci sed dolor rutrum auctor. Fusce egestas elit eget lorem. Suspendisse nisl elit, rhoncus eget, elementum ac, condimentum eget, diam. Nam at tortor in tellus interdum sagittis. Aliquam lobortis. Donec orci lectus, aliquam ut, faucibus non, euismod id, nulla. Curabitur blandit mollis lacus. Nam adipiscing. Vestibulum eu odio. Vivamus laoreet. Nullam tincidunt adipiscing enim. Phasellus tempus. Proin viverra, ligula sit amet ultrices semper, ligula arcu tristique sapien, a accumsan nisi mauris ac eros. Fusce neque. Suspendisse faucibus, nunc et pellentesque egestas, lacus ante convallis tellus, vitae iaculis lacus elit id tortor. Vivamus aliquet elit ac nisl. Fusce fermentum odio nec arcu. Vivamus euismod mauris. In ut quam vitae odio lacinia tincidunt. Praesent ut ligula non mi varius sagittis. Cras sagittis. Praesent ac sem eget est egestas volutpat. Vivamus consectetuer hendrerit lacus. Cras non dolor. Vivamus in erat ut urna cursus vestibulum. Fusce commodo aliquam arcu. Nam commodo suscipit quam. Quisque id odio. Praesent venenatis metus at tortor pulvinar varius. Lorem ipsum dolor sit amet, consectetuer adipiscing elit. Aenean commodo ligula eget dolor. Aenean massa. Cum sociis natoque penatibus et magnis dis parturient montes, nascetur ridiculus mus. Donec quam felis, ultricies nec, pellentesque eu, pretium quis, sem. Nulla consequat massa quis enim. Donec pede justo, fringilla vel, aliquet nec, vulputate eget, arcu. In enim justo, rhoncus ut, imperdiet a, venenatis vitae, justo. Nullam dictum felis eu pede mollis pretium. Integer tincidunt. Cras dapibus. Vivamus elementum semper nisi. Aenean vulputate eleifend tellus. Aenean leo ligula, porttitor eu, consequat vita'),(4,'GSCTY-9','P-02112025-7',NULL,''),(5,'GSCTY-10','P-02112025-7',NULL,'Lorem ipsum dolor sit amet, consectetuer adipiscing elit. Aenean commodo ligula eget dolor. Aenean massa. Cum sociis natoque penatibus et magnis dis parturient montes, nascetur ridiculus mus. Donec quam felis, ultricies nec, pellentesque eu, pretium quis, sem. Nulla consequat massa quis enim. Donec pede justo, fringilla vel, aliquet nec, vulputate eget, arcu. In enim justo, rhoncus ut, imperdiet a, venenatis vitae, justo. Nullam dictum felis eu pede mollis pretium. Integer tincidunt. Cras dapibus. Vivamus elementum semper nisi. Aenean vulputate eleifend tellus. Aenean leo ligula, porttitor eu, consequat vitae, eleifend ac, enim. Aliquam lorem ante, dapibus in, viverra quis, feugiat a, tellus. Phasellus viverra nulla ut metus varius laoreet. Quisque rutrum. Aenean imperdiet. Etiam ultricies nisi vel augue. Curabitur ullamcorper ultricies nisi. Nam eget dui. Etiam rhoncus. Maecenas tempus, tellus eget condimentum rhoncus, sem quam semper libero, sit amet adipiscing sem neque sed ipsum. Nam quam nunc, blandit vel, luctus pulvinar, hendrerit id, lorem. Maecenas nec odio et ante tincidunt tempus. Donec vitae sapien ut libero venenatis faucibus. Nullam quis ante. Etiam sit amet orci eget eros faucibus tincidunt. Duis leo. Sed fringilla mauris sit amet nibh. Donec sodales sagittis magna. Sed consequat, leo eget bibendum sodales, augue velit cursus nunc, quis gravida magna mi a libero. Fusce vulputate eleifend sapien. Vestibulum purus quam, scelerisque ut, mollis sed, nonummy id, metus. Nullam accumsan lorem in dui. Cras ultricies mi eu turpis hendrerit fringilla. Vestibulum ante ipsum primis in faucibus orci luctus et ultrices posuere cubilia Curae; In ac dui quis mi consectetuer lacinia. Nam pretium turpis et arcu. Duis arcu tortor, suscipit eget, imperdiet nec, imperdiet iaculis, ipsum. Sed aliquam ultrices mauris. Integer ante arcu, accumsan a, consectetuer eget, posuere ut, mauris. Praesent adipiscing. Phasellus ullamcorper ipsum rutrum nunc. Nunc nonummy metus. Vestibulum volutpat pretium libero. Cras id dui. Aenean ut eros et nisl sagittis vestibulum. Nullam nulla eros, ultricies sit amet, nonummy id, imperdiet feugiat, pede. Sed lectus. Donec mollis hendrerit risus. Phasellus nec sem in justo pellentesque facilisis. Etiam imperdiet imperdiet orci. Nunc nec neque. Phasellus leo dolor, tempus non, auctor et, hendrerit quis, nisi. Curabitur ligula sapien, tincidunt non, euismod vitae, posuere imperdiet, leo. Maecenas malesuada. Praesent congue erat at massa. Sed cursus turpis vitae tortor. Donec posuere vulputate arcu. Phasellus accumsan cursus velit. Vestibulum ante ipsum primis in faucibus orci luctus et ultrices posuere cubilia Curae; Sed aliquam, nisi quis porttitor congue, elit erat euismod orci, ac placerat dolor lectus quis orci. Phasellus consectetuer vestibulum elit. Aenean tellus metus, bibendum sed, posuere ac, mattis non, nunc. Vestibulum fringilla pede sit amet augue. In turpis. Pellentesque posuere. Praesent turpis. Aenean posuere, tortor sed cursus feugiat, nunc augue blandit nunc, eu sollicitudin urna dolor sagittis lacus. Donec elit libero, sodales nec, volutpat a, suscipit non, turpis. Nullam sagittis. Suspendisse pulvinar, augue ac venenatis condimentum, sem libero volutpat nibh, nec pellentesque velit pede quis nunc. Vestibulum ante ipsum primis in faucibus orci luctus et ultrices posuere cubilia Curae; Fusce id purus. Ut varius tincidunt libero. Phasellus dolor. Maecenas vestibulum mollis diam. Pellentesque ut neque. Pellentesque habitant morbi tristique senectus et netus et malesuada fames ac turpis egestas. In dui magna, posuere eget, vestibulum et, tempor auctor, justo. In ac felis quis tortor malesuada pretium. Pellentesque auctor neque nec urna. Proin sapien ipsum, porta a, auctor quis, euismod ut, mi. Aenean viverra rhoncus pede. Pellentesque habitant morbi tristique senectus et netus et malesuada fames ac turpis egestas. Ut non enim eleifend felis pretium feugiat. Vivamus quis mi. Phasellus a est. Phasellus magna. In hac habitasse platea dictumst. Curabitur at lacus ac velit ornare lobortis. Curabitur a felis in nunc fringilla tristique. Morbi mattis ullamcorper velit. Phasellus gravida semper nisi. Nullam vel sem. Pellentesque libero tortor, tincidunt et, tincidunt eget, semper nec, quam. Sed hendrerit. Morbi ac felis. Nunc egestas, augue at pellentesque laoreet, felis eros vehicula leo, at malesuada velit leo quis pede. Donec interdum, metus et hendrerit aliquet, dolor diam sagittis ligula, eget egestas libero turpis vel mi. Nunc nulla. Fusce risus nisl, viverra et, tempor et, pretium in, sapien. Donec venenatis vulputate lorem. Morbi nec metus. Phasellus blandit leo ut odio. Maecenas ullamcorper, dui et placerat feugiat, eros pede varius nisi, condimentum viverra felis nunc et lorem. Sed magna purus, fermentum eu, tincidunt eu, varius ut, felis. In auctor lobortis lacus. Quisque libero metus, condimentum nec, tempor a, commodo mollis, magna. Vestibulum ullamcorper mauris at ligula. Fusce fermentum. Nullam cursus lacinia erat. Praesent blandit laoreet nibh. Fusce convallis metus id felis luctus adipiscing. Pellentesque egestas, neque sit amet convallis pulvinar, justo nulla eleifend augue, ac auctor orci leo non est. Quisque id mi. Ut tincidunt tincidunt erat. Etiam feugiat lorem non metus. Vestibulum dapibus nunc ac augue. Curabitur vestibulum aliquam leo. Praesent egestas neque eu enim. In hac habitasse platea dictumst. Fusce a quam. Etiam ut purus mattis mauris sodales aliquam. Curabitur nisi. Quisque malesuada placerat nisl. Nam ipsum risus, rutrum vitae, vestibulum eu, molestie vel, lacus. Sed augue ipsum, egestas nec, vestibulum et, malesuada adipiscing, dui. Vestibulum facilisis, purus nec pulvinar iaculis, ligula mi congue nunc, vitae euismod ligula urna in dolor. Mauris sollicitudin fermentum libero. Praesent nonummy mi in odio. Nunc interdum lacus sit amet orci. Vestibulum rutrum, mi nec elementum vehicula, eros quam gravida nisl, id fringilla neque ante vel mi. Morbi mollis tellus ac sapien. Phasellus volutpat, metus eget egestas mollis, lacus lacus blandit dui, id egestas quam mauris ut lacus. Fusce vel dui. Sed in libero ut nibh placerat accumsan. Proin faucibus arcu quis ante. In consectetuer turpis ut velit. Nulla sit amet est. Praesent metus tellus, elementum eu, semper a, adipiscing nec, purus. Cras risus ipsum, faucibus ut, ullamcorper id, varius ac, leo. Suspendisse feugiat. Suspendisse enim turpis, dictum sed, iaculis a, condimentum nec, nisi. Praesent nec nisl a purus blandit viverra. Praesent ac massa at ligula laoreet iaculis. Nulla neque dolor, sagittis eget, iaculis quis, molestie non, velit. Mauris turpis nunc, blandit et, volutpat molestie, porta ut, ligula. Fusce pharetra convallis urna. Quisque ut nisi. Donec mi odio, faucibus at, scelerisque quis, convallis in, nisi. Suspendisse non nisl sit amet velit hendrerit rutrum. Ut leo. Ut a nisl id ante tempus hendrerit. Proin pretium, leo ac pellentesque mollis, felis nunc ultrices eros, sed gravida augue augue mollis justo. Suspendisse eu ligula. Nulla facilisi. Donec id justo. Praesent porttitor, nulla vitae posuere iaculis, arcu nisl dignissim dolor, a pretium mi sem ut ipsum. Curabitur suscipit suscipit tellus. Praesent vestibulum dapibus nibh. Etiam iaculis nunc ac metus. Ut id nisl quis enim dignissim sagittis. Etiam sollicitudin, ipsum eu pulvinar rutrum, tellus ipsum laoreet sapien, quis venenatis ante odio sit amet eros. Proin magna. Duis vel nibh at velit scelerisque suscipit. Curabitur turpis. Vestibulum suscipit nulla quis orci. Fusce ac felis sit amet ligula pharetra condimentum. Maecenas egestas arcu quis ligula mattis placerat. Duis lobortis massa imperdiet quam. Suspendisse potenti. Pellentesque commodo eros a enim. Vestibulum turpis sem, aliquet eget, lobortis pellentesque, rutrum eu, nisl. Sed libero. Aliquam erat volutpat. Etiam vitae tortor. Morbi vestibulum volutpat enim. Aliquam eu nunc. Nunc sed turpis. Sed mollis, eros et ultrices tempus, mauris ipsum aliquam libero, non adipiscing dolor urna a orci. Nulla porta dolor. Class aptent taciti sociosqu ad litora torquent per conubia nostra, per inceptos hymenaeos. Pellentesque dapibus hendrerit tortor. Praesent egestas tristique nibh. Sed a libero. Cras varius. Donec vitae orci sed dolor rutrum auctor. Fusce egestas elit eget lorem. Suspendisse nisl elit, rhoncus eget, elementum ac, condimentum eget, diam. Nam at tortor in tellus interdum sagittis. Aliquam lobortis. Donec orci lectus, aliquam ut, faucibus non, euismod id, nulla. Curabitur blandit mollis lacus. Nam adipiscing. Vestibulum eu odio. Vivamus laoreet. Nullam tincidunt adipiscing enim. Phasellus tempus. Proin viverra, ligula sit amet ultrices semper, ligula arcu tristique sapien, a accumsan nisi mauris ac eros. Fusce neque. Suspendisse faucibus, nunc et pellentesque egestas, lacus ante convallis tellus, vitae iaculis lacus elit id tortor. Vivamus aliquet elit ac nisl. Fusce fermentum odio nec arcu. Vivamus euismod mauris. In ut quam vitae odio lacinia tincidunt. Praesent ut ligula non mi varius sagittis. Cras sagittis. Praesent ac sem eget est egestas volutpat. Vivamus consectetuer hendrerit lacus. Cras non dolor. Vivamus in erat ut urna cursus vestibulum. Fusce commodo aliquam arcu. Nam commodo suscipit quam. Quisque id odio. Praesent venenatis metus at tortor pulvinar varius. Lorem ipsum dolor sit amet, consectetuer adipiscing elit. Aenean commodo ligula eget dolor. Aenean massa. Cum sociis natoque penatibus et magnis dis parturient montes, nascetur ridiculus mus. Donec quam felis, ultricies nec, pellentesque eu, pretium quis, sem. Nulla consequat massa quis enim. Donec pede justo, fringilla vel, aliquet nec, vulputate eget, arcu. In enim justo, rhoncus ut, imperdiet a, venenatis vitae, justo. Nullam dictum felis eu pede mollis pretium. Integer tincidunt. Cras dapibus. Vivamus elementum semper nisi. Aenean vulputate eleifend tellus. Aenean leo ligula, porttitor eu, consequat vita'),(6,'GSCTY-11','P-02112025-7',NULL,''),(7,'GSCTY-12','P-02112025-7',NULL,'Lorem ipsum dolor sit amet, consectetuer adipiscing elit. Aenean commodo ligula eget dolor. Aenean massa. Cum sociis natoque penatibus et magnis dis parturient montes, nascetur ridiculus mus. Donec quam felis, ultricies nec, pellentesque eu, pretium quis, sem. Nulla consequat massa quis enim. Donec pede justo, fringilla vel, aliquet nec, vulputate eget, arcu. In enim justo, rhoncus ut, imperdiet a, venenatis vitae, justo. Nullam dictum felis eu pede mollis pretium. Integer tincidunt. Cras dapibus. Vivamus elementum semper nisi. Aenean vulputate eleifend tellus. Aenean leo ligula, porttitor eu, consequat vitae, eleifend ac, enim. Aliquam lorem ante, dapibus in, viverra quis, feugiat a, tellus. Phasellus viverra nulla ut metus varius laoreet. Quisque rutrum. Aenean imperdiet. Etiam ultricies nisi vel augue. Curabitur ullamcorper ultricies nisi. Nam eget dui. Etiam rhoncus. Maecenas tempus, tellus eget condimentum rhoncus, sem quam semper libero, sit amet adipiscing sem neque sed ipsum. Nam quam nunc, blandit vel, luctus pulvinar, hendrerit id, lorem. Maecenas nec odio et ante tincidunt tempus. Donec vitae sapien ut libero venenatis faucibus. Nullam quis ante. Etiam sit amet orci eget eros faucibus tincidunt. Duis leo. Sed fringilla mauris sit amet nibh. Donec sodales sagittis magna. Sed consequat, leo eget bibendum sodales, augue velit cursus nunc, quis gravida magna mi a libero. Fusce vulputate eleifend sapien. Vestibulum purus quam, scelerisque ut, mollis sed, nonummy id, metus. Nullam accumsan lorem in dui. Cras ultricies mi eu turpis hendrerit fringilla. Vestibulum ante ipsum primis in faucibus orci luctus et ultrices posuere cubilia Curae; In ac dui quis mi consectetuer lacinia. Nam pretium turpis et arcu. Duis arcu tortor, suscipit eget, imperdiet nec, imperdiet iaculis, ipsum. Sed aliquam ultrices mauris. Integer ante arcu, accumsan a, consectetuer eget, posuere ut, mauris. Praesent adipiscing. Phasellus ullamcorper ipsum rutrum nunc. Nunc nonummy metus. Vestibulum volutpat pretium libero. Cras id dui. Aenean ut eros et nisl sagittis vestibulum. Nullam nulla eros, ultricies sit amet, nonummy id, imperdiet feugiat, pede. Sed lectus. Donec mollis hendrerit risus. Phasellus nec sem in justo pellentesque facilisis. Etiam imperdiet imperdiet orci. Nunc nec neque. Phasellus leo dolor, tempus non, auctor et, hendrerit quis, nisi. Curabitur ligula sapien, tincidunt non, euismod vitae, posuere imperdiet, leo. Maecenas malesuada. Praesent congue erat at massa. Sed cursus turpis vitae tortor. Donec posuere vulputate arcu. Phasellus accumsan cursus velit. Vestibulum ante ipsum primis in faucibus orci luctus et ultrices posuere cubilia Curae; Sed aliquam, nisi quis porttitor congue, elit erat euismod orci, ac placerat dolor lectus quis orci. Phasellus consectetuer vestibulum elit. Aenean tellus metus, bibendum sed, posuere ac, mattis non, nunc. Vestibulum fringilla pede sit amet augue. In turpis. Pellentesque posuere. Praesent turpis. Aenean posuere, tortor sed cursus feugiat, nunc augue blandit nunc, eu sollicitudin urna dolor sagittis lacus. Donec elit libero, sodales nec, volutpat a, suscipit non, turpis. Nullam sagittis. Suspendisse pulvinar, augue ac venenatis condimentum, sem libero volutpat nibh, nec pellentesque velit pede quis nunc. Vestibulum ante ipsum primis in faucibus orci luctus et ultrices posuere cubilia Curae; Fusce id purus. Ut varius tincidunt libero. Phasellus dolor. Maecenas vestibulum mollis diam. Pellentesque ut neque. Pellentesque habitant morbi tristique senectus et netus et malesuada fames ac turpis egestas. In dui magna, posuere eget, vestibulum et, tempor auctor, justo. In ac felis quis tortor malesuada pretium. Pellentesque auctor neque nec urna. Proin sapien ipsum, porta a, auctor quis, euismod ut, mi. Aenean viverra rhoncus pede. Pellentesque habitant morbi tristique senectus et netus et malesuada fames ac turpis egestas. Ut non enim eleifend felis pretium feugiat. Vivamus quis mi. Phasellus a est. Phasellus magna. In hac habitasse platea dictumst. Curabitur at lacus ac velit ornare lobortis. Curabitur a felis in nunc fringilla tristique. Morbi mattis ullamcorper velit. Phasellus gravida semper nisi. Nullam vel sem. Pellentesque libero tortor, tincidunt et, tincidunt eget, semper nec, quam. Sed hendrerit. Morbi ac felis. Nunc egestas, augue at pellentesque laoreet, felis eros vehicula leo, at malesuada velit leo quis pede. Donec interdum, metus et hendrerit aliquet, dolor diam sagittis ligula, eget egestas libero turpis vel mi. Nunc nulla. Fusce risus nisl, viverra et, tempor et, pretium in, sapien. Donec venenatis vulputate lorem. Morbi nec metus. Phasellus blandit leo ut odio. Maecenas ullamcorper, dui et placerat feugiat, eros pede varius nisi, condimentum viverra felis nunc et lorem. Sed magna purus, fermentum eu, tincidunt eu, varius ut, felis. In auctor lobortis lacus. Quisque libero metus, condimentum nec, tempor a, commodo mollis, magna. Vestibulum ullamcorper mauris at ligula. Fusce fermentum. Nullam cursus lacinia erat. Praesent blandit laoreet nibh. Fusce convallis metus id felis luctus adipiscing. Pellentesque egestas, neque sit amet convallis pulvinar, justo nulla eleifend augue, ac auctor orci leo non est. Quisque id mi. Ut tincidunt tincidunt erat. Etiam feugiat lorem non metus. Vestibulum dapibus nunc ac augue. Curabitur vestibulum aliquam leo. Praesent egestas neque eu enim. In hac habitasse platea dictumst. Fusce a quam. Etiam ut purus mattis mauris sodales aliquam. Curabitur nisi. Quisque malesuada placerat nisl. Nam ipsum risus, rutrum vitae, vestibulum eu, molestie vel, lacus. Sed augue ipsum, egestas nec, vestibulum et, malesuada adipiscing, dui. Vestibulum facilisis, purus nec pulvinar iaculis, ligula mi congue nunc, vitae euismod ligula urna in dolor. Mauris sollicitudin fermentum libero. Praesent nonummy mi in odio. Nunc interdum lacus sit amet orci. Vestibulum rutrum, mi nec elementum vehicula, eros quam gravida nisl, id fringilla neque ante vel mi. Morbi mollis tellus ac sapien. Phasellus volutpat, metus eget egestas mollis, lacus lacus blandit dui, id egestas quam mauris ut lacus. Fusce vel dui. Sed in libero ut nibh placerat accumsan. Proin faucibus arcu quis ante. In consectetuer turpis ut velit. Nulla sit amet est. Praesent metus tellus, elementum eu, semper a, adipiscing nec, purus. Cras risus ipsum, faucibus ut, ullamcorper id, varius ac, leo. Suspendisse feugiat. Suspendisse enim turpis, dictum sed, iaculis a, condimentum nec, nisi. Praesent nec nisl a purus blandit viverra. Praesent ac massa at ligula laoreet iaculis. Nulla neque dolor, sagittis eget, iaculis quis, molestie non, velit. Mauris turpis nunc, blandit et, volutpat molestie, porta ut, ligula. Fusce pharetra convallis urna. Quisque ut nisi. Donec mi odio, faucibus at, scelerisque quis, convallis in, nisi. Suspendisse non nisl sit amet velit hendrerit rutrum. Ut leo. Ut a nisl id ante tempus hendrerit. Proin pretium, leo ac pellentesque mollis, felis nunc ultrices eros, sed gravida augue augue mollis justo. Suspendisse eu ligula. Nulla facilisi. Donec id justo. Praesent porttitor, nulla vitae posuere iaculis, arcu nisl dignissim dolor, a pretium mi sem ut ipsum. Curabitur suscipit suscipit tellus. Praesent vestibulum dapibus nibh. Etiam iaculis nunc ac metus. Ut id nisl quis enim dignissim sagittis. Etiam sollicitudin, ipsum eu pulvinar rutrum, tellus ipsum laoreet sapien, quis venenatis ante odio sit amet eros. Proin magna. Duis vel nibh at velit scelerisque suscipit. Curabitur turpis. Vestibulum suscipit nulla quis orci. Fusce ac felis sit amet ligula pharetra condimentum. Maecenas egestas arcu quis ligula mattis placerat. Duis lobortis massa imperdiet quam. Suspendisse potenti. Pellentesque commodo eros a enim. Vestibulum turpis sem, aliquet eget, lobortis pellentesque, rutrum eu, nisl. Sed libero. Aliquam erat volutpat. Etiam vitae tortor. Morbi vestibulum volutpat enim. Aliquam eu nunc. Nunc sed turpis. Sed mollis, eros et ultrices tempus, mauris ipsum aliquam libero, non adipiscing dolor urna a orci. Nulla porta dolor. Class aptent taciti sociosqu ad litora torquent per conubia nostra, per inceptos hymenaeos. Pellentesque dapibus hendrerit tortor. Praesent egestas tristique nibh. Sed a libero. Cras varius. Donec vitae orci sed dolor rutrum auctor. Fusce egestas elit eget lorem. Suspendisse nisl elit, rhoncus eget, elementum ac, condimentum eget, diam. Nam at tortor in tellus interdum sagittis. Aliquam lobortis. Donec orci lectus, aliquam ut, faucibus non, euismod id, nulla. Curabitur blandit mollis lacus. Nam adipiscing. Vestibulum eu odio. Vivamus laoreet. Nullam tincidunt adipiscing enim. Phasellus tempus. Proin viverra, ligula sit amet ultrices semper, ligula arcu tristique sapien, a accumsan nisi mauris ac eros. Fusce neque. Suspendisse faucibus, nunc et pellentesque egestas, lacus ante convallis tellus, vitae iaculis lacus elit id tortor. Vivamus aliquet elit ac nisl. Fusce fermentum odio nec arcu. Vivamus euismod mauris. In ut quam vitae odio lacinia tincidunt. Praesent ut ligula non mi varius sagittis. Cras sagittis. Praesent ac sem eget est egestas volutpat. Vivamus consectetuer hendrerit lacus. Cras non dolor. Vivamus in erat ut urna cursus vestibulum. Fusce commodo aliquam arcu. Nam commodo suscipit quam. Quisque id odio. Praesent venenatis metus at tortor pulvinar varius. Lorem ipsum dolor sit amet, consectetuer adipiscing elit. Aenean commodo ligula eget dolor. Aenean massa. Cum sociis natoque penatibus et magnis dis parturient montes, nascetur ridiculus mus. Donec quam felis, ultricies nec, pellentesque eu, pretium quis, sem. Nulla consequat massa quis enim. Donec pede justo, fringilla vel, aliquet nec, vulputate eget, arcu. In enim justo, rhoncus ut, imperdiet a, venenatis vitae, justo. Nullam dictum felis eu pede mollis pretium. Integer tincidunt. Cras dapibus. Vivamus elementum semper nisi. Aenean vulputate eleifend tellus. Aenean leo ligula, porttitor eu, consequat vita'),(8,'GSCTY-13','P-02112025-7',NULL,''),(9,'GSCTY-14','P-02112025-7',NULL,'Lorem ipsum dolor sit amet, consectetuer adipiscing elit. Aenean commodo ligula eget dolor. Aenean massa. Cum sociis natoque penatibus et magnis dis parturient montes, nascetur ridiculus mus. Donec quam felis, ultricies nec, pellentesque eu, pretium quis, sem. Nulla consequat massa quis enim. Donec pede justo, fringilla vel, aliquet nec, vulputate eget, arcu. In enim justo, rhoncus ut, imperdiet a, venenatis vitae, justo. Nullam dictum felis eu pede mollis pretium. Integer tincidunt. Cras dapibus. Vivamus elementum semper nisi. Aenean vulputate eleifend tellus. Aenean leo ligula, porttitor eu, consequat vitae, eleifend ac, enim. Aliquam lorem ante, dapibus in, viverra quis, feugiat a, tellus. Phasellus viverra nulla ut metus varius laoreet. Quisque rutrum. Aenean imperdiet. Etiam ultricies nisi vel augue. Curabitur ullamcorper ultricies nisi. Nam eget dui. Etiam rhoncus. Maecenas tempus, tellus eget condimentum rhoncus, sem quam semper libero, sit amet adipiscing sem neque sed ipsum. Nam quam nunc, blandit vel, luctus pulvinar, hendrerit id, lorem. Maecenas nec odio et ante tincidunt tempus. Donec vitae sapien ut libero venenatis faucibus. Nullam quis ante. Etiam sit amet orci eget eros faucibus tincidunt. Duis leo. Sed fringilla mauris sit amet nibh. Donec sodales sagittis magna. Sed consequat, leo eget bibendum sodales, augue velit cursus nunc, quis gravida magna mi a libero. Fusce vulputate eleifend sapien. Vestibulum purus quam, scelerisque ut, mollis sed, nonummy id, metus. Nullam accumsan lorem in dui. Cras ultricies mi eu turpis hendrerit fringilla. Vestibulum ante ipsum primis in faucibus orci luctus et ultrices posuere cubilia Curae; In ac dui quis mi consectetuer lacinia. Nam pretium turpis et arcu. Duis arcu tortor, suscipit eget, imperdiet nec, imperdiet iaculis, ipsum. Sed aliquam ultrices mauris. Integer ante arcu, accumsan a, consectetuer eget, posuere ut, mauris. Praesent adipiscing. Phasellus ullamcorper ipsum rutrum nunc. Nunc nonummy metus. Vestibulum volutpat pretium libero. Cras id dui. Aenean ut eros et nisl sagittis vestibulum. Nullam nulla eros, ultricies sit amet, nonummy id, imperdiet feugiat, pede. Sed lectus. Donec mollis hendrerit risus. Phasellus nec sem in justo pellentesque facilisis. Etiam imperdiet imperdiet orci. Nunc nec neque. Phasellus leo dolor, tempus non, auctor et, hendrerit quis, nisi. Curabitur ligula sapien, tincidunt non, euismod vitae, posuere imperdiet, leo. Maecenas malesuada. Praesent congue erat at massa. Sed cursus turpis vitae tortor. Donec posuere vulputate arcu. Phasellus accumsan cursus velit. Vestibulum ante ipsum primis in faucibus orci luctus et ultrices posuere cubilia Curae; Sed aliquam, nisi quis porttitor congue, elit erat euismod orci, ac placerat dolor lectus quis orci. Phasellus consectetuer vestibulum elit. Aenean tellus metus, bibendum sed, posuere ac, mattis non, nunc. Vestibulum fringilla pede sit amet augue. In turpis. Pellentesque posuere. Praesent turpis. Aenean posuere, tortor sed cursus feugiat, nunc augue blandit nunc, eu sollicitudin urna dolor sagittis lacus. Donec elit libero, sodales nec, volutpat a, suscipit non, turpis. Nullam sagittis. Suspendisse pulvinar, augue ac venenatis condimentum, sem libero volutpat nibh, nec pellentesque velit pede quis nunc. Vestibulum ante ipsum primis in faucibus orci luctus et ultrices posuere cubilia Curae; Fusce id purus. Ut varius tincidunt libero. Phasellus dolor. Maecenas vestibulum mollis diam. Pellentesque ut neque. Pellentesque habitant morbi tristique senectus et netus et malesuada fames ac turpis egestas. In dui magna, posuere eget, vestibulum et, tempor auctor, justo. In ac felis quis tortor malesuada pretium. Pellentesque auctor neque nec urna. Proin sapien ipsum, porta a, auctor quis, euismod ut, mi. Aenean viverra rhoncus pede. Pellentesque habitant morbi tristique senectus et netus et malesuada fames ac turpis egestas. Ut non enim eleifend felis pretium feugiat. Vivamus quis mi. Phasellus a est. Phasellus magna. In hac habitasse platea dictumst. Curabitur at lacus ac velit ornare lobortis. Curabitur a felis in nunc fringilla tristique. Morbi mattis ullamcorper velit. Phasellus gravida semper nisi. Nullam vel sem. Pellentesque libero tortor, tincidunt et, tincidunt eget, semper nec, quam. Sed hendrerit. Morbi ac felis. Nunc egestas, augue at pellentesque laoreet, felis eros vehicula leo, at malesuada velit leo quis pede. Donec interdum, metus et hendrerit aliquet, dolor diam sagittis ligula, eget egestas libero turpis vel mi. Nunc nulla. Fusce risus nisl, viverra et, tempor et, pretium in, sapien. Donec venenatis vulputate lorem. Morbi nec metus. Phasellus blandit leo ut odio. Maecenas ullamcorper, dui et placerat feugiat, eros pede varius nisi, condimentum viverra felis nunc et lorem. Sed magna purus, fermentum eu, tincidunt eu, varius ut, felis. In auctor lobortis lacus. Quisque libero metus, condimentum nec, tempor a, commodo mollis, magna. Vestibulum ullamcorper mauris at ligula. Fusce fermentum. Nullam cursus lacinia erat. Praesent blandit laoreet nibh. Fusce convallis metus id felis luctus adipiscing. Pellentesque egestas, neque sit amet convallis pulvinar, justo nulla eleifend augue, ac auctor orci leo non est. Quisque id mi. Ut tincidunt tincidunt erat. Etiam feugiat lorem non metus. Vestibulum dapibus nunc ac augue. Curabitur vestibulum aliquam leo. Praesent egestas neque eu enim. In hac habitasse platea dictumst. Fusce a quam. Etiam ut purus mattis mauris sodales aliquam. Curabitur nisi. Quisque malesuada placerat nisl. Nam ipsum risus, rutrum vitae, vestibulum eu, molestie vel, lacus. Sed augue ipsum, egestas nec, vestibulum et, malesuada adipiscing, dui. Vestibulum facilisis, purus nec pulvinar iaculis, ligula mi congue nunc, vitae euismod ligula urna in dolor. Mauris sollicitudin fermentum libero. Praesent nonummy mi in odio. Nunc interdum lacus sit amet orci. Vestibulum rutrum, mi nec elementum vehicula, eros quam gravida nisl, id fringilla neque ante vel mi. Morbi mollis tellus ac sapien. Phasellus volutpat, metus eget egestas mollis, lacus lacus blandit dui, id egestas quam mauris ut lacus. Fusce vel dui. Sed in libero ut nibh placerat accumsan. Proin faucibus arcu quis ante. In consectetuer turpis ut velit. Nulla sit amet est. Praesent metus tellus, elementum eu, semper a, adipiscing nec, purus. Cras risus ipsum, faucibus ut, ullamcorper id, varius ac, leo. Suspendisse feugiat. Suspendisse enim turpis, dictum sed, iaculis a, condimentum nec, nisi. Praesent nec nisl a purus blandit viverra. Praesent ac massa at ligula laoreet iaculis. Nulla neque dolor, sagittis eget, iaculis quis, molestie non, velit. Mauris turpis nunc, blandit et, volutpat molestie, porta ut, ligula. Fusce pharetra convallis urna. Quisque ut nisi. Donec mi odio, faucibus at, scelerisque quis, convallis in, nisi. Suspendisse non nisl sit amet velit hendrerit rutrum. Ut leo. Ut a nisl id ante tempus hendrerit. Proin pretium, leo ac pellentesque mollis, felis nunc ultrices eros, sed gravida augue augue mollis justo. Suspendisse eu ligula. Nulla facilisi. Donec id justo. Praesent porttitor, nulla vitae posuere iaculis, arcu nisl dignissim dolor, a pretium mi sem ut ipsum. Curabitur suscipit suscipit tellus. Praesent vestibulum dapibus nibh. Etiam iaculis nunc ac metus. Ut id nisl quis enim dignissim sagittis. Etiam sollicitudin, ipsum eu pulvinar rutrum, tellus ipsum laoreet sapien, quis venenatis ante odio sit amet eros. Proin magna. Duis vel nibh at velit scelerisque suscipit. Curabitur turpis. Vestibulum suscipit nulla quis orci. Fusce ac felis sit amet ligula pharetra condimentum. Maecenas egestas arcu quis ligula mattis placerat. Duis lobortis massa imperdiet quam. Suspendisse potenti. Pellentesque commodo eros a enim. Vestibulum turpis sem, aliquet eget, lobortis pellentesque, rutrum eu, nisl. Sed libero. Aliquam erat volutpat. Etiam vitae tortor. Morbi vestibulum volutpat enim. Aliquam eu nunc. Nunc sed turpis. Sed mollis, eros et ultrices tempus, mauris ipsum aliquam libero, non adipiscing dolor urna a orci. Nulla porta dolor. Class aptent taciti sociosqu ad litora torquent per conubia nostra, per inceptos hymenaeos. Pellentesque dapibus hendrerit tortor. Praesent egestas tristique nibh. Sed a libero. Cras varius. Donec vitae orci sed dolor rutrum auctor. Fusce egestas elit eget lorem. Suspendisse nisl elit, rhoncus eget, elementum ac, condimentum eget, diam. Nam at tortor in tellus interdum sagittis. Aliquam lobortis. Donec orci lectus, aliquam ut, faucibus non, euismod id, nulla. Curabitur blandit mollis lacus. Nam adipiscing. Vestibulum eu odio. Vivamus laoreet. Nullam tincidunt adipiscing enim. Phasellus tempus. Proin viverra, ligula sit amet ultrices semper, ligula arcu tristique sapien, a accumsan nisi mauris ac eros. Fusce neque. Suspendisse faucibus, nunc et pellentesque egestas, lacus ante convallis tellus, vitae iaculis lacus elit id tortor. Vivamus aliquet elit ac nisl. Fusce fermentum odio nec arcu. Vivamus euismod mauris. In ut quam vitae odio lacinia tincidunt. Praesent ut ligula non mi varius sagittis. Cras sagittis. Praesent ac sem eget est egestas volutpat. Vivamus consectetuer hendrerit lacus. Cras non dolor. Vivamus in erat ut urna cursus vestibulum. Fusce commodo aliquam arcu. Nam commodo suscipit quam. Quisque id odio. Praesent venenatis metus at tortor pulvinar varius. Lorem ipsum dolor sit amet, consectetuer adipiscing elit. Aenean commodo ligula eget dolor. Aenean massa. Cum sociis natoque penatibus et magnis dis parturient montes, nascetur ridiculus mus. Donec quam felis, ultricies nec, pellentesque eu, pretium quis, sem. Nulla consequat massa quis enim. Donec pede justo, fringilla vel, aliquet nec, vulputate eget, arcu. In enim justo, rhoncus ut, imperdiet a, venenatis vitae, justo. Nullam dictum felis eu pede mollis pretium. Integer tincidunt. Cras dapibus. Vivamus elementum semper nisi. Aenean vulputate eleifend tellus. Aenean leo ligula, porttitor eu, consequat vita'),(10,'GSCTY-15','P-02112025-7',NULL,''),(11,'DS2OB-18','P-17012026-11',NULL,''),(12,'DS2OB-19','P-17012026-11',NULL,''),(13,'DS2OB-20','P-17012026-11',NULL,''),(14,'DS2OB-21','P-17012026-11',NULL,''),(15,'DS2OB-22','P-17012026-11',NULL,''),(16,'DS2OB-23','P-17012026-11',NULL,''),(17,'DS2OB-24','P-17012026-11',NULL,''),(18,'DS2OB-25','P-17012026-11',NULL,''),(19,'DS2OB-26','P-17012026-11',NULL,''),(20,'DS2OB-27','P-17012026-11',NULL,'');
/*!40000 ALTER TABLE `detalleaccesoriopedido` ENABLE KEYS */;
UNLOCK TABLES;

--
-- Table structure for table `detallecarritoventas`
--

DROP TABLE IF EXISTS `detallecarritoventas`;
/*!40101 SET @saved_cs_client     = @@character_set_client */;
/*!50503 SET character_set_client = utf8mb4 */;
CREATE TABLE `detallecarritoventas` (
  `IdDetalleCarritoPK` int NOT NULL AUTO_INCREMENT,
  `IdCarritoFK` int NOT NULL,
  `TipoArticulo` enum('Producto','Accesorio','Insumo','Servicio') NOT NULL,
  `CodigoArticulo` varchar(25) NOT NULL,
  `PrecioVenta` decimal(10,2) NOT NULL,
  `Descuento` decimal(10,2) DEFAULT '0.00',
  `SubtotalSinIVA` decimal(10,2) NOT NULL,
  `Cantidad` int unsigned DEFAULT '1',
  `PrecioBaseOriginal` decimal(10,2) NOT NULL,
  `MargenAplicado` decimal(5,2) NOT NULL,
  PRIMARY KEY (`IdDetalleCarritoPK`),
  KEY `IdCarritoFK` (`IdCarritoFK`),
  CONSTRAINT `detallecarritoventas_ibfk_1` FOREIGN KEY (`IdCarritoFK`) REFERENCES `carritoventas` (`IdCarritoPK`)
) ENGINE=InnoDB AUTO_INCREMENT=111 DEFAULT CHARSET=utf8mb4 COLLATE=utf8mb4_0900_ai_ci;
/*!40101 SET character_set_client = @saved_cs_client */;

--
-- Dumping data for table `detallecarritoventas`
--

LOCK TABLES `detallecarritoventas` WRITE;
/*!40000 ALTER TABLE `detallecarritoventas` DISABLE KEYS */;
INSERT INTO `detallecarritoventas` VALUES (109,97,'Servicio','7',20.00,0.00,20.00,1,20.00,0.00),(110,98,'Accesorio','DS2OB-23',50.96,0.00,50.96,1,37.75,35.00);
/*!40000 ALTER TABLE `detallecarritoventas` ENABLE KEYS */;
UNLOCK TABLES;

--
-- Table structure for table `detalleinsumopedido`
--

DROP TABLE IF EXISTS `detalleinsumopedido`;
/*!40101 SET @saved_cs_client     = @@character_set_client */;
/*!50503 SET character_set_client = utf8mb4 */;
CREATE TABLE `detalleinsumopedido` (
  `IdDetalleInsumoPedidoPK` int NOT NULL AUTO_INCREMENT,
  `IdInsumoBaseFK` varchar(25) NOT NULL,
  `IdCodigoPedidoFK` varchar(25) NOT NULL,
  `EnlaceArticulo` varchar(1000) DEFAULT NULL,
  `Comentario` varchar(10000) DEFAULT NULL,
  PRIMARY KEY (`IdDetalleInsumoPedidoPK`),
  KEY `IdInsumoBaseFK` (`IdInsumoBaseFK`),
  KEY `IdCodigoPedidoFK` (`IdCodigoPedidoFK`),
  CONSTRAINT `detalleinsumopedido_ibfk_1` FOREIGN KEY (`IdInsumoBaseFK`) REFERENCES `insumosbase` (`CodigoInsumo`),
  CONSTRAINT `detalleinsumopedido_ibfk_2` FOREIGN KEY (`IdCodigoPedidoFK`) REFERENCES `pedidobase` (`CodigoPedido`)
) ENGINE=InnoDB AUTO_INCREMENT=2 DEFAULT CHARSET=utf8mb4 COLLATE=utf8mb4_0900_ai_ci;
/*!40101 SET character_set_client = @saved_cs_client */;

--
-- Dumping data for table `detalleinsumopedido`
--

LOCK TABLES `detalleinsumopedido` WRITE;
/*!40000 ALTER TABLE `detalleinsumopedido` DISABLE KEYS */;
INSERT INTO `detalleinsumopedido` VALUES (1,'RJ451-1','P-02112025-7',NULL,'Lorem ipsum dolor sit amet, consectetuer adipiscing elit. Aenean commodo ligula eget dolor. Aenean massa. Cum sociis natoque penatibus et magnis dis parturient montes, nascetur ridiculus mus. Donec quam felis, ultricies nec, pellentesque eu, pretium quis, sem. Nulla consequat massa quis enim. Donec pede justo, fringilla vel, aliquet nec, vulputate eget, arcu. In enim justo, rhoncus ut, imperdiet a, venenatis vitae, justo. Nullam dictum felis eu pede mollis pretium. Integer tincidunt. Cras dapibus. Vivamus elementum semper nisi. Aenean vulputate eleifend tellus. Aenean leo ligula, porttitor eu, consequat vitae, eleifend ac, enim. Aliquam lorem ante, dapibus in, viverra quis, feugiat a, tellus. Phasellus viverra nulla ut metus varius laoreet. Quisque rutrum. Aenean imperdiet. Etiam ultricies nisi vel augue. Curabitur ullamcorper ultricies nisi. Nam eget dui. Etiam rhoncus. Maecenas tempus, tellus eget condimentum rhoncus, sem quam semper libero, sit amet adipiscing sem neque sed ipsum. Nam quam nunc, blandit vel, luctus pulvinar, hendrerit id, lorem. Maecenas nec odio et ante tincidunt tempus. Donec vitae sapien ut libero venenatis faucibus. Nullam quis ante. Etiam sit amet orci eget eros faucibus tincidunt. Duis leo. Sed fringilla mauris sit amet nibh. Donec sodales sagittis magna. Sed consequat, leo eget bibendum sodales, augue velit cursus nunc, quis gravida magna mi a libero. Fusce vulputate eleifend sapien. Vestibulum purus quam, scelerisque ut, mollis sed, nonummy id, metus. Nullam accumsan lorem in dui. Cras ultricies mi eu turpis hendrerit fringilla. Vestibulum ante ipsum primis in faucibus orci luctus et ultrices posuere cubilia Curae; In ac dui quis mi consectetuer lacinia. Nam pretium turpis et arcu. Duis arcu tortor, suscipit eget, imperdiet nec, imperdiet iaculis, ipsum. Sed aliquam ultrices mauris. Integer ante arcu, accumsan a, consectetuer eget, posuere ut, mauris. Praesent adipiscing. Phasellus ullamcorper ipsum rutrum nunc. Nunc nonummy metus. Vestibulum volutpat pretium libero. Cras id dui. Aenean ut eros et nisl sagittis vestibulum. Nullam nulla eros, ultricies sit amet, nonummy id, imperdiet feugiat, pede. Sed lectus. Donec mollis hendrerit risus. Phasellus nec sem in justo pellentesque facilisis. Etiam imperdiet imperdiet orci. Nunc nec neque. Phasellus leo dolor, tempus non, auctor et, hendrerit quis, nisi. Curabitur ligula sapien, tincidunt non, euismod vitae, posuere imperdiet, leo. Maecenas malesuada. Praesent congue erat at massa. Sed cursus turpis vitae tortor. Donec posuere vulputate arcu. Phasellus accumsan cursus velit. Vestibulum ante ipsum primis in faucibus orci luctus et ultrices posuere cubilia Curae; Sed aliquam, nisi quis porttitor congue, elit erat euismod orci, ac placerat dolor lectus quis orci. Phasellus consectetuer vestibulum elit. Aenean tellus metus, bibendum sed, posuere ac, mattis non, nunc. Vestibulum fringilla pede sit amet augue. In turpis. Pellentesque posuere. Praesent turpis. Aenean posuere, tortor sed cursus feugiat, nunc augue blandit nunc, eu sollicitudin urna dolor sagittis lacus. Donec elit libero, sodales nec, volutpat a, suscipit non, turpis. Nullam sagittis. Suspendisse pulvinar, augue ac venenatis condimentum, sem libero volutpat nibh, nec pellentesque velit pede quis nunc. Vestibulum ante ipsum primis in faucibus orci luctus et ultrices posuere cubilia Curae; Fusce id purus. Ut varius tincidunt libero. Phasellus dolor. Maecenas vestibulum mollis diam. Pellentesque ut neque. Pellentesque habitant morbi tristique senectus et netus et malesuada fames ac turpis egestas. In dui magna, posuere eget, vestibulum et, tempor auctor, justo. In ac felis quis tortor malesuada pretium. Pellentesque auctor neque nec urna. Proin sapien ipsum, porta a, auctor quis, euismod ut, mi. Aenean viverra rhoncus pede. Pellentesque habitant morbi tristique senectus et netus et malesuada fames ac turpis egestas. Ut non enim eleifend felis pretium feugiat. Vivamus quis mi. Phasellus a est. Phasellus magna. In hac habitasse platea dictumst. Curabitur at lacus ac velit ornare lobortis. Curabitur a felis in nunc fringilla tristique. Morbi mattis ullamcorper velit. Phasellus gravida semper nisi. Nullam vel sem. Pellentesque libero tortor, tincidunt et, tincidunt eget, semper nec, quam. Sed hendrerit. Morbi ac felis. Nunc egestas, augue at pellentesque laoreet, felis eros vehicula leo, at malesuada velit leo quis pede. Donec interdum, metus et hendrerit aliquet, dolor diam sagittis ligula, eget egestas libero turpis vel mi. Nunc nulla. Fusce risus nisl, viverra et, tempor et, pretium in, sapien. Donec venenatis vulputate lorem. Morbi nec metus. Phasellus blandit leo ut odio. Maecenas ullamcorper, dui et placerat feugiat, eros pede varius nisi, condimentum viverra felis nunc et lorem. Sed magna purus, fermentum eu, tincidunt eu, varius ut, felis. In auctor lobortis lacus. Quisque libero metus, condimentum nec, tempor a, commodo mollis, magna. Vestibulum ullamcorper mauris at ligula. Fusce fermentum. Nullam cursus lacinia erat. Praesent blandit laoreet nibh. Fusce convallis metus id felis luctus adipiscing. Pellentesque egestas, neque sit amet convallis pulvinar, justo nulla eleifend augue, ac auctor orci leo non est. Quisque id mi. Ut tincidunt tincidunt erat. Etiam feugiat lorem non metus. Vestibulum dapibus nunc ac augue. Curabitur vestibulum aliquam leo. Praesent egestas neque eu enim. In hac habitasse platea dictumst. Fusce a quam. Etiam ut purus mattis mauris sodales aliquam. Curabitur nisi. Quisque malesuada placerat nisl. Nam ipsum risus, rutrum vitae, vestibulum eu, molestie vel, lacus. Sed augue ipsum, egestas nec, vestibulum et, malesuada adipiscing, dui. Vestibulum facilisis, purus nec pulvinar iaculis, ligula mi congue nunc, vitae euismod ligula urna in dolor. Mauris sollicitudin fermentum libero. Praesent nonummy mi in odio. Nunc interdum lacus sit amet orci. Vestibulum rutrum, mi nec elementum vehicula, eros quam gravida nisl, id fringilla neque ante vel mi. Morbi mollis tellus ac sapien. Phasellus volutpat, metus eget egestas mollis, lacus lacus blandit dui, id egestas quam mauris ut lacus. Fusce vel dui. Sed in libero ut nibh placerat accumsan. Proin faucibus arcu quis ante. In consectetuer turpis ut velit. Nulla sit amet est. Praesent metus tellus, elementum eu, semper a, adipiscing nec, purus. Cras risus ipsum, faucibus ut, ullamcorper id, varius ac, leo. Suspendisse feugiat. Suspendisse enim turpis, dictum sed, iaculis a, condimentum nec, nisi. Praesent nec nisl a purus blandit viverra. Praesent ac massa at ligula laoreet iaculis. Nulla neque dolor, sagittis eget, iaculis quis, molestie non, velit. Mauris turpis nunc, blandit et, volutpat molestie, porta ut, ligula. Fusce pharetra convallis urna. Quisque ut nisi. Donec mi odio, faucibus at, scelerisque quis, convallis in, nisi. Suspendisse non nisl sit amet velit hendrerit rutrum. Ut leo. Ut a nisl id ante tempus hendrerit. Proin pretium, leo ac pellentesque mollis, felis nunc ultrices eros, sed gravida augue augue mollis justo. Suspendisse eu ligula. Nulla facilisi. Donec id justo. Praesent porttitor, nulla vitae posuere iaculis, arcu nisl dignissim dolor, a pretium mi sem ut ipsum. Curabitur suscipit suscipit tellus. Praesent vestibulum dapibus nibh. Etiam iaculis nunc ac metus. Ut id nisl quis enim dignissim sagittis. Etiam sollicitudin, ipsum eu pulvinar rutrum, tellus ipsum laoreet sapien, quis venenatis ante odio sit amet eros. Proin magna. Duis vel nibh at velit scelerisque suscipit. Curabitur turpis. Vestibulum suscipit nulla quis orci. Fusce ac felis sit amet ligula pharetra condimentum. Maecenas egestas arcu quis ligula mattis placerat. Duis lobortis massa imperdiet quam. Suspendisse potenti. Pellentesque commodo eros a enim. Vestibulum turpis sem, aliquet eget, lobortis pellentesque, rutrum eu, nisl. Sed libero. Aliquam erat volutpat. Etiam vitae tortor. Morbi vestibulum volutpat enim. Aliquam eu nunc. Nunc sed turpis. Sed mollis, eros et ultrices tempus, mauris ipsum aliquam libero, non adipiscing dolor urna a orci. Nulla porta dolor. Class aptent taciti sociosqu ad litora torquent per conubia nostra, per inceptos hymenaeos. Pellentesque dapibus hendrerit tortor. Praesent egestas tristique nibh. Sed a libero. Cras varius. Donec vitae orci sed dolor rutrum auctor. Fusce egestas elit eget lorem. Suspendisse nisl elit, rhoncus eget, elementum ac, condimentum eget, diam. Nam at tortor in tellus interdum sagittis. Aliquam lobortis. Donec orci lectus, aliquam ut, faucibus non, euismod id, nulla. Curabitur blandit mollis lacus. Nam adipiscing. Vestibulum eu odio. Vivamus laoreet. Nullam tincidunt adipiscing enim. Phasellus tempus. Proin viverra, ligula sit amet ultrices semper, ligula arcu tristique sapien, a accumsan nisi mauris ac eros. Fusce neque. Suspendisse faucibus, nunc et pellentesque egestas, lacus ante convallis tellus, vitae iaculis lacus elit id tortor. Vivamus aliquet elit ac nisl. Fusce fermentum odio nec arcu. Vivamus euismod mauris. In ut quam vitae odio lacinia tincidunt. Praesent ut ligula non mi varius sagittis. Cras sagittis. Praesent ac sem eget est egestas volutpat. Vivamus consectetuer hendrerit lacus. Cras non dolor. Vivamus in erat ut urna cursus vestibulum. Fusce commodo aliquam arcu. Nam commodo suscipit quam. Quisque id odio. Praesent venenatis metus at tortor pulvinar varius. Lorem ipsum dolor sit amet, consectetuer adipiscing elit. Aenean commodo ligula eget dolor. Aenean massa. Cum sociis natoque penatibus et magnis dis parturient montes, nascetur ridiculus mus. Donec quam felis, ultricies nec, pellentesque eu, pretium quis, sem. Nulla consequat massa quis enim. Donec pede justo, fringilla vel, aliquet nec, vulputate eget, arcu. In enim justo, rhoncus ut, imperdiet a, venenatis vitae, justo. Nullam dictum felis eu pede mollis pretium. Integer tincidunt. Cras dapibus. Vivamus elementum semper nisi. Aenean vulputate eleifend tellus. Aenean leo ligula, porttitor eu, consequat vita');
/*!40000 ALTER TABLE `detalleinsumopedido` ENABLE KEYS */;
UNLOCK TABLES;

--
-- Table structure for table `detallenotacredito`
--

DROP TABLE IF EXISTS `detallenotacredito`;
/*!40101 SET @saved_cs_client     = @@character_set_client */;
/*!50503 SET character_set_client = utf8mb4 */;
CREATE TABLE `detallenotacredito` (
  `IdDetalleNotaPK` int NOT NULL AUTO_INCREMENT,
  `IdNotaCreditoFK` int NOT NULL,
  `TipoArticulo` enum('Producto','Accesorio','Insumo','Servicio') NOT NULL,
  `CodigoArticulo` varchar(25) NOT NULL,
  `Cantidad` int unsigned DEFAULT '1',
  `PrecioUnitario` decimal(10,2) DEFAULT NULL,
  `Subtotal` decimal(10,2) DEFAULT NULL,
  PRIMARY KEY (`IdDetalleNotaPK`),
  KEY `IdNotaCreditoFK` (`IdNotaCreditoFK`),
  CONSTRAINT `detallenotacredito_ibfk_1` FOREIGN KEY (`IdNotaCreditoFK`) REFERENCES `notascredito` (`IdNotaCreditoPK`)
) ENGINE=InnoDB AUTO_INCREMENT=11 DEFAULT CHARSET=utf8mb4 COLLATE=utf8mb4_0900_ai_ci;
/*!40101 SET character_set_client = @saved_cs_client */;

--
-- Dumping data for table `detallenotacredito`
--

LOCK TABLES `detallenotacredito` WRITE;
/*!40000 ALTER TABLE `detallenotacredito` DISABLE KEYS */;
INSERT INTO `detallenotacredito` VALUES (1,1,'Producto','GCI1-0',1,150.00,150.00),(2,2,'Producto','GCI-7',1,117.50,117.50),(3,3,'Producto','GCI-7',1,117.50,117.50),(4,4,'Accesorio','GCIJ1-2',1,45.00,45.00),(5,5,'Accesorio','GCSO-4',1,25.00,25.00),(6,6,'Producto','CGSO-28',1,107.50,107.50),(7,7,'Producto','CGSO-30',1,107.50,107.50),(8,8,'Producto','GCI-7',1,105.75,105.75),(9,9,'Producto','CGSO-31',1,145.13,145.13),(10,10,'Producto','CGSO-31',1,145.13,145.13);
/*!40000 ALTER TABLE `detallenotacredito` ENABLE KEYS */;
UNLOCK TABLES;

--
-- Table structure for table `detalleproductopedido`
--

DROP TABLE IF EXISTS `detalleproductopedido`;
/*!40101 SET @saved_cs_client     = @@character_set_client */;
/*!50503 SET character_set_client = utf8mb4 */;
CREATE TABLE `detalleproductopedido` (
  `IdDetalleProcutoPedidoPK` int NOT NULL AUTO_INCREMENT,
  `IdProductoBaseFK` varchar(25) NOT NULL,
  `IdCodigoPedidoFK` varchar(25) NOT NULL,
  `EnlaceArticulo` varchar(1000) DEFAULT NULL,
  `Comentario` varchar(10000) DEFAULT NULL,
  PRIMARY KEY (`IdDetalleProcutoPedidoPK`),
  KEY `IdProductoBaseFK` (`IdProductoBaseFK`),
  KEY `IdCodigoPedidoFK` (`IdCodigoPedidoFK`),
  CONSTRAINT `detalleproductopedido_ibfk_1` FOREIGN KEY (`IdProductoBaseFK`) REFERENCES `productosbases` (`CodigoConsola`),
  CONSTRAINT `detalleproductopedido_ibfk_2` FOREIGN KEY (`IdCodigoPedidoFK`) REFERENCES `pedidobase` (`CodigoPedido`)
) ENGINE=InnoDB AUTO_INCREMENT=29 DEFAULT CHARSET=utf8mb4 COLLATE=utf8mb4_0900_ai_ci;
/*!40101 SET character_set_client = @saved_cs_client */;

--
-- Dumping data for table `detalleproductopedido`
--

LOCK TABLES `detalleproductopedido` WRITE;
/*!40000 ALTER TABLE `detalleproductopedido` DISABLE KEYS */;
INSERT INTO `detalleproductopedido` VALUES (1,'GCI-4','P-04102025-3',NULL,''),(2,'GCI-5','P-04102025-3',NULL,''),(3,'GCI-6','P-04102025-3',NULL,''),(4,'GCI-7','P-04102025-3',NULL,''),(5,'GCI-8','P-04102025-3',NULL,''),(6,'GCI-9','P-04102025-3',NULL,''),(7,'GCI-10','P-04102025-3',NULL,''),(8,'GCI-11','P-04102025-3',NULL,''),(9,'PS5W1TB-12','P-04102025-4',NULL,''),(10,'CGI2-16','P-25102025-5',NULL,''),(11,'CGI2-17','P-25102025-5',NULL,''),(12,'CGI2-18','P-25102025-5',NULL,'AAA'),(13,'CGI2-19','P-25102025-5',NULL,'TT'),(14,'CGI2-20','P-25102025-5',NULL,'TTK'),(15,'CGI-22','P-02112025-6',NULL,'Lorem ipsum dolor sit amet, consectetuer adipiscing elit. Aenean commodo ligula eget dolor. Aenean massa. Cum sociis natoque penatibus et magnis dis parturient montes, nascetur ridiculus mus. Donec quam felis, ultricies nec, pellentesque eu, pretium quis, sem. Nulla consequat massa quis enim. Donec pede justo, fringilla vel, aliquet nec, vulputate eget, arcu. In enim justo, rhoncus ut, imperdiet a, venenatis vitae, justo. Nullam dictum felis eu pede mollis pretium. Integer tincidunt. Cras dapibus. Vivamus elementum semper nisi. Aenean vulputate eleifend tellus. Aenean leo ligula, porttitor eu, consequat vitae, eleifend ac, enim. Aliquam lorem ante, dapibus in, viverra quis, feugiat a, tellus. Phasellus viverra nulla ut metus varius laoreet. Quisque rutrum. Aenean imperdiet. Etiam ultricies nisi vel augue. Curabitur ullamcorper ultricies nisi. Nam eget dui. Etiam rhoncus. Maecenas tempus, tellus eget condimentum rhoncus, sem quam semper libero, sit amet adipiscing sem neque sed ipsum. Nam quam nunc, blandit vel, luctus pulvinar, hendrerit id, lorem. Maecenas nec odio et ante tincidunt tempus. Donec vitae sapien ut libero venenatis faucibus. Nullam quis ante. Etiam sit amet orci eget eros faucibus tincidunt. Duis leo. Sed fringilla mauris sit amet nibh. Donec sodales sagittis magna. Sed consequat, leo eget bibendum sodales, augue velit cursus nunc, quis gravida magna mi a libero. Fusce vulputate eleifend sapien. Vestibulum purus quam, scelerisque ut, mollis sed, nonummy id, metus. Nullam accumsan lorem in dui. Cras ultricies mi eu turpis hendrerit fringilla. Vestibulum ante ipsum primis in faucibus orci luctus et ultrices posuere cubilia Curae; In ac dui quis mi consectetuer lacinia. Nam pretium turpis et arcu. Duis arcu tortor, suscipit eget, imperdiet nec, imperdiet iaculis, ipsum. Sed aliquam ultrices mauris. Integer ante arcu, accumsan a, consectetuer eget, posuere ut, mauris. Praesent adipiscing. Phasellus ullamcorper ipsum rutrum nunc. Nunc nonummy metus. Vestibulum volutpat pretium libero. Cras id dui. Aenean ut eros et nisl sagittis vestibulum. Nullam nulla eros, ultricies sit amet, nonummy id, imperdiet feugiat, pede. Sed lectus. Donec mollis hendrerit risus. Phasellus nec sem in justo pellentesque facilisis. Etiam imperdiet imperdiet orci. Nunc nec neque. Phasellus leo dolor, tempus non, auctor et, hendrerit quis, nisi. Curabitur ligula sapien, tincidunt non, euismod vitae, posuere imperdiet, leo. Maecenas malesuada. Praesent congue erat at massa. Sed cursus turpis vitae tortor. Donec posuere vulputate arcu. Phasellus accumsan cursus velit. Vestibulum ante ipsum primis in faucibus orci luctus et ultrices posuere cubilia Curae; Sed aliquam, nisi quis porttitor congue, elit erat euismod orci, ac placerat dolor lectus quis orci. Phasellus consectetuer vestibulum elit. Aenean tellus metus, bibendum sed, posuere ac, mattis non, nunc. Vestibulum fringilla pede sit amet augue. In turpis. Pellentesque posuere. Praesent turpis. Aenean posuere, tortor sed cursus feugiat, nunc augue blandit nunc, eu sollicitudin urna dolor sagittis lacus. Donec elit libero, sodales nec, volutpat a, suscipit non, turpis. Nullam sagittis. Suspendisse pulvinar, augue ac venenatis condimentum, sem libero volutpat nibh, nec pellentesque velit pede quis nunc. Vestibulum ante ipsum primis in faucibus orci luctus et ultrices posuere cubilia Curae; Fusce id purus. Ut varius tincidunt libero. Phasellus dolor. Maecenas vestibulum mollis diam. Pellentesque ut neque. Pellentesque habitant morbi tristique senectus et netus et malesuada fames ac turpis egestas. In dui magna, posuere eget, vestibulum et, tempor auctor, justo. In ac felis quis tortor malesuada pretium. Pellentesque auctor neque nec urna. Proin sapien ipsum, porta a, auctor quis, euismod ut, mi. Aenean viverra rhoncus pede. Pellentesque habitant morbi tristique senectus et netus et malesuada fames ac turpis egestas. Ut non enim eleifend felis pretium feugiat. Vivamus quis mi. Phasellus a est. Phasellus magna. In hac habitasse platea dictumst. Curabitur at lacus ac velit ornare lobortis. Curabitur a felis in nunc fringilla tristique. Morbi mattis ullamcorper velit. Phasellus gravida semper nisi. Nullam vel sem. Pellentesque libero tortor, tincidunt et, tincidunt eget, semper nec, quam. Sed hendrerit. Morbi ac felis. Nunc egestas, augue at pellentesque laoreet, felis eros vehicula leo, at malesuada velit leo quis pede. Donec interdum, metus et hendrerit aliquet, dolor diam sagittis ligula, eget egestas libero turpis vel mi. Nunc nulla. Fusce risus nisl, viverra et, tempor et, pretium in, sapien. Donec venenatis vulputate lorem. Morbi nec metus. Phasellus blandit leo ut odio. Maecenas ullamcorper, dui et placerat feugiat, eros pede varius nisi, condimentum viverra felis nunc et lorem. Sed magna purus, fermentum eu, tincidunt eu, varius ut, felis. In auctor lobortis lacus. Quisque libero metus, condimentum nec, tempor a, commodo mollis, magna. Vestibulum ullamcorper mauris at ligula. Fusce fermentum. Nullam cursus lacinia erat. Praesent blandit laoreet nibh. Fusce convallis metus id felis luctus adipiscing. Pellentesque egestas, neque sit amet convallis pulvinar, justo nulla eleifend augue, ac auctor orci leo non est. Quisque id mi. Ut tincidunt tincidunt erat. Etiam feugiat lorem non metus. Vestibulum dapibus nunc ac augue. Curabitur vestibulum aliquam leo. Praesent egestas neque eu enim. In hac habitasse platea dictumst. Fusce a quam. Etiam ut purus mattis mauris sodales aliquam. Curabitur nisi. Quisque malesuada placerat nisl. Nam ipsum risus, rutrum vitae, vestibulum eu, molestie vel, lacus. Sed augue ipsum, egestas nec, vestibulum et, malesuada adipiscing, dui. Vestibulum facilisis, purus nec pulvinar iaculis, ligula mi congue nunc, vitae euismod ligula urna in dolor. Mauris sollicitudin fermentum libero. Praesent nonummy mi in odio. Nunc interdum lacus sit amet orci. Vestibulum rutrum, mi nec elementum vehicula, eros quam gravida nisl, id fringilla neque ante vel mi. Morbi mollis tellus ac sapien. Phasellus volutpat, metus eget egestas mollis, lacus lacus blandit dui, id egestas quam mauris ut lacus. Fusce vel dui. Sed in libero ut nibh placerat accumsan. Proin faucibus arcu quis ante. In consectetuer turpis ut velit. Nulla sit amet est. Praesent metus tellus, elementum eu, semper a, adipiscing nec, purus. Cras risus ipsum, faucibus ut, ullamcorper id, varius ac, leo. Suspendisse feugiat. Suspendisse enim turpis, dictum sed, iaculis a, condimentum nec, nisi. Praesent nec nisl a purus blandit viverra. Praesent ac massa at ligula laoreet iaculis. Nulla neque dolor, sagittis eget, iaculis quis, molestie non, velit. Mauris turpis nunc, blandit et, volutpat molestie, porta ut, ligula. Fusce pharetra convallis urna. Quisque ut nisi. Donec mi odio, faucibus at, scelerisque quis, convallis in, nisi. Suspendisse non nisl sit amet velit hendrerit rutrum. Ut leo. Ut a nisl id ante tempus hendrerit. Proin pretium, leo ac pellentesque mollis, felis nunc ultrices eros, sed gravida augue augue mollis justo. Suspendisse eu ligula. Nulla facilisi. Donec id justo. Praesent porttitor, nulla vitae posuere iaculis, arcu nisl dignissim dolor, a pretium mi sem ut ipsum. Curabitur suscipit suscipit tellus. Praesent vestibulum dapibus nibh. Etiam iaculis nunc ac metus. Ut id nisl quis enim dignissim sagittis. Etiam sollicitudin, ipsum eu pulvinar rutrum, tellus ipsum laoreet sapien, quis venenatis ante odio sit amet eros. Proin magna. Duis vel nibh at velit scelerisque suscipit. Curabitur turpis. Vestibulum suscipit nulla quis orci. Fusce ac felis sit amet ligula pharetra condimentum. Maecenas egestas arcu quis ligula mattis placerat. Duis lobortis massa imperdiet quam. Suspendisse potenti. Pellentesque commodo eros a enim. Vestibulum turpis sem, aliquet eget, lobortis pellentesque, rutrum eu, nisl. Sed libero. Aliquam erat volutpat. Etiam vitae tortor. Morbi vestibulum volutpat enim. Aliquam eu nunc. Nunc sed turpis. Sed mollis, eros et ultrices tempus, mauris ipsum aliquam libero, non adipiscing dolor urna a orci. Nulla porta dolor. Class aptent taciti sociosqu ad litora torquent per conubia nostra, per inceptos hymenaeos. Pellentesque dapibus hendrerit tortor. Praesent egestas tristique nibh. Sed a libero. Cras varius. Donec vitae orci sed dolor rutrum auctor. Fusce egestas elit eget lorem. Suspendisse nisl elit, rhoncus eget, elementum ac, condimentum eget, diam. Nam at tortor in tellus interdum sagittis. Aliquam lobortis. Donec orci lectus, aliquam ut, faucibus non, euismod id, nulla. Curabitur blandit mollis lacus. Nam adipiscing. Vestibulum eu odio. Vivamus laoreet. Nullam tincidunt adipiscing enim. Phasellus tempus. Proin viverra, ligula sit amet ultrices semper, ligula arcu tristique sapien, a accumsan nisi mauris ac eros. Fusce neque. Suspendisse faucibus, nunc et pellentesque egestas, lacus ante convallis tellus, vitae iaculis lacus elit id tortor. Vivamus aliquet elit ac nisl. Fusce fermentum odio nec arcu. Vivamus euismod mauris. In ut quam vitae odio lacinia tincidunt. Praesent ut ligula non mi varius sagittis. Cras sagittis. Praesent ac sem eget est egestas volutpat. Vivamus consectetuer hendrerit lacus. Cras non dolor. Vivamus in erat ut urna cursus vestibulum. Fusce commodo aliquam arcu. Nam commodo suscipit quam. Quisque id odio. Praesent venenatis metus at tortor pulvinar varius. Lorem ipsum dolor sit amet, consectetuer adipiscing elit. Aenean commodo ligula eget dolor. Aenean massa. Cum sociis natoque penatibus et magnis dis parturient montes, nascetur ridiculus mus. Donec quam felis, ultricies nec, pellentesque eu, pretium quis, sem. Nulla consequat massa quis enim. Donec pede justo, fringilla vel, aliquet nec, vulputate eget, arcu. In enim justo, rhoncus ut, imperdiet a, venenatis vitae, justo. Nullam dictum felis eu pede mollis pretium. Integer tincidunt. Cras dapibus. Vivamus elementum semper nisi. Aenean vulputate eleifend tellus. Aenean leo ligula, porttitor eu, consequat vita'),(16,'CGI-23','P-02112025-6',NULL,'Lorem ipsum dolor sit amet, consectetuer adipiscing elit. Aenean commodo ligula eget dolor. Aenean massa. Cum sociis natoque penatibus et magnis dis parturient montes, nascetur ridiculus mus. Dnec quam felis, ultricies nec, pellentesque eu, pretium quis, sem. Nulla consequat massa quis enim. Donec pede justo, fringilla vel, aliquet nec, vulputate eget, arcu. In enim justo, rhoncus ut, imperdiet a, venenatis vitae, justo. Nullam dictum felis eu pede mollis pretium. Integer tincidunt. Cras dapibus. Vivamus elementum semper nisi. Aenean vulputate eleifend tellus. Aenean leo ligula, porttitor eu, consequat vitae, eleifend ac, enim. Aliquam lorem ante, dapibus in, viverra quis, feugiat a, tellus. Phasellus viverra nulla ut metus varius laoreet. Quisque rutrum. Aenean imperdiet. Etiam ultricies nisi vel augue. Curabitur ullamcorper ultricies nisi. Nam eget dui. Etiam rhoncus. Maecenas tempus, tellus eget condimentum rhoncus, sem quam semper libero, sit amet adipiscing sem neque sed ipsum. Nam quam nunc, blandit vel, luctus pulvinar, hendrerit id, lorem. Maecenas nec odio et ante tincidunt tempus. Donec vitae sapien ut libero venenatis faucibus. Nullam quis ante. Etiam sit amet orci eget eros faucibus tincidunt. Duis leo. Sed fringilla mauris sit amet nibh. Donec sodales sagittis magna. Sed consequat, leo eget bibendum sodales, augue velit cursus nunc, quis gravida magna mi a libero. Fusce vulputate eleifend sapien. Vestibulum purus quam, scelerisque ut, mollis sed, nonummy id, metus. Nullam accumsan lorem in dui. Cras ultricies mi eu turpis hendrerit fringilla. Vestibulum ante ipsum primis in faucibus orci luctus et ultrices posuere cubilia Curae; In ac dui quis mi consectetuer lacinia. Nam pretium turpis et arcu. Duis arcu tortor, suscipit eget, imperdiet nec, imperdiet iaculis, ipsum. Sed aliquam ultrices mauris. Integer ante arcu, accumsan a, consectetuer eget, posuere ut, mauris. Praesent adipiscing. Phasellus ullamcorper ipsum rutrum nunc. Nunc nonummy metus. Vestibulum volutpat pretium libero. Cras id dui. Aenean ut eros et nisl sagittis vestibulum. Nullam nulla eros, ultricies sit amet, nonummy id, imperdiet feugiat, pede. Sed lectus. Donec mollis hendrerit risus. Phasellus nec sem in justo pellentesque facilisis. Etiam imperdiet imperdiet orci. Nunc nec neque. Phasellus leo dolor, tempus non, auctor et, hendrerit quis, nisi. Curabitur ligula sapien, tincidunt non, euismod vitae, posuere imperdiet, leo. Maecenas malesuada. Praesent congue erat at massa. Sed cursus turpis vitae tortor. Donec posuere vulputate arcu. Phasellus accumsan cursus velit. Vestibulum ante ipsum primis in faucibus orci luctus et ultrices posuere cubilia Curae; Sed aliquam, nisi quis porttitor congue, elit erat euismod orci, ac placerat dolor lectus quis orci. Phasellus consectetuer vestibulum elit. Aenean tellus metus, bibendum sed, posuere ac, mattis non, nunc. Vestibulum fringilla pede sit amet augue. In turpis. Pellentesque posuere. Praesent turpis. Aenean posuere, tortor sed cursus feugiat, nunc augue blandit nunc, eu sollicitudin urna dolor sagittis lacus. Donec elit libero, sodales nec, volutpat a, suscipit non, turpis. Nullam sagittis. Suspendisse pulvinar, augue ac venenatis condimentum, sem libero volutpat nibh, nec pellentesque velit pede quis nunc. Vestibulum ante ipsum primis in faucibus orci luctus et ultrices posuere cubilia Curae; Fusce id purus. Ut varius tincidunt libero. Phasellus dolor. Maecenas vestibulum mollis diam. Pellentesque ut neque. Pellentesque habitant morbi tristique senectus et netus et malesuada fames ac turpis egestas. In dui magna, posuere eget, vestibulum et, tempor auctor, justo. In ac felis quis tortor malesuada pretium. Pellentesque auctor neque nec urna. Proin sapien ipsum, porta a, auctor quis, euismod ut, mi. Aenean viverra rhoncus pede. Pellentesque habitant morbi tristique senectus et netus et malesuada fames ac turpis egestas. Ut non enim eleifend felis pretium feugiat. Vivamus quis mi. Phasellus a est. Phasellus magna. In hac habitasse platea dictumst. Curabitur at lacus ac velit ornare lobortis. Curabitur a felis in nunc fringilla tristique. Morbi mattis ullamcorper velit. Phasellus gravida semper nisi. Nullam vel sem. Pellentesque libero tortor, tincidunt et, tincidunt eget, semper nec, quam. Sed hendrerit. Morbi ac felis. Nunc egestas, augue at pellentesque laoreet, felis eros vehicula leo, at malesuada velit leo quis pede. Donec interdum, metus et hendrerit aliquet, dolor diam sagittis ligula, eget egestas libero turpis vel mi. Nunc nulla. Fusce risus nisl, viverra et, tempor et, pretium in, sapien. Donec venenatis vulputate lorem. Morbi nec metus. Phasellus blandit leo ut odio. Maecenas ullamcorper, dui et placerat feugiat, eros pede varius nisi, condimentum viverra felis nunc et lorem. Sed magna purus, fermentum eu, tincidunt eu, varius ut, felis. In auctor lobortis lacus. Quisque libero metus, condimentum nec, tempor a, commodo mollis, magna. Vestibulum ullamcorper mauris at ligula. Fusce fermentum. Nullam cursus lacinia erat. Praesent blandit laoreet nibh. Fusce convallis metus id felis luctus adipiscing. Pellentesque egestas, neque sit amet convallis pulvinar, justo nulla eleifend augue, ac auctor orci leo non est. Quisque id mi. Ut tincidunt tincidunt erat. Etiam feugiat lorem non metus. Vestibulum dapibus nunc ac augue. Curabitur vestibulum aliquam leo. Praesent egestas neque eu enim. In hac habitasse platea dictumst. Fusce a quam. Etiam ut purus mattis mauris sodales aliquam. Curabitur nisi. Quisque malesuada placerat nisl. Nam ipsum risus, rutrum vitae, vestibulum eu, molestie vel, lacus. Sed augue ipsum, egestas nec, vestibulum et, malesuada adipiscing, dui. Vestibulum facilisis, purus nec pulvinar iaculis, ligula mi congue nunc, vitae euismod ligula urna in dolor. Mauris sollicitudin fermentum libero. Praesent nonummy mi in odio. Nunc interdum lacus sit amet orci. Vestibulum rutrum, mi nec elementum vehicula, eros quam gravida nisl, id fringilla neque ante vel mi. Morbi mollis tellus ac sapien. Phasellus volutpat, metus eget egestas mollis, lacus lacus blandit dui, id egestas quam mauris ut lacus. Fusce vel dui. Sed in libero ut nibh placerat accumsan. Proin faucibus arcu quis ante. In consectetuer turpis ut velit. Nulla sit amet est. Praesent metus tellus, elementum eu, semper a, adipiscing nec, purus. Cras risus ipsum, faucibus ut, ullamcorper id, varius ac, leo. Suspendisse feugiat. Suspendisse enim turpis, dictum sed, iaculis a, condimentum nec, nisi. Praesent nec nisl a purus blandit viverra. Praesent ac massa at ligula laoreet iaculis. Nulla neque dolor, sagittis eget, iaculis quis, molestie non, velit. Mauris turpis nunc, blandit et, volutpat molestie, porta ut, ligula. Fusce pharetra convallis urna. Quisque ut nisi. Donec mi odio, faucibus at, scelerisque quis, convallis in, nisi. Suspendisse non nisl sit amet velit hendrerit rutrum. Ut leo. Ut a nisl id ante tempus hendrerit. Proin pretium, leo ac pellentesque mollis, felis nunc ultrices eros, sed gravida augue augue mollis justo. Suspendisse eu ligula. Nulla facilisi. Donec id justo. Praesent porttitor, nulla vitae posuere iaculis, arcu nisl dignissim dolor, a pretium mi sem ut ipsum. Curabitur suscipit suscipit tellus. Praesent vestibulum dapibus nibh. Etiam iaculis nunc ac metus. Ut id nisl quis enim dignissim sagittis. Etiam sollicitudin, ipsum eu pulvinar rutrum, tellus ipsum laoreet sapien, quis venenatis ante odio sit amet eros. Proin magna. Duis vel nibh at velit scelerisque suscipit. Curabitur turpis. Vestibulum suscipit nulla quis orci. Fusce ac felis sit amet ligula pharetra condimentum. Maecenas egestas arcu quis ligula mattis placerat. Duis lobortis massa imperdiet quam. Suspendisse potenti. Pellentesque commodo eros a enim. Vestibulum turpis sem, aliquet eget, lobortis pellentesque, rutrum eu, nisl. Sed libero. Aliquam erat volutpat. Etiam vitae tortor. Morbi vestibulum volutpat enim. Aliquam eu nunc. Nunc sed turpis. Sed mollis, eros et ultrices tempus, mauris ipsum aliquam libero, non adipiscing dolor urna a orci. Nulla porta dolor. Class aptent taciti sociosqu ad litora torquent per conubia nostra, per inceptos hymenaeos. Pellentesque dapibus hendrerit tortor. Praesent egestas tristique nibh. Sed a libero. Cras varius. Donec vitae orci sed dolor rutrum auctor. Fusce egestas elit eget lorem. Suspendisse nisl elit, rhoncus eget, elementum ac, condimentum eget, diam. Nam at tortor in tellus interdum sagittis. Aliquam lobortis. Donec orci lectus, aliquam ut, faucibus non, euismod id, nulla. Curabitur blandit mollis lacus. Nam adipiscing. Vestibulum eu odio. Vivamus laoreet. Nullam tincidunt adipiscing enim. Phasellus tempus. Proin viverra, ligula sit amet ultrices semper, ligula arcu tristique sapien, a accumsan nisi mauris ac eros. Fusce neque. Suspendisse faucibus, nunc et pellentesque egestas, lacus ante convallis tellus, vitae iaculis lacus elit id tortor. Vivamus aliquet elit ac nisl. Fusce fermentum odio nec arcu. Vivamus euismod mauris. In ut quam vitae odio lacinia tincidunt. Praesent ut ligula non mi varius sagittis. Cras sagittis. Praesent ac sem eget est egestas volutpat. Vivamus consectetuer hendrerit lacus. Cras non dolor. Vivamus in erat ut urna cursus vestibulum. Fusce commodo aliquam arcu. Nam commodo suscipit quam. Quisque id odio. Praesent venenatis metus at tortor pulvinar varius. Lorem ipsum dolor sit amet, consectetuer adipiscing elit. Aenean commodo ligula eget dolor. Aenean massa. Cum sociis natoque penatibus et magnis dis parturient montes, nascetur ridiculus mus. Donec quam felis, ultricies nec, pellentesque eu, pretium quis, sem. Nulla consequat massa quis enim. Donec pede justo, fringilla vel, aliquet nec, vulputate eget, arcu. In enim justo, rhoncus ut, imperdiet a, venenatis vitae, justo. Nullam dictum felis eu pede mollis pretium. Integer tincidunt. Cras dapibus. Vivamus elementum semper nisi. Aenean vulputate eleifend tellus. Aenean leo ligula, porttitor eu, consequat vitae'),(17,'CGI-24','P-02112025-6',NULL,''),(18,'CGSO-25','P-02112025-7',NULL,'Lorem ipsum dolor sit amet, consectetuer adipiscing elit. Aenean commodo ligula eget dolor. Aenean massa. Cum sociis natoque penatibus et magnis dis parturient montes, nascetur ridiculus mus. Donec quam felis, ultricies nec, pellentesque eu, pretium quis, sem. Nulla consequat massa quis enim. Donec pede justo, fringilla vel, aliquet nec, vulputate eget, arcu. In enim justo, rhoncus ut, imperdiet a, venenatis vitae, justo. Nullam dictum felis eu pede mollis pretium. Integer tincidunt. Cras dapibus. Vivamus elementum semper nisi. Aenean vulputate eleifend tellus. Aenean leo ligula, porttitor eu, consequat vitae, eleifend ac, enim. Aliquam lorem ante, dapibus in, viverra quis, feugiat a, tellus. Phasellus viverra nulla ut metus varius laoreet. Quisque rutrum. Aenean imperdiet. Etiam ultricies nisi vel augue. Curabitur ullamcorper ultricies nisi. Nam eget dui. Etiam rhoncus. Maecenas tempus, tellus eget condimentum rhoncus, sem quam semper libero, sit amet adipiscing sem neque sed ipsum. Nam quam nunc, blandit vel, luctus pulvinar, hendrerit id, lorem. Maecenas nec odio et ante tincidunt tempus. Donec vitae sapien ut libero venenatis faucibus. Nullam quis ante. Etiam sit amet orci eget eros faucibus tincidunt. Duis leo. Sed fringilla mauris sit amet nibh. Donec sodales sagittis magna. Sed consequat, leo eget bibendum sodales, augue velit cursus nunc, quis gravida magna mi a libero. Fusce vulputate eleifend sapien. Vestibulum purus quam, scelerisque ut, mollis sed, nonummy id, metus. Nullam accumsan lorem in dui. Cras ultricies mi eu turpis hendrerit fringilla. Vestibulum ante ipsum primis in faucibus orci luctus et ultrices posuere cubilia Curae; In ac dui quis mi consectetuer lacinia. Nam pretium turpis et arcu. Duis arcu tortor, suscipit eget, imperdiet nec, imperdiet iaculis, ipsum. Sed aliquam ultrices mauris. Integer ante arcu, accumsan a, consectetuer eget, posuere ut, mauris. Praesent adipiscing. Phasellus ullamcorper ipsum rutrum nunc. Nunc nonummy metus. Vestibulum volutpat pretium libero. Cras id dui. Aenean ut eros et nisl sagittis vestibulum. Nullam nulla eros, ultricies sit amet, nonummy id, imperdiet feugiat, pede. Sed lectus. Donec mollis hendrerit risus. Phasellus nec sem in justo pellentesque facilisis. Etiam imperdiet imperdiet orci. Nunc nec neque. Phasellus leo dolor, tempus non, auctor et, hendrerit quis, nisi. Curabitur ligula sapien, tincidunt non, euismod vitae, posuere imperdiet, leo. Maecenas malesuada. Praesent congue erat at massa. Sed cursus turpis vitae tortor. Donec posuere vulputate arcu. Phasellus accumsan cursus velit. Vestibulum ante ipsum primis in faucibus orci luctus et ultrices posuere cubilia Curae; Sed aliquam, nisi quis porttitor congue, elit erat euismod orci, ac placerat dolor lectus quis orci. Phasellus consectetuer vestibulum elit. Aenean tellus metus, bibendum sed, posuere ac, mattis non, nunc. Vestibulum fringilla pede sit amet augue. In turpis. Pellentesque posuere. Praesent turpis. Aenean posuere, tortor sed cursus feugiat, nunc augue blandit nunc, eu sollicitudin urna dolor sagittis lacus. Donec elit libero, sodales nec, volutpat a, suscipit non, turpis. Nullam sagittis. Suspendisse pulvinar, augue ac venenatis condimentum, sem libero volutpat nibh, nec pellentesque velit pede quis nunc. Vestibulum ante ipsum primis in faucibus orci luctus et ultrices posuere cubilia Curae; Fusce id purus. Ut varius tincidunt libero. Phasellus dolor. Maecenas vestibulum mollis diam. Pellentesque ut neque. Pellentesque habitant morbi tristique senectus et netus et malesuada fames ac turpis egestas. In dui magna, posuere eget, vestibulum et, tempor auctor, justo. In ac felis quis tortor malesuada pretium. Pellentesque auctor neque nec urna. Proin sapien ipsum, porta a, auctor quis, euismod ut, mi. Aenean viverra rhoncus pede. Pellentesque habitant morbi tristique senectus et netus et malesuada fames ac turpis egestas. Ut non enim eleifend felis pretium feugiat. Vivamus quis mi. Phasellus a est. Phasellus magna. In hac habitasse platea dictumst. Curabitur at lacus ac velit ornare lobortis. Curabitur a felis in nunc fringilla tristique. Morbi mattis ullamcorper velit. Phasellus gravida semper nisi. Nullam vel sem. Pellentesque libero tortor, tincidunt et, tincidunt eget, semper nec, quam. Sed hendrerit. Morbi ac felis. Nunc egestas, augue at pellentesque laoreet, felis eros vehicula leo, at malesuada velit leo quis pede. Donec interdum, metus et hendrerit aliquet, dolor diam sagittis ligula, eget egestas libero turpis vel mi. Nunc nulla. Fusce risus nisl, viverra et, tempor et, pretium in, sapien. Donec venenatis vulputate lorem. Morbi nec metus. Phasellus blandit leo ut odio. Maecenas ullamcorper, dui et placerat feugiat, eros pede varius nisi, condimentum viverra felis nunc et lorem. Sed magna purus, fermentum eu, tincidunt eu, varius ut, felis. In auctor lobortis lacus. Quisque libero metus, condimentum nec, tempor a, commodo mollis, magna. Vestibulum ullamcorper mauris at ligula. Fusce fermentum. Nullam cursus lacinia erat. Praesent blandit laoreet nibh. Fusce convallis metus id felis luctus adipiscing. Pellentesque egestas, neque sit amet convallis pulvinar, justo nulla eleifend augue, ac auctor orci leo non est. Quisque id mi. Ut tincidunt tincidunt erat. Etiam feugiat lorem non metus. Vestibulum dapibus nunc ac augue. Curabitur vestibulum aliquam leo. Praesent egestas neque eu enim. In hac habitasse platea dictumst. Fusce a quam. Etiam ut purus mattis mauris sodales aliquam. Curabitur nisi. Quisque malesuada placerat nisl. Nam ipsum risus, rutrum vitae, vestibulum eu, molestie vel, lacus. Sed augue ipsum, egestas nec, vestibulum et, malesuada adipiscing, dui. Vestibulum facilisis, purus nec pulvinar iaculis, ligula mi congue nunc, vitae euismod ligula urna in dolor. Mauris sollicitudin fermentum libero. Praesent nonummy mi in odio. Nunc interdum lacus sit amet orci. Vestibulum rutrum, mi nec elementum vehicula, eros quam gravida nisl, id fringilla neque ante vel mi. Morbi mollis tellus ac sapien. Phasellus volutpat, metus eget egestas mollis, lacus lacus blandit dui, id egestas quam mauris ut lacus. Fusce vel dui. Sed in libero ut nibh placerat accumsan. Proin faucibus arcu quis ante. In consectetuer turpis ut velit. Nulla sit amet est. Praesent metus tellus, elementum eu, semper a, adipiscing nec, purus. Cras risus ipsum, faucibus ut, ullamcorper id, varius ac, leo. Suspendisse feugiat. Suspendisse enim turpis, dictum sed, iaculis a, condimentum nec, nisi. Praesent nec nisl a purus blandit viverra. Praesent ac massa at ligula laoreet iaculis. Nulla neque dolor, sagittis eget, iaculis quis, molestie non, velit. Mauris turpis nunc, blandit et, volutpat molestie, porta ut, ligula. Fusce pharetra convallis urna. Quisque ut nisi. Donec mi odio, faucibus at, scelerisque quis, convallis in, nisi. Suspendisse non nisl sit amet velit hendrerit rutrum. Ut leo. Ut a nisl id ante tempus hendrerit. Proin pretium, leo ac pellentesque mollis, felis nunc ultrices eros, sed gravida augue augue mollis justo. Suspendisse eu ligula. Nulla facilisi. Donec id justo. Praesent porttitor, nulla vitae posuere iaculis, arcu nisl dignissim dolor, a pretium mi sem ut ipsum. Curabitur suscipit suscipit tellus. Praesent vestibulum dapibus nibh. Etiam iaculis nunc ac metus. Ut id nisl quis enim dignissim sagittis. Etiam sollicitudin, ipsum eu pulvinar rutrum, tellus ipsum laoreet sapien, quis venenatis ante odio sit amet eros. Proin magna. Duis vel nibh at velit scelerisque suscipit. Curabitur turpis. Vestibulum suscipit nulla quis orci. Fusce ac felis sit amet ligula pharetra condimentum. Maecenas egestas arcu quis ligula mattis placerat. Duis lobortis massa imperdiet quam. Suspendisse potenti. Pellentesque commodo eros a enim. Vestibulum turpis sem, aliquet eget, lobortis pellentesque, rutrum eu, nisl. Sed libero. Aliquam erat volutpat. Etiam vitae tortor. Morbi vestibulum volutpat enim. Aliquam eu nunc. Nunc sed turpis. Sed mollis, eros et ultrices tempus, mauris ipsum aliquam libero, non adipiscing dolor urna a orci. Nulla porta dolor. Class aptent taciti sociosqu ad litora torquent per conubia nostra, per inceptos hymenaeos. Pellentesque dapibus hendrerit tortor. Praesent egestas tristique nibh. Sed a libero. Cras varius. Donec vitae orci sed dolor rutrum auctor. Fusce egestas elit eget lorem. Suspendisse nisl elit, rhoncus eget, elementum ac, condimentum eget, diam. Nam at tortor in tellus interdum sagittis. Aliquam lobortis. Donec orci lectus, aliquam ut, faucibus non, euismod id, nulla. Curabitur blandit mollis lacus. Nam adipiscing. Vestibulum eu odio. Vivamus laoreet. Nullam tincidunt adipiscing enim. Phasellus tempus. Proin viverra, ligula sit amet ultrices semper, ligula arcu tristique sapien, a accumsan nisi mauris ac eros. Fusce neque. Suspendisse faucibus, nunc et pellentesque egestas, lacus ante convallis tellus, vitae iaculis lacus elit id tortor. Vivamus aliquet elit ac nisl. Fusce fermentum odio nec arcu. Vivamus euismod mauris. In ut quam vitae odio lacinia tincidunt. Praesent ut ligula non mi varius sagittis. Cras sagittis. Praesent ac sem eget est egestas volutpat. Vivamus consectetuer hendrerit lacus. Cras non dolor. Vivamus in erat ut urna cursus vestibulum. Fusce commodo aliquam arcu. Nam commodo suscipit quam. Quisque id odio. Praesent venenatis metus at tortor pulvinar varius. Lorem ipsum dolor sit amet, consectetuer adipiscing elit. Aenean commodo ligula eget dolor. Aenean massa. Cum sociis natoque penatibus et magnis dis parturient montes, nascetur ridiculus mus. Donec quam felis, ultricies nec, pellentesque eu, pretium quis, sem. Nulla consequat massa quis enim. Donec pede justo, fringilla vel, aliquet nec, vulputate eget, arcu. In enim justo, rhoncus ut, imperdiet a, venenatis vitae, justo. Nullam dictum felis eu pede mollis pretium. Integer tincidunt. Cras dapibus. Vivamus elementum semper nisi. Aenean vulputate eleifend tellus. Aenean leo ligula, porttitor eu, consequat vita'),(19,'CGSO-26','P-02112025-7',NULL,''),(20,'CGSO-27','P-02112025-7',NULL,'Lorem ipsum dolor sit amet, consectetuer adipiscing elit. Aenean commodo ligula eget dolor. Aenean massa. Cum sociis natoque penatibus et magnis dis parturient montes, nascetur ridiculus mus. Donec quam felis, ultricies nec, pellentesque eu, pretium quis, sem. Nulla consequat massa quis enim. Donec pede justo, fringilla vel, aliquet nec, vulputate eget, arcu. In enim justo, rhoncus ut, imperdiet a, venenatis vitae, justo. Nullam dictum felis eu pede mollis pretium. Integer tincidunt. Cras dapibus. Vivamus elementum semper nisi. Aenean vulputate eleifend tellus. Aenean leo ligula, porttitor eu, consequat vitae, eleifend ac, enim. Aliquam lorem ante, dapibus in, viverra quis, feugiat a, tellus. Phasellus viverra nulla ut metus varius laoreet. Quisque rutrum. Aenean imperdiet. Etiam ultricies nisi vel augue. Curabitur ullamcorper ultricies nisi. Nam eget dui. Etiam rhoncus. Maecenas tempus, tellus eget condimentum rhoncus, sem quam semper libero, sit amet adipiscing sem neque sed ipsum. Nam quam nunc, blandit vel, luctus pulvinar, hendrerit id, lorem. Maecenas nec odio et ante tincidunt tempus. Donec vitae sapien ut libero venenatis faucibus. Nullam quis ante. Etiam sit amet orci eget eros faucibus tincidunt. Duis leo. Sed fringilla mauris sit amet nibh. Donec sodales sagittis magna. Sed consequat, leo eget bibendum sodales, augue velit cursus nunc, quis gravida magna mi a libero. Fusce vulputate eleifend sapien. Vestibulum purus quam, scelerisque ut, mollis sed, nonummy id, metus. Nullam accumsan lorem in dui. Cras ultricies mi eu turpis hendrerit fringilla. Vestibulum ante ipsum primis in faucibus orci luctus et ultrices posuere cubilia Curae; In ac dui quis mi consectetuer lacinia. Nam pretium turpis et arcu. Duis arcu tortor, suscipit eget, imperdiet nec, imperdiet iaculis, ipsum. Sed aliquam ultrices mauris. Integer ante arcu, accumsan a, consectetuer eget, posuere ut, mauris. Praesent adipiscing. Phasellus ullamcorper ipsum rutrum nunc. Nunc nonummy metus. Vestibulum volutpat pretium libero. Cras id dui. Aenean ut eros et nisl sagittis vestibulum. Nullam nulla eros, ultricies sit amet, nonummy id, imperdiet feugiat, pede. Sed lectus. Donec mollis hendrerit risus. Phasellus nec sem in justo pellentesque facilisis. Etiam imperdiet imperdiet orci. Nunc nec neque. Phasellus leo dolor, tempus non, auctor et, hendrerit quis, nisi. Curabitur ligula sapien, tincidunt non, euismod vitae, posuere imperdiet, leo. Maecenas malesuada. Praesent congue erat at massa. Sed cursus turpis vitae tortor. Donec posuere vulputate arcu. Phasellus accumsan cursus velit. Vestibulum ante ipsum primis in faucibus orci luctus et ultrices posuere cubilia Curae; Sed aliquam, nisi quis porttitor congue, elit erat euismod orci, ac placerat dolor lectus quis orci. Phasellus consectetuer vestibulum elit. Aenean tellus metus, bibendum sed, posuere ac, mattis non, nunc. Vestibulum fringilla pede sit amet augue. In turpis. Pellentesque posuere. Praesent turpis. Aenean posuere, tortor sed cursus feugiat, nunc augue blandit nunc, eu sollicitudin urna dolor sagittis lacus. Donec elit libero, sodales nec, volutpat a, suscipit non, turpis. Nullam sagittis. Suspendisse pulvinar, augue ac venenatis condimentum, sem libero volutpat nibh, nec pellentesque velit pede quis nunc. Vestibulum ante ipsum primis in faucibus orci luctus et ultrices posuere cubilia Curae; Fusce id purus. Ut varius tincidunt libero. Phasellus dolor. Maecenas vestibulum mollis diam. Pellentesque ut neque. Pellentesque habitant morbi tristique senectus et netus et malesuada fames ac turpis egestas. In dui magna, posuere eget, vestibulum et, tempor auctor, justo. In ac felis quis tortor malesuada pretium. Pellentesque auctor neque nec urna. Proin sapien ipsum, porta a, auctor quis, euismod ut, mi. Aenean viverra rhoncus pede. Pellentesque habitant morbi tristique senectus et netus et malesuada fames ac turpis egestas. Ut non enim eleifend felis pretium feugiat. Vivamus quis mi. Phasellus a est. Phasellus magna. In hac habitasse platea dictumst. Curabitur at lacus ac velit ornare lobortis. Curabitur a felis in nunc fringilla tristique. Morbi mattis ullamcorper velit. Phasellus gravida semper nisi. Nullam vel sem. Pellentesque libero tortor, tincidunt et, tincidunt eget, semper nec, quam. Sed hendrerit. Morbi ac felis. Nunc egestas, augue at pellentesque laoreet, felis eros vehicula leo, at malesuada velit leo quis pede. Donec interdum, metus et hendrerit aliquet, dolor diam sagittis ligula, eget egestas libero turpis vel mi. Nunc nulla. Fusce risus nisl, viverra et, tempor et, pretium in, sapien. Donec venenatis vulputate lorem. Morbi nec metus. Phasellus blandit leo ut odio. Maecenas ullamcorper, dui et placerat feugiat, eros pede varius nisi, condimentum viverra felis nunc et lorem. Sed magna purus, fermentum eu, tincidunt eu, varius ut, felis. In auctor lobortis lacus. Quisque libero metus, condimentum nec, tempor a, commodo mollis, magna. Vestibulum ullamcorper mauris at ligula. Fusce fermentum. Nullam cursus lacinia erat. Praesent blandit laoreet nibh. Fusce convallis metus id felis luctus adipiscing. Pellentesque egestas, neque sit amet convallis pulvinar, justo nulla eleifend augue, ac auctor orci leo non est. Quisque id mi. Ut tincidunt tincidunt erat. Etiam feugiat lorem non metus. Vestibulum dapibus nunc ac augue. Curabitur vestibulum aliquam leo. Praesent egestas neque eu enim. In hac habitasse platea dictumst. Fusce a quam. Etiam ut purus mattis mauris sodales aliquam. Curabitur nisi. Quisque malesuada placerat nisl. Nam ipsum risus, rutrum vitae, vestibulum eu, molestie vel, lacus. Sed augue ipsum, egestas nec, vestibulum et, malesuada adipiscing, dui. Vestibulum facilisis, purus nec pulvinar iaculis, ligula mi congue nunc, vitae euismod ligula urna in dolor. Mauris sollicitudin fermentum libero. Praesent nonummy mi in odio. Nunc interdum lacus sit amet orci. Vestibulum rutrum, mi nec elementum vehicula, eros quam gravida nisl, id fringilla neque ante vel mi. Morbi mollis tellus ac sapien. Phasellus volutpat, metus eget egestas mollis, lacus lacus blandit dui, id egestas quam mauris ut lacus. Fusce vel dui. Sed in libero ut nibh placerat accumsan. Proin faucibus arcu quis ante. In consectetuer turpis ut velit. Nulla sit amet est. Praesent metus tellus, elementum eu, semper a, adipiscing nec, purus. Cras risus ipsum, faucibus ut, ullamcorper id, varius ac, leo. Suspendisse feugiat. Suspendisse enim turpis, dictum sed, iaculis a, condimentum nec, nisi. Praesent nec nisl a purus blandit viverra. Praesent ac massa at ligula laoreet iaculis. Nulla neque dolor, sagittis eget, iaculis quis, molestie non, velit. Mauris turpis nunc, blandit et, volutpat molestie, porta ut, ligula. Fusce pharetra convallis urna. Quisque ut nisi. Donec mi odio, faucibus at, scelerisque quis, convallis in, nisi. Suspendisse non nisl sit amet velit hendrerit rutrum. Ut leo. Ut a nisl id ante tempus hendrerit. Proin pretium, leo ac pellentesque mollis, felis nunc ultrices eros, sed gravida augue augue mollis justo. Suspendisse eu ligula. Nulla facilisi. Donec id justo. Praesent porttitor, nulla vitae posuere iaculis, arcu nisl dignissim dolor, a pretium mi sem ut ipsum. Curabitur suscipit suscipit tellus. Praesent vestibulum dapibus nibh. Etiam iaculis nunc ac metus. Ut id nisl quis enim dignissim sagittis. Etiam sollicitudin, ipsum eu pulvinar rutrum, tellus ipsum laoreet sapien, quis venenatis ante odio sit amet eros. Proin magna. Duis vel nibh at velit scelerisque suscipit. Curabitur turpis. Vestibulum suscipit nulla quis orci. Fusce ac felis sit amet ligula pharetra condimentum. Maecenas egestas arcu quis ligula mattis placerat. Duis lobortis massa imperdiet quam. Suspendisse potenti. Pellentesque commodo eros a enim. Vestibulum turpis sem, aliquet eget, lobortis pellentesque, rutrum eu, nisl. Sed libero. Aliquam erat volutpat. Etiam vitae tortor. Morbi vestibulum volutpat enim. Aliquam eu nunc. Nunc sed turpis. Sed mollis, eros et ultrices tempus, mauris ipsum aliquam libero, non adipiscing dolor urna a orci. Nulla porta dolor. Class aptent taciti sociosqu ad litora torquent per conubia nostra, per inceptos hymenaeos. Pellentesque dapibus hendrerit tortor. Praesent egestas tristique nibh. Sed a libero. Cras varius. Donec vitae orci sed dolor rutrum auctor. Fusce egestas elit eget lorem. Suspendisse nisl elit, rhoncus eget, elementum ac, condimentum eget, diam. Nam at tortor in tellus interdum sagittis. Aliquam lobortis. Donec orci lectus, aliquam ut, faucibus non, euismod id, nulla. Curabitur blandit mollis lacus. Nam adipiscing. Vestibulum eu odio. Vivamus laoreet. Nullam tincidunt adipiscing enim. Phasellus tempus. Proin viverra, ligula sit amet ultrices semper, ligula arcu tristique sapien, a accumsan nisi mauris ac eros. Fusce neque. Suspendisse faucibus, nunc et pellentesque egestas, lacus ante convallis tellus, vitae iaculis lacus elit id tortor. Vivamus aliquet elit ac nisl. Fusce fermentum odio nec arcu. Vivamus euismod mauris. In ut quam vitae odio lacinia tincidunt. Praesent ut ligula non mi varius sagittis. Cras sagittis. Praesent ac sem eget est egestas volutpat. Vivamus consectetuer hendrerit lacus. Cras non dolor. Vivamus in erat ut urna cursus vestibulum. Fusce commodo aliquam arcu. Nam commodo suscipit quam. Quisque id odio. Praesent venenatis metus at tortor pulvinar varius. Lorem ipsum dolor sit amet, consectetuer adipiscing elit. Aenean commodo ligula eget dolor. Aenean massa. Cum sociis natoque penatibus et magnis dis parturient montes, nascetur ridiculus mus. Donec quam felis, ultricies nec, pellentesque eu, pretium quis, sem. Nulla consequat massa quis enim. Donec pede justo, fringilla vel, aliquet nec, vulputate eget, arcu. In enim justo, rhoncus ut, imperdiet a, venenatis vitae, justo. Nullam dictum felis eu pede mollis pretium. Integer tincidunt. Cras dapibus. Vivamus elementum semper nisi. Aenean vulputate eleifend tellus. Aenean leo ligula, porttitor eu, consequat vita'),(21,'CGSO-28','P-02112025-7',NULL,''),(22,'CGSO-29','P-02112025-7',NULL,'Lorem ipsum dolor sit amet, consectetuer adipiscing elit. Aenean commodo ligula eget dolor. Aenean massa. Cum sociis natoque penatibus et magnis dis parturient montes, nascetur ridiculus mus. Donec quam felis, ultricies nec, pellentesque eu, pretium quis, sem. Nulla consequat massa quis enim. Donec pede justo, fringilla vel, aliquet nec, vulputate eget, arcu. In enim justo, rhoncus ut, imperdiet a, venenatis vitae, justo. Nullam dictum felis eu pede mollis pretium. Integer tincidunt. Cras dapibus. Vivamus elementum semper nisi. Aenean vulputate eleifend tellus. Aenean leo ligula, porttitor eu, consequat vitae, eleifend ac, enim. Aliquam lorem ante, dapibus in, viverra quis, feugiat a, tellus. Phasellus viverra nulla ut metus varius laoreet. Quisque rutrum. Aenean imperdiet. Etiam ultricies nisi vel augue. Curabitur ullamcorper ultricies nisi. Nam eget dui. Etiam rhoncus. Maecenas tempus, tellus eget condimentum rhoncus, sem quam semper libero, sit amet adipiscing sem neque sed ipsum. Nam quam nunc, blandit vel, luctus pulvinar, hendrerit id, lorem. Maecenas nec odio et ante tincidunt tempus. Donec vitae sapien ut libero venenatis faucibus. Nullam quis ante. Etiam sit amet orci eget eros faucibus tincidunt. Duis leo. Sed fringilla mauris sit amet nibh. Donec sodales sagittis magna. Sed consequat, leo eget bibendum sodales, augue velit cursus nunc, quis gravida magna mi a libero. Fusce vulputate eleifend sapien. Vestibulum purus quam, scelerisque ut, mollis sed, nonummy id, metus. Nullam accumsan lorem in dui. Cras ultricies mi eu turpis hendrerit fringilla. Vestibulum ante ipsum primis in faucibus orci luctus et ultrices posuere cubilia Curae; In ac dui quis mi consectetuer lacinia. Nam pretium turpis et arcu. Duis arcu tortor, suscipit eget, imperdiet nec, imperdiet iaculis, ipsum. Sed aliquam ultrices mauris. Integer ante arcu, accumsan a, consectetuer eget, posuere ut, mauris. Praesent adipiscing. Phasellus ullamcorper ipsum rutrum nunc. Nunc nonummy metus. Vestibulum volutpat pretium libero. Cras id dui. Aenean ut eros et nisl sagittis vestibulum. Nullam nulla eros, ultricies sit amet, nonummy id, imperdiet feugiat, pede. Sed lectus. Donec mollis hendrerit risus. Phasellus nec sem in justo pellentesque facilisis. Etiam imperdiet imperdiet orci. Nunc nec neque. Phasellus leo dolor, tempus non, auctor et, hendrerit quis, nisi. Curabitur ligula sapien, tincidunt non, euismod vitae, posuere imperdiet, leo. Maecenas malesuada. Praesent congue erat at massa. Sed cursus turpis vitae tortor. Donec posuere vulputate arcu. Phasellus accumsan cursus velit. Vestibulum ante ipsum primis in faucibus orci luctus et ultrices posuere cubilia Curae; Sed aliquam, nisi quis porttitor congue, elit erat euismod orci, ac placerat dolor lectus quis orci. Phasellus consectetuer vestibulum elit. Aenean tellus metus, bibendum sed, posuere ac, mattis non, nunc. Vestibulum fringilla pede sit amet augue. In turpis. Pellentesque posuere. Praesent turpis. Aenean posuere, tortor sed cursus feugiat, nunc augue blandit nunc, eu sollicitudin urna dolor sagittis lacus. Donec elit libero, sodales nec, volutpat a, suscipit non, turpis. Nullam sagittis. Suspendisse pulvinar, augue ac venenatis condimentum, sem libero volutpat nibh, nec pellentesque velit pede quis nunc. Vestibulum ante ipsum primis in faucibus orci luctus et ultrices posuere cubilia Curae; Fusce id purus. Ut varius tincidunt libero. Phasellus dolor. Maecenas vestibulum mollis diam. Pellentesque ut neque. Pellentesque habitant morbi tristique senectus et netus et malesuada fames ac turpis egestas. In dui magna, posuere eget, vestibulum et, tempor auctor, justo. In ac felis quis tortor malesuada pretium. Pellentesque auctor neque nec urna. Proin sapien ipsum, porta a, auctor quis, euismod ut, mi. Aenean viverra rhoncus pede. Pellentesque habitant morbi tristique senectus et netus et malesuada fames ac turpis egestas. Ut non enim eleifend felis pretium feugiat. Vivamus quis mi. Phasellus a est. Phasellus magna. In hac habitasse platea dictumst. Curabitur at lacus ac velit ornare lobortis. Curabitur a felis in nunc fringilla tristique. Morbi mattis ullamcorper velit. Phasellus gravida semper nisi. Nullam vel sem. Pellentesque libero tortor, tincidunt et, tincidunt eget, semper nec, quam. Sed hendrerit. Morbi ac felis. Nunc egestas, augue at pellentesque laoreet, felis eros vehicula leo, at malesuada velit leo quis pede. Donec interdum, metus et hendrerit aliquet, dolor diam sagittis ligula, eget egestas libero turpis vel mi. Nunc nulla. Fusce risus nisl, viverra et, tempor et, pretium in, sapien. Donec venenatis vulputate lorem. Morbi nec metus. Phasellus blandit leo ut odio. Maecenas ullamcorper, dui et placerat feugiat, eros pede varius nisi, condimentum viverra felis nunc et lorem. Sed magna purus, fermentum eu, tincidunt eu, varius ut, felis. In auctor lobortis lacus. Quisque libero metus, condimentum nec, tempor a, commodo mollis, magna. Vestibulum ullamcorper mauris at ligula. Fusce fermentum. Nullam cursus lacinia erat. Praesent blandit laoreet nibh. Fusce convallis metus id felis luctus adipiscing. Pellentesque egestas, neque sit amet convallis pulvinar, justo nulla eleifend augue, ac auctor orci leo non est. Quisque id mi. Ut tincidunt tincidunt erat. Etiam feugiat lorem non metus. Vestibulum dapibus nunc ac augue. Curabitur vestibulum aliquam leo. Praesent egestas neque eu enim. In hac habitasse platea dictumst. Fusce a quam. Etiam ut purus mattis mauris sodales aliquam. Curabitur nisi. Quisque malesuada placerat nisl. Nam ipsum risus, rutrum vitae, vestibulum eu, molestie vel, lacus. Sed augue ipsum, egestas nec, vestibulum et, malesuada adipiscing, dui. Vestibulum facilisis, purus nec pulvinar iaculis, ligula mi congue nunc, vitae euismod ligula urna in dolor. Mauris sollicitudin fermentum libero. Praesent nonummy mi in odio. Nunc interdum lacus sit amet orci. Vestibulum rutrum, mi nec elementum vehicula, eros quam gravida nisl, id fringilla neque ante vel mi. Morbi mollis tellus ac sapien. Phasellus volutpat, metus eget egestas mollis, lacus lacus blandit dui, id egestas quam mauris ut lacus. Fusce vel dui. Sed in libero ut nibh placerat accumsan. Proin faucibus arcu quis ante. In consectetuer turpis ut velit. Nulla sit amet est. Praesent metus tellus, elementum eu, semper a, adipiscing nec, purus. Cras risus ipsum, faucibus ut, ullamcorper id, varius ac, leo. Suspendisse feugiat. Suspendisse enim turpis, dictum sed, iaculis a, condimentum nec, nisi. Praesent nec nisl a purus blandit viverra. Praesent ac massa at ligula laoreet iaculis. Nulla neque dolor, sagittis eget, iaculis quis, molestie non, velit. Mauris turpis nunc, blandit et, volutpat molestie, porta ut, ligula. Fusce pharetra convallis urna. Quisque ut nisi. Donec mi odio, faucibus at, scelerisque quis, convallis in, nisi. Suspendisse non nisl sit amet velit hendrerit rutrum. Ut leo. Ut a nisl id ante tempus hendrerit. Proin pretium, leo ac pellentesque mollis, felis nunc ultrices eros, sed gravida augue augue mollis justo. Suspendisse eu ligula. Nulla facilisi. Donec id justo. Praesent porttitor, nulla vitae posuere iaculis, arcu nisl dignissim dolor, a pretium mi sem ut ipsum. Curabitur suscipit suscipit tellus. Praesent vestibulum dapibus nibh. Etiam iaculis nunc ac metus. Ut id nisl quis enim dignissim sagittis. Etiam sollicitudin, ipsum eu pulvinar rutrum, tellus ipsum laoreet sapien, quis venenatis ante odio sit amet eros. Proin magna. Duis vel nibh at velit scelerisque suscipit. Curabitur turpis. Vestibulum suscipit nulla quis orci. Fusce ac felis sit amet ligula pharetra condimentum. Maecenas egestas arcu quis ligula mattis placerat. Duis lobortis massa imperdiet quam. Suspendisse potenti. Pellentesque commodo eros a enim. Vestibulum turpis sem, aliquet eget, lobortis pellentesque, rutrum eu, nisl. Sed libero. Aliquam erat volutpat. Etiam vitae tortor. Morbi vestibulum volutpat enim. Aliquam eu nunc. Nunc sed turpis. Sed mollis, eros et ultrices tempus, mauris ipsum aliquam libero, non adipiscing dolor urna a orci. Nulla porta dolor. Class aptent taciti sociosqu ad litora torquent per conubia nostra, per inceptos hymenaeos. Pellentesque dapibus hendrerit tortor. Praesent egestas tristique nibh. Sed a libero. Cras varius. Donec vitae orci sed dolor rutrum auctor. Fusce egestas elit eget lorem. Suspendisse nisl elit, rhoncus eget, elementum ac, condimentum eget, diam. Nam at tortor in tellus interdum sagittis. Aliquam lobortis. Donec orci lectus, aliquam ut, faucibus non, euismod id, nulla. Curabitur blandit mollis lacus. Nam adipiscing. Vestibulum eu odio. Vivamus laoreet. Nullam tincidunt adipiscing enim. Phasellus tempus. Proin viverra, ligula sit amet ultrices semper, ligula arcu tristique sapien, a accumsan nisi mauris ac eros. Fusce neque. Suspendisse faucibus, nunc et pellentesque egestas, lacus ante convallis tellus, vitae iaculis lacus elit id tortor. Vivamus aliquet elit ac nisl. Fusce fermentum odio nec arcu. Vivamus euismod mauris. In ut quam vitae odio lacinia tincidunt. Praesent ut ligula non mi varius sagittis. Cras sagittis. Praesent ac sem eget est egestas volutpat. Vivamus consectetuer hendrerit lacus. Cras non dolor. Vivamus in erat ut urna cursus vestibulum. Fusce commodo aliquam arcu. Nam commodo suscipit quam. Quisque id odio. Praesent venenatis metus at tortor pulvinar varius. Lorem ipsum dolor sit amet, consectetuer adipiscing elit. Aenean commodo ligula eget dolor. Aenean massa. Cum sociis natoque penatibus et magnis dis parturient montes, nascetur ridiculus mus. Donec quam felis, ultricies nec, pellentesque eu, pretium quis, sem. Nulla consequat massa quis enim. Donec pede justo, fringilla vel, aliquet nec, vulputate eget, arcu. In enim justo, rhoncus ut, imperdiet a, venenatis vitae, justo. Nullam dictum felis eu pede mollis pretium. Integer tincidunt. Cras dapibus. Vivamus elementum semper nisi. Aenean vulputate eleifend tellus. Aenean leo ligula, porttitor eu, consequat vita'),(23,'CGSO-30','P-02112025-7',NULL,''),(24,'CGSO-31','P-02112025-7',NULL,'Lorem ipsum dolor sit amet, consectetuer adipiscing elit. Aenean commodo ligula eget dolor. Aenean massa. Cum sociis natoque penatibus et magnis dis parturient montes, nascetur ridiculus mus. Donec quam felis, ultricies nec, pellentesque eu, pretium quis, sem. Nulla consequat massa quis enim. Donec pede justo, fringilla vel, aliquet nec, vulputate eget, arcu. In enim justo, rhoncus ut, imperdiet a, venenatis vitae, justo. Nullam dictum felis eu pede mollis pretium. Integer tincidunt. Cras dapibus. Vivamus elementum semper nisi. Aenean vulputate eleifend tellus. Aenean leo ligula, porttitor eu, consequat vitae, eleifend ac, enim. Aliquam lorem ante, dapibus in, viverra quis, feugiat a, tellus. Phasellus viverra nulla ut metus varius laoreet. Quisque rutrum. Aenean imperdiet. Etiam ultricies nisi vel augue. Curabitur ullamcorper ultricies nisi. Nam eget dui. Etiam rhoncus. Maecenas tempus, tellus eget condimentum rhoncus, sem quam semper libero, sit amet adipiscing sem neque sed ipsum. Nam quam nunc, blandit vel, luctus pulvinar, hendrerit id, lorem. Maecenas nec odio et ante tincidunt tempus. Donec vitae sapien ut libero venenatis faucibus. Nullam quis ante. Etiam sit amet orci eget eros faucibus tincidunt. Duis leo. Sed fringilla mauris sit amet nibh. Donec sodales sagittis magna. Sed consequat, leo eget bibendum sodales, augue velit cursus nunc, quis gravida magna mi a libero. Fusce vulputate eleifend sapien. Vestibulum purus quam, scelerisque ut, mollis sed, nonummy id, metus. Nullam accumsan lorem in dui. Cras ultricies mi eu turpis hendrerit fringilla. Vestibulum ante ipsum primis in faucibus orci luctus et ultrices posuere cubilia Curae; In ac dui quis mi consectetuer lacinia. Nam pretium turpis et arcu. Duis arcu tortor, suscipit eget, imperdiet nec, imperdiet iaculis, ipsum. Sed aliquam ultrices mauris. Integer ante arcu, accumsan a, consectetuer eget, posuere ut, mauris. Praesent adipiscing. Phasellus ullamcorper ipsum rutrum nunc. Nunc nonummy metus. Vestibulum volutpat pretium libero. Cras id dui. Aenean ut eros et nisl sagittis vestibulum. Nullam nulla eros, ultricies sit amet, nonummy id, imperdiet feugiat, pede. Sed lectus. Donec mollis hendrerit risus. Phasellus nec sem in justo pellentesque facilisis. Etiam imperdiet imperdiet orci. Nunc nec neque. Phasellus leo dolor, tempus non, auctor et, hendrerit quis, nisi. Curabitur ligula sapien, tincidunt non, euismod vitae, posuere imperdiet, leo. Maecenas malesuada. Praesent congue erat at massa. Sed cursus turpis vitae tortor. Donec posuere vulputate arcu. Phasellus accumsan cursus velit. Vestibulum ante ipsum primis in faucibus orci luctus et ultrices posuere cubilia Curae; Sed aliquam, nisi quis porttitor congue, elit erat euismod orci, ac placerat dolor lectus quis orci. Phasellus consectetuer vestibulum elit. Aenean tellus metus, bibendum sed, posuere ac, mattis non, nunc. Vestibulum fringilla pede sit amet augue. In turpis. Pellentesque posuere. Praesent turpis. Aenean posuere, tortor sed cursus feugiat, nunc augue blandit nunc, eu sollicitudin urna dolor sagittis lacus. Donec elit libero, sodales nec, volutpat a, suscipit non, turpis. Nullam sagittis. Suspendisse pulvinar, augue ac venenatis condimentum, sem libero volutpat nibh, nec pellentesque velit pede quis nunc. Vestibulum ante ipsum primis in faucibus orci luctus et ultrices posuere cubilia Curae; Fusce id purus. Ut varius tincidunt libero. Phasellus dolor. Maecenas vestibulum mollis diam. Pellentesque ut neque. Pellentesque habitant morbi tristique senectus et netus et malesuada fames ac turpis egestas. In dui magna, posuere eget, vestibulum et, tempor auctor, justo. In ac felis quis tortor malesuada pretium. Pellentesque auctor neque nec urna. Proin sapien ipsum, porta a, auctor quis, euismod ut, mi. Aenean viverra rhoncus pede. Pellentesque habitant morbi tristique senectus et netus et malesuada fames ac turpis egestas. Ut non enim eleifend felis pretium feugiat. Vivamus quis mi. Phasellus a est. Phasellus magna. In hac habitasse platea dictumst. Curabitur at lacus ac velit ornare lobortis. Curabitur a felis in nunc fringilla tristique. Morbi mattis ullamcorper velit. Phasellus gravida semper nisi. Nullam vel sem. Pellentesque libero tortor, tincidunt et, tincidunt eget, semper nec, quam. Sed hendrerit. Morbi ac felis. Nunc egestas, augue at pellentesque laoreet, felis eros vehicula leo, at malesuada velit leo quis pede. Donec interdum, metus et hendrerit aliquet, dolor diam sagittis ligula, eget egestas libero turpis vel mi. Nunc nulla. Fusce risus nisl, viverra et, tempor et, pretium in, sapien. Donec venenatis vulputate lorem. Morbi nec metus. Phasellus blandit leo ut odio. Maecenas ullamcorper, dui et placerat feugiat, eros pede varius nisi, condimentum viverra felis nunc et lorem. Sed magna purus, fermentum eu, tincidunt eu, varius ut, felis. In auctor lobortis lacus. Quisque libero metus, condimentum nec, tempor a, commodo mollis, magna. Vestibulum ullamcorper mauris at ligula. Fusce fermentum. Nullam cursus lacinia erat. Praesent blandit laoreet nibh. Fusce convallis metus id felis luctus adipiscing. Pellentesque egestas, neque sit amet convallis pulvinar, justo nulla eleifend augue, ac auctor orci leo non est. Quisque id mi. Ut tincidunt tincidunt erat. Etiam feugiat lorem non metus. Vestibulum dapibus nunc ac augue. Curabitur vestibulum aliquam leo. Praesent egestas neque eu enim. In hac habitasse platea dictumst. Fusce a quam. Etiam ut purus mattis mauris sodales aliquam. Curabitur nisi. Quisque malesuada placerat nisl. Nam ipsum risus, rutrum vitae, vestibulum eu, molestie vel, lacus. Sed augue ipsum, egestas nec, vestibulum et, malesuada adipiscing, dui. Vestibulum facilisis, purus nec pulvinar iaculis, ligula mi congue nunc, vitae euismod ligula urna in dolor. Mauris sollicitudin fermentum libero. Praesent nonummy mi in odio. Nunc interdum lacus sit amet orci. Vestibulum rutrum, mi nec elementum vehicula, eros quam gravida nisl, id fringilla neque ante vel mi. Morbi mollis tellus ac sapien. Phasellus volutpat, metus eget egestas mollis, lacus lacus blandit dui, id egestas quam mauris ut lacus. Fusce vel dui. Sed in libero ut nibh placerat accumsan. Proin faucibus arcu quis ante. In consectetuer turpis ut velit. Nulla sit amet est. Praesent metus tellus, elementum eu, semper a, adipiscing nec, purus. Cras risus ipsum, faucibus ut, ullamcorper id, varius ac, leo. Suspendisse feugiat. Suspendisse enim turpis, dictum sed, iaculis a, condimentum nec, nisi. Praesent nec nisl a purus blandit viverra. Praesent ac massa at ligula laoreet iaculis. Nulla neque dolor, sagittis eget, iaculis quis, molestie non, velit. Mauris turpis nunc, blandit et, volutpat molestie, porta ut, ligula. Fusce pharetra convallis urna. Quisque ut nisi. Donec mi odio, faucibus at, scelerisque quis, convallis in, nisi. Suspendisse non nisl sit amet velit hendrerit rutrum. Ut leo. Ut a nisl id ante tempus hendrerit. Proin pretium, leo ac pellentesque mollis, felis nunc ultrices eros, sed gravida augue augue mollis justo. Suspendisse eu ligula. Nulla facilisi. Donec id justo. Praesent porttitor, nulla vitae posuere iaculis, arcu nisl dignissim dolor, a pretium mi sem ut ipsum. Curabitur suscipit suscipit tellus. Praesent vestibulum dapibus nibh. Etiam iaculis nunc ac metus. Ut id nisl quis enim dignissim sagittis. Etiam sollicitudin, ipsum eu pulvinar rutrum, tellus ipsum laoreet sapien, quis venenatis ante odio sit amet eros. Proin magna. Duis vel nibh at velit scelerisque suscipit. Curabitur turpis. Vestibulum suscipit nulla quis orci. Fusce ac felis sit amet ligula pharetra condimentum. Maecenas egestas arcu quis ligula mattis placerat. Duis lobortis massa imperdiet quam. Suspendisse potenti. Pellentesque commodo eros a enim. Vestibulum turpis sem, aliquet eget, lobortis pellentesque, rutrum eu, nisl. Sed libero. Aliquam erat volutpat. Etiam vitae tortor. Morbi vestibulum volutpat enim. Aliquam eu nunc. Nunc sed turpis. Sed mollis, eros et ultrices tempus, mauris ipsum aliquam libero, non adipiscing dolor urna a orci. Nulla porta dolor. Class aptent taciti sociosqu ad litora torquent per conubia nostra, per inceptos hymenaeos. Pellentesque dapibus hendrerit tortor. Praesent egestas tristique nibh. Sed a libero. Cras varius. Donec vitae orci sed dolor rutrum auctor. Fusce egestas elit eget lorem. Suspendisse nisl elit, rhoncus eget, elementum ac, condimentum eget, diam. Nam at tortor in tellus interdum sagittis. Aliquam lobortis. Donec orci lectus, aliquam ut, faucibus non, euismod id, nulla. Curabitur blandit mollis lacus. Nam adipiscing. Vestibulum eu odio. Vivamus laoreet. Nullam tincidunt adipiscing enim. Phasellus tempus. Proin viverra, ligula sit amet ultrices semper, ligula arcu tristique sapien, a accumsan nisi mauris ac eros. Fusce neque. Suspendisse faucibus, nunc et pellentesque egestas, lacus ante convallis tellus, vitae iaculis lacus elit id tortor. Vivamus aliquet elit ac nisl. Fusce fermentum odio nec arcu. Vivamus euismod mauris. In ut quam vitae odio lacinia tincidunt. Praesent ut ligula non mi varius sagittis. Cras sagittis. Praesent ac sem eget est egestas volutpat. Vivamus consectetuer hendrerit lacus. Cras non dolor. Vivamus in erat ut urna cursus vestibulum. Fusce commodo aliquam arcu. Nam commodo suscipit quam. Quisque id odio. Praesent venenatis metus at tortor pulvinar varius. Lorem ipsum dolor sit amet, consectetuer adipiscing elit. Aenean commodo ligula eget dolor. Aenean massa. Cum sociis natoque penatibus et magnis dis parturient montes, nascetur ridiculus mus. Donec quam felis, ultricies nec, pellentesque eu, pretium quis, sem. Nulla consequat massa quis enim. Donec pede justo, fringilla vel, aliquet nec, vulputate eget, arcu. In enim justo, rhoncus ut, imperdiet a, venenatis vitae, justo. Nullam dictum felis eu pede mollis pretium. Integer tincidunt. Cras dapibus. Vivamus elementum semper nisi. Aenean vulputate eleifend tellus. Aenean leo ligula, porttitor eu, consequat vita'),(25,'CGSO-32','P-02112025-7',NULL,''),(26,'CGSO-33','P-02112025-7',NULL,'Lorem ipsum dolor sit amet, consectetuer adipiscing elit. Aenean commodo ligula eget dolor. Aenean massa. Cum sociis natoque penatibus et magnis dis parturient montes, nascetur ridiculus mus. Donec quam felis, ultricies nec, pellentesque eu, pretium quis, sem. Nulla consequat massa quis enim. Donec pede justo, fringilla vel, aliquet nec, vulputate eget, arcu. In enim justo, rhoncus ut, imperdiet a, venenatis vitae, justo. Nullam dictum felis eu pede mollis pretium. Integer tincidunt. Cras dapibus. Vivamus elementum semper nisi. Aenean vulputate eleifend tellus. Aenean leo ligula, porttitor eu, consequat vitae, eleifend ac, enim. Aliquam lorem ante, dapibus in, viverra quis, feugiat a, tellus. Phasellus viverra nulla ut metus varius laoreet. Quisque rutrum. Aenean imperdiet. Etiam ultricies nisi vel augue. Curabitur ullamcorper ultricies nisi. Nam eget dui. Etiam rhoncus. Maecenas tempus, tellus eget condimentum rhoncus, sem quam semper libero, sit amet adipiscing sem neque sed ipsum. Nam quam nunc, blandit vel, luctus pulvinar, hendrerit id, lorem. Maecenas nec odio et ante tincidunt tempus. Donec vitae sapien ut libero venenatis faucibus. Nullam quis ante. Etiam sit amet orci eget eros faucibus tincidunt. Duis leo. Sed fringilla mauris sit amet nibh. Donec sodales sagittis magna. Sed consequat, leo eget bibendum sodales, augue velit cursus nunc, quis gravida magna mi a libero. Fusce vulputate eleifend sapien. Vestibulum purus quam, scelerisque ut, mollis sed, nonummy id, metus. Nullam accumsan lorem in dui. Cras ultricies mi eu turpis hendrerit fringilla. Vestibulum ante ipsum primis in faucibus orci luctus et ultrices posuere cubilia Curae; In ac dui quis mi consectetuer lacinia. Nam pretium turpis et arcu. Duis arcu tortor, suscipit eget, imperdiet nec, imperdiet iaculis, ipsum. Sed aliquam ultrices mauris. Integer ante arcu, accumsan a, consectetuer eget, posuere ut, mauris. Praesent adipiscing. Phasellus ullamcorper ipsum rutrum nunc. Nunc nonummy metus. Vestibulum volutpat pretium libero. Cras id dui. Aenean ut eros et nisl sagittis vestibulum. Nullam nulla eros, ultricies sit amet, nonummy id, imperdiet feugiat, pede. Sed lectus. Donec mollis hendrerit risus. Phasellus nec sem in justo pellentesque facilisis. Etiam imperdiet imperdiet orci. Nunc nec neque. Phasellus leo dolor, tempus non, auctor et, hendrerit quis, nisi. Curabitur ligula sapien, tincidunt non, euismod vitae, posuere imperdiet, leo. Maecenas malesuada. Praesent congue erat at massa. Sed cursus turpis vitae tortor. Donec posuere vulputate arcu. Phasellus accumsan cursus velit. Vestibulum ante ipsum primis in faucibus orci luctus et ultrices posuere cubilia Curae; Sed aliquam, nisi quis porttitor congue, elit erat euismod orci, ac placerat dolor lectus quis orci. Phasellus consectetuer vestibulum elit. Aenean tellus metus, bibendum sed, posuere ac, mattis non, nunc. Vestibulum fringilla pede sit amet augue. In turpis. Pellentesque posuere. Praesent turpis. Aenean posuere, tortor sed cursus feugiat, nunc augue blandit nunc, eu sollicitudin urna dolor sagittis lacus. Donec elit libero, sodales nec, volutpat a, suscipit non, turpis. Nullam sagittis. Suspendisse pulvinar, augue ac venenatis condimentum, sem libero volutpat nibh, nec pellentesque velit pede quis nunc. Vestibulum ante ipsum primis in faucibus orci luctus et ultrices posuere cubilia Curae; Fusce id purus. Ut varius tincidunt libero. Phasellus dolor. Maecenas vestibulum mollis diam. Pellentesque ut neque. Pellentesque habitant morbi tristique senectus et netus et malesuada fames ac turpis egestas. In dui magna, posuere eget, vestibulum et, tempor auctor, justo. In ac felis quis tortor malesuada pretium. Pellentesque auctor neque nec urna. Proin sapien ipsum, porta a, auctor quis, euismod ut, mi. Aenean viverra rhoncus pede. Pellentesque habitant morbi tristique senectus et netus et malesuada fames ac turpis egestas. Ut non enim eleifend felis pretium feugiat. Vivamus quis mi. Phasellus a est. Phasellus magna. In hac habitasse platea dictumst. Curabitur at lacus ac velit ornare lobortis. Curabitur a felis in nunc fringilla tristique. Morbi mattis ullamcorper velit. Phasellus gravida semper nisi. Nullam vel sem. Pellentesque libero tortor, tincidunt et, tincidunt eget, semper nec, quam. Sed hendrerit. Morbi ac felis. Nunc egestas, augue at pellentesque laoreet, felis eros vehicula leo, at malesuada velit leo quis pede. Donec interdum, metus et hendrerit aliquet, dolor diam sagittis ligula, eget egestas libero turpis vel mi. Nunc nulla. Fusce risus nisl, viverra et, tempor et, pretium in, sapien. Donec venenatis vulputate lorem. Morbi nec metus. Phasellus blandit leo ut odio. Maecenas ullamcorper, dui et placerat feugiat, eros pede varius nisi, condimentum viverra felis nunc et lorem. Sed magna purus, fermentum eu, tincidunt eu, varius ut, felis. In auctor lobortis lacus. Quisque libero metus, condimentum nec, tempor a, commodo mollis, magna. Vestibulum ullamcorper mauris at ligula. Fusce fermentum. Nullam cursus lacinia erat. Praesent blandit laoreet nibh. Fusce convallis metus id felis luctus adipiscing. Pellentesque egestas, neque sit amet convallis pulvinar, justo nulla eleifend augue, ac auctor orci leo non est. Quisque id mi. Ut tincidunt tincidunt erat. Etiam feugiat lorem non metus. Vestibulum dapibus nunc ac augue. Curabitur vestibulum aliquam leo. Praesent egestas neque eu enim. In hac habitasse platea dictumst. Fusce a quam. Etiam ut purus mattis mauris sodales aliquam. Curabitur nisi. Quisque malesuada placerat nisl. Nam ipsum risus, rutrum vitae, vestibulum eu, molestie vel, lacus. Sed augue ipsum, egestas nec, vestibulum et, malesuada adipiscing, dui. Vestibulum facilisis, purus nec pulvinar iaculis, ligula mi congue nunc, vitae euismod ligula urna in dolor. Mauris sollicitudin fermentum libero. Praesent nonummy mi in odio. Nunc interdum lacus sit amet orci. Vestibulum rutrum, mi nec elementum vehicula, eros quam gravida nisl, id fringilla neque ante vel mi. Morbi mollis tellus ac sapien. Phasellus volutpat, metus eget egestas mollis, lacus lacus blandit dui, id egestas quam mauris ut lacus. Fusce vel dui. Sed in libero ut nibh placerat accumsan. Proin faucibus arcu quis ante. In consectetuer turpis ut velit. Nulla sit amet est. Praesent metus tellus, elementum eu, semper a, adipiscing nec, purus. Cras risus ipsum, faucibus ut, ullamcorper id, varius ac, leo. Suspendisse feugiat. Suspendisse enim turpis, dictum sed, iaculis a, condimentum nec, nisi. Praesent nec nisl a purus blandit viverra. Praesent ac massa at ligula laoreet iaculis. Nulla neque dolor, sagittis eget, iaculis quis, molestie non, velit. Mauris turpis nunc, blandit et, volutpat molestie, porta ut, ligula. Fusce pharetra convallis urna. Quisque ut nisi. Donec mi odio, faucibus at, scelerisque quis, convallis in, nisi. Suspendisse non nisl sit amet velit hendrerit rutrum. Ut leo. Ut a nisl id ante tempus hendrerit. Proin pretium, leo ac pellentesque mollis, felis nunc ultrices eros, sed gravida augue augue mollis justo. Suspendisse eu ligula. Nulla facilisi. Donec id justo. Praesent porttitor, nulla vitae posuere iaculis, arcu nisl dignissim dolor, a pretium mi sem ut ipsum. Curabitur suscipit suscipit tellus. Praesent vestibulum dapibus nibh. Etiam iaculis nunc ac metus. Ut id nisl quis enim dignissim sagittis. Etiam sollicitudin, ipsum eu pulvinar rutrum, tellus ipsum laoreet sapien, quis venenatis ante odio sit amet eros. Proin magna. Duis vel nibh at velit scelerisque suscipit. Curabitur turpis. Vestibulum suscipit nulla quis orci. Fusce ac felis sit amet ligula pharetra condimentum. Maecenas egestas arcu quis ligula mattis placerat. Duis lobortis massa imperdiet quam. Suspendisse potenti. Pellentesque commodo eros a enim. Vestibulum turpis sem, aliquet eget, lobortis pellentesque, rutrum eu, nisl. Sed libero. Aliquam erat volutpat. Etiam vitae tortor. Morbi vestibulum volutpat enim. Aliquam eu nunc. Nunc sed turpis. Sed mollis, eros et ultrices tempus, mauris ipsum aliquam libero, non adipiscing dolor urna a orci. Nulla porta dolor. Class aptent taciti sociosqu ad litora torquent per conubia nostra, per inceptos hymenaeos. Pellentesque dapibus hendrerit tortor. Praesent egestas tristique nibh. Sed a libero. Cras varius. Donec vitae orci sed dolor rutrum auctor. Fusce egestas elit eget lorem. Suspendisse nisl elit, rhoncus eget, elementum ac, condimentum eget, diam. Nam at tortor in tellus interdum sagittis. Aliquam lobortis. Donec orci lectus, aliquam ut, faucibus non, euismod id, nulla. Curabitur blandit mollis lacus. Nam adipiscing. Vestibulum eu odio. Vivamus laoreet. Nullam tincidunt adipiscing enim. Phasellus tempus. Proin viverra, ligula sit amet ultrices semper, ligula arcu tristique sapien, a accumsan nisi mauris ac eros. Fusce neque. Suspendisse faucibus, nunc et pellentesque egestas, lacus ante convallis tellus, vitae iaculis lacus elit id tortor. Vivamus aliquet elit ac nisl. Fusce fermentum odio nec arcu. Vivamus euismod mauris. In ut quam vitae odio lacinia tincidunt. Praesent ut ligula non mi varius sagittis. Cras sagittis. Praesent ac sem eget est egestas volutpat. Vivamus consectetuer hendrerit lacus. Cras non dolor. Vivamus in erat ut urna cursus vestibulum. Fusce commodo aliquam arcu. Nam commodo suscipit quam. Quisque id odio. Praesent venenatis metus at tortor pulvinar varius. Lorem ipsum dolor sit amet, consectetuer adipiscing elit. Aenean commodo ligula eget dolor. Aenean massa. Cum sociis natoque penatibus et magnis dis parturient montes, nascetur ridiculus mus. Donec quam felis, ultricies nec, pellentesque eu, pretium quis, sem. Nulla consequat massa quis enim. Donec pede justo, fringilla vel, aliquet nec, vulputate eget, arcu. In enim justo, rhoncus ut, imperdiet a, venenatis vitae, justo. Nullam dictum felis eu pede mollis pretium. Integer tincidunt. Cras dapibus. Vivamus elementum semper nisi. Aenean vulputate eleifend tellus. Aenean leo ligula, porttitor eu, consequat vita'),(27,'CGSO-34','P-02112025-7',NULL,''),(28,'PS5W1TB-35','P-17012026-11',NULL,'');
/*!40000 ALTER TABLE `detalleproductopedido` ENABLE KEYS */;
UNLOCK TABLES;

--
-- Table structure for table `detalleventa`
--

DROP TABLE IF EXISTS `detalleventa`;
/*!40101 SET @saved_cs_client     = @@character_set_client */;
/*!50503 SET character_set_client = utf8mb4 */;
CREATE TABLE `detalleventa` (
  `IdDetalleVentaPK` int NOT NULL AUTO_INCREMENT,
  `IdVentaFK` int NOT NULL,
  `TipoArticulo` enum('Producto','Accesorio','Insumo','Servicio') NOT NULL,
  `CodigoArticulo` varchar(25) NOT NULL,
  `Cantidad` int unsigned DEFAULT '1',
  `PrecioBaseOriginal` decimal(10,2) NOT NULL,
  `MargenAplicado` decimal(5,2) NOT NULL,
  `PrecioVenta` decimal(10,2) NOT NULL,
  `Descuento` decimal(10,2) DEFAULT '0.00',
  `SubtotalSinIVA` decimal(10,2) NOT NULL,
  `IdMargenFK` int DEFAULT NULL COMMENT 'FK a la tabla MargenesVenta para contexto de negocio',
  PRIMARY KEY (`IdDetalleVentaPK`),
  KEY `IdVentaFK` (`IdVentaFK`),
  KEY `fk_detalleventa_margenes` (`IdMargenFK`),
  CONSTRAINT `detalleventa_ibfk_1` FOREIGN KEY (`IdVentaFK`) REFERENCES `ventasbase` (`IdVentaPK`),
  CONSTRAINT `fk_detalleventa_margenes` FOREIGN KEY (`IdMargenFK`) REFERENCES `margenesventa` (`IdMargenPK`)
) ENGINE=InnoDB AUTO_INCREMENT=49 DEFAULT CHARSET=utf8mb4 COLLATE=utf8mb4_0900_ai_ci;
/*!40101 SET character_set_client = @saved_cs_client */;

--
-- Dumping data for table `detalleventa`
--

LOCK TABLES `detalleventa` WRITE;
/*!40000 ALTER TABLE `detalleventa` DISABLE KEYS */;
INSERT INTO `detalleventa` VALUES (1,1,'Producto','GCI1-0',1,202.50,0.00,202.50,0.00,202.50,1),(2,2,'Producto','GCI1-0',1,150.00,0.00,150.00,0.00,150.00,1),(3,3,'Producto','GCI-7',1,117.50,0.00,117.50,0.00,117.50,1),(4,4,'Producto','GCI-11',1,117.50,0.00,117.50,0.00,117.50,1),(5,5,'Accesorio','GCIJ1-2',1,45.00,0.00,45.00,0.00,45.00,1),(6,6,'Accesorio','GCSO-4',1,25.00,0.00,25.00,0.00,25.00,1),(7,7,'Producto','PS5W1TB-14',1,300.00,0.00,300.00,0.00,300.00,1),(8,8,'Producto','PS5W1TB-12',1,324.00,0.00,324.00,0.00,324.00,1),(9,9,'Accesorio','GCIJ1-2',1,45.00,0.00,45.00,0.00,45.00,1),(10,10,'Accesorio','DS2OB-17',1,20.00,0.00,20.00,0.00,20.00,1),(11,11,'Insumo','NTPT2-2',1,10.00,0.00,10.00,0.00,10.00,1),(12,12,'Insumo','NTPT2-2',5,10.00,0.00,10.00,10.00,45.00,1),(13,13,'Accesorio','GCIJ1-1',1,25.00,0.00,25.00,0.00,25.00,1),(14,14,'Servicio','5',3,45.00,0.00,45.00,0.00,135.00,1),(15,15,'Servicio','5',5,45.00,0.00,45.00,0.00,225.00,1),(16,16,'Servicio','5',2,45.00,0.00,45.00,0.00,90.00,1),(17,17,'Servicio','5',1,45.00,0.00,45.00,0.00,45.00,1),(18,18,'Insumo','PICO-3',9,10.00,0.00,10.00,10.00,81.00,1),(19,19,'Accesorio','GSCTY-10',1,42.50,0.00,42.50,0.00,42.50,1),(20,20,'Producto','CGSO-26',1,107.50,0.00,107.50,0.00,107.50,1),(21,21,'Accesorio','GSCTY-10',1,42.50,0.00,42.50,10.00,38.25,1),(22,22,'Accesorio','GSCTY-14',1,45.00,0.00,45.00,0.00,45.00,1),(23,22,'Insumo','NTPT2-2',1,12.00,0.00,13.00,0.00,13.00,1),(24,22,'Servicio','3',1,10.00,0.00,10.00,0.00,10.00,1),(25,23,'Producto','GCI-7',1,158.63,0.00,126.90,20.00,126.90,1),(26,24,'Producto','GCI-7',1,158.63,0.00,126.90,20.00,126.90,1),(27,25,'Producto','CGSO-28',1,107.50,0.00,107.50,0.00,107.50,1),(28,26,'Accesorio','GCSO-4',1,33.75,0.00,33.75,0.00,33.75,1),(29,27,'Accesorio','GCSO-4',1,25.00,0.00,25.00,0.00,25.00,1),(30,28,'Producto','PS5W1TB-12',1,240.00,0.00,240.00,0.00,240.00,1),(31,29,'Accesorio','GSCTY-13',1,42.50,0.00,42.50,0.00,42.50,1),(32,30,'Producto','CGSO-29',1,107.50,0.00,107.50,0.00,107.50,1),(33,31,'Producto','CGSO-30',1,107.50,0.00,107.50,0.00,107.50,1),(34,32,'Producto','GCI-7',1,117.50,0.00,117.50,10.00,105.75,1),(35,33,'Producto','CGSO-30',1,107.50,0.00,129.00,0.00,129.00,1),(36,34,'Producto','GCI-7',1,117.50,0.00,158.63,10.00,142.77,1),(37,35,'Producto','CGSO-33',1,107.50,0.00,200.00,13.00,174.00,1),(38,36,'Accesorio','DS2OB-19',1,37.75,0.00,50.96,0.00,50.96,1),(39,37,'Accesorio','DS2OB-20',1,37.75,0.00,50.96,0.00,50.96,1),(40,38,'Producto','CGSO-31',1,145.13,0.00,145.13,0.00,145.13,1),(41,38,'Accesorio','DS2OB-18',1,50.96,0.00,50.96,0.00,50.96,1),(42,39,'Producto','CGSO-31',1,107.50,0.00,145.13,0.00,145.13,1),(43,39,'Accesorio','DS2OB-18',1,37.75,0.00,50.96,0.00,50.96,1),(44,40,'Producto','CGSO-31',1,107.50,0.00,145.13,0.00,145.13,1),(45,41,'Accesorio','DS2OB-22',1,37.75,0.00,50.96,0.00,50.96,1),(46,42,'Servicio','7',1,20.00,0.00,20.00,0.00,20.00,1),(47,43,'Insumo','SPR-003-5',1,15.00,0.00,20.25,0.00,20.25,1),(48,44,'Servicio','7',1,20.00,0.00,20.00,0.00,20.00,1);
/*!40000 ALTER TABLE `detalleventa` ENABLE KEYS */;
UNLOCK TABLES;

--
-- Table structure for table `estadopedido`
--

DROP TABLE IF EXISTS `estadopedido`;
/*!40101 SET @saved_cs_client     = @@character_set_client */;
/*!50503 SET character_set_client = utf8mb4 */;
CREATE TABLE `estadopedido` (
  `CodigoEstadoPedido` int NOT NULL AUTO_INCREMENT,
  `DescripcionEstadoPedido` varchar(100) NOT NULL,
  PRIMARY KEY (`CodigoEstadoPedido`)
) ENGINE=InnoDB AUTO_INCREMENT=8 DEFAULT CHARSET=utf8mb4 COLLATE=utf8mb4_0900_ai_ci;
/*!40101 SET character_set_client = @saved_cs_client */;

--
-- Dumping data for table `estadopedido`
--

LOCK TABLES `estadopedido` WRITE;
/*!40000 ALTER TABLE `estadopedido` DISABLE KEYS */;
INSERT INTO `estadopedido` VALUES (1,'En espera'),(2,'En trnsito'),(3,'Recibido en Estados Unidos'),(4,'En aduana/agencia'),(5,'Recibido'),(6,'Cancelado'),(7,'Eliminado');
/*!40000 ALTER TABLE `estadopedido` ENABLE KEYS */;
UNLOCK TABLES;

--
-- Table structure for table `estadousuarios`
--

DROP TABLE IF EXISTS `estadousuarios`;
/*!40101 SET @saved_cs_client     = @@character_set_client */;
/*!50503 SET character_set_client = utf8mb4 */;
CREATE TABLE `estadousuarios` (
  `IdEstadoPK` int NOT NULL AUTO_INCREMENT,
  `DescripcionEstado` varchar(100) DEFAULT NULL,
  PRIMARY KEY (`IdEstadoPK`)
) ENGINE=InnoDB AUTO_INCREMENT=3 DEFAULT CHARSET=utf8mb4 COLLATE=utf8mb4_0900_ai_ci;
/*!40101 SET character_set_client = @saved_cs_client */;

--
-- Dumping data for table `estadousuarios`
--

LOCK TABLES `estadousuarios` WRITE;
/*!40000 ALTER TABLE `estadousuarios` DISABLE KEYS */;
INSERT INTO `estadousuarios` VALUES (1,'Activo'),(2,'Inactivo');
/*!40000 ALTER TABLE `estadousuarios` ENABLE KEYS */;
UNLOCK TABLES;

--
-- Table structure for table `estadoventa`
--

DROP TABLE IF EXISTS `estadoventa`;
/*!40101 SET @saved_cs_client     = @@character_set_client */;
/*!50503 SET character_set_client = utf8mb4 */;
CREATE TABLE `estadoventa` (
  `IdEstadoVentaPK` int NOT NULL AUTO_INCREMENT,
  `DescripcionEstadoVenta` varchar(100) DEFAULT NULL,
  PRIMARY KEY (`IdEstadoVentaPK`)
) ENGINE=InnoDB AUTO_INCREMENT=5 DEFAULT CHARSET=utf8mb4 COLLATE=utf8mb4_0900_ai_ci;
/*!40101 SET character_set_client = @saved_cs_client */;

--
-- Dumping data for table `estadoventa`
--

LOCK TABLES `estadoventa` WRITE;
/*!40000 ALTER TABLE `estadoventa` DISABLE KEYS */;
INSERT INTO `estadoventa` VALUES (1,'Pendiente'),(2,'Pagado'),(3,'Anulado'),(4,'Borrado');
/*!40000 ALTER TABLE `estadoventa` ENABLE KEYS */;
UNLOCK TABLES;

--
-- Table structure for table `fabricanteaccesorios`
--

DROP TABLE IF EXISTS `fabricanteaccesorios`;
/*!40101 SET @saved_cs_client     = @@character_set_client */;
/*!50503 SET character_set_client = utf8mb4 */;
CREATE TABLE `fabricanteaccesorios` (
  `IdFabricanteAccesorioPK` int NOT NULL AUTO_INCREMENT,
  `NombreFabricanteAccesorio` varchar(100) DEFAULT NULL,
  `Activo` tinyint(1) NOT NULL DEFAULT '1',
  PRIMARY KEY (`IdFabricanteAccesorioPK`)
) ENGINE=InnoDB AUTO_INCREMENT=3 DEFAULT CHARSET=utf8mb4 COLLATE=utf8mb4_0900_ai_ci;
/*!40101 SET character_set_client = @saved_cs_client */;

--
-- Dumping data for table `fabricanteaccesorios`
--

LOCK TABLES `fabricanteaccesorios` WRITE;
/*!40000 ALTER TABLE `fabricanteaccesorios` DISABLE KEYS */;
INSERT INTO `fabricanteaccesorios` VALUES (1,'Nintendo',1),(2,'Sony',1);
/*!40000 ALTER TABLE `fabricanteaccesorios` ENABLE KEYS */;
UNLOCK TABLES;

--
-- Table structure for table `fabricanteinsumos`
--

DROP TABLE IF EXISTS `fabricanteinsumos`;
/*!40101 SET @saved_cs_client     = @@character_set_client */;
/*!50503 SET character_set_client = utf8mb4 */;
CREATE TABLE `fabricanteinsumos` (
  `IdFabricanteInsumosPK` int NOT NULL AUTO_INCREMENT,
  `NombreFabricanteInsumos` varchar(100) DEFAULT NULL,
  `Activo` tinyint(1) NOT NULL DEFAULT '1',
  PRIMARY KEY (`IdFabricanteInsumosPK`)
) ENGINE=InnoDB AUTO_INCREMENT=3 DEFAULT CHARSET=utf8mb4 COLLATE=utf8mb4_0900_ai_ci;
/*!40101 SET character_set_client = @saved_cs_client */;

--
-- Dumping data for table `fabricanteinsumos`
--

LOCK TABLES `fabricanteinsumos` WRITE;
/*!40000 ALTER TABLE `fabricanteinsumos` DISABLE KEYS */;
INSERT INTO `fabricanteinsumos` VALUES (1,'Genrico',1),(2,'Noctua',1);
/*!40000 ALTER TABLE `fabricanteinsumos` ENABLE KEYS */;
UNLOCK TABLES;

--
-- Table structure for table `fabricantes`
--

DROP TABLE IF EXISTS `fabricantes`;
/*!40101 SET @saved_cs_client     = @@character_set_client */;
/*!50503 SET character_set_client = utf8mb4 */;
CREATE TABLE `fabricantes` (
  `IdFabricantePK` int NOT NULL AUTO_INCREMENT,
  `NombreFabricante` varchar(100) DEFAULT NULL,
  `Activo` tinyint(1) NOT NULL DEFAULT '1',
  PRIMARY KEY (`IdFabricantePK`)
) ENGINE=InnoDB AUTO_INCREMENT=3 DEFAULT CHARSET=utf8mb4 COLLATE=utf8mb4_0900_ai_ci;
/*!40101 SET character_set_client = @saved_cs_client */;

--
-- Dumping data for table `fabricantes`
--

LOCK TABLES `fabricantes` WRITE;
/*!40000 ALTER TABLE `fabricantes` DISABLE KEYS */;
INSERT INTO `fabricantes` VALUES (1,'Nintendo',1),(2,'Sony',1);
/*!40000 ALTER TABLE `fabricantes` ENABLE KEYS */;
UNLOCK TABLES;

--
-- Table structure for table `historialestadoaccesorio`
--

DROP TABLE IF EXISTS `historialestadoaccesorio`;
/*!40101 SET @saved_cs_client     = @@character_set_client */;
/*!50503 SET character_set_client = utf8mb4 */;
CREATE TABLE `historialestadoaccesorio` (
  `IdHistorial` int NOT NULL AUTO_INCREMENT,
  `CodigoAccesorio` varchar(25) NOT NULL,
  `EstadoAnterior` int DEFAULT NULL,
  `EstadoNuevo` int NOT NULL,
  `FechaCambio` timestamp NULL DEFAULT CURRENT_TIMESTAMP,
  `IdUsuarioFK` int DEFAULT NULL,
  PRIMARY KEY (`IdHistorial`),
  KEY `CodigoAccesorio` (`CodigoAccesorio`),
  KEY `EstadoAnterior` (`EstadoAnterior`),
  KEY `EstadoNuevo` (`EstadoNuevo`),
  KEY `fk_historialaccesorio_usuario` (`IdUsuarioFK`),
  CONSTRAINT `fk_historialaccesorio_usuario` FOREIGN KEY (`IdUsuarioFK`) REFERENCES `usuarios` (`IdUsuarioPK`),
  CONSTRAINT `historialestadoaccesorio_ibfk_1` FOREIGN KEY (`CodigoAccesorio`) REFERENCES `accesoriosbase` (`CodigoAccesorio`),
  CONSTRAINT `historialestadoaccesorio_ibfk_2` FOREIGN KEY (`EstadoAnterior`) REFERENCES `catalogoestadosconsolas` (`CodigoEstado`),
  CONSTRAINT `historialestadoaccesorio_ibfk_3` FOREIGN KEY (`EstadoNuevo`) REFERENCES `catalogoestadosconsolas` (`CodigoEstado`)
) ENGINE=InnoDB AUTO_INCREMENT=110 DEFAULT CHARSET=utf8mb4 COLLATE=utf8mb4_0900_ai_ci;
/*!40101 SET character_set_client = @saved_cs_client */;

--
-- Dumping data for table `historialestadoaccesorio`
--

LOCK TABLES `historialestadoaccesorio` WRITE;
/*!40000 ALTER TABLE `historialestadoaccesorio` DISABLE KEYS */;
INSERT INTO `historialestadoaccesorio` VALUES (1,'GCIJ1-1',NULL,1,'2025-09-23 03:35:55',1),(2,'GCIJ1-1',1,2,'2025-09-26 21:10:13',2),(3,'GCIJ1-1',2,1,'2025-09-26 21:10:25',2),(4,'GCIJ1-2',NULL,3,'2025-09-26 22:06:43',2),(5,'GCSO-3',NULL,2,'2025-09-28 03:54:55',2),(6,'GCSO-4',NULL,1,'2025-10-05 04:29:28',2),(7,'GCIJ1-1',1,4,'2025-10-05 04:36:50',2),(8,'GCIJ1-2',3,2,'2025-10-05 04:49:35',2),(9,'GCSO-3',2,7,'2025-10-05 04:55:43',2),(10,'GCIJ1-2',2,11,'2025-10-10 04:05:54',2),(11,'GCIJ1-2',11,8,'2025-10-10 04:05:58',2),(12,'GCIJ1-2',8,9,'2025-10-10 04:06:20',2),(13,'GCSO-4',1,11,'2025-10-10 04:09:15',2),(14,'GCSO-4',11,8,'2025-10-10 04:09:25',2),(15,'GCSO-4',8,9,'2025-10-10 04:09:37',2),(16,'GCSO-4',9,6,'2025-10-10 04:09:50',2),(17,'GCIJ-5',NULL,2,'2025-10-23 03:00:26',1),(18,'GCIJ-5',2,1,'2025-10-23 03:40:23',1),(19,'GCSO-3',1,7,'2025-10-23 03:41:08',1),(20,'GCSO-3',1,7,'2025-10-23 03:41:28',1),(21,'GCSO-4',6,2,'2025-10-28 02:35:47',2),(22,'GSCTY-6',NULL,2,'2025-11-02 04:31:12',2),(23,'GSCTY-7',NULL,2,'2025-11-02 04:31:12',2),(24,'GSCTY-8',NULL,2,'2025-11-02 04:37:59',2),(25,'GSCTY-9',NULL,2,'2025-11-02 04:37:59',2),(26,'GSCTY-10',NULL,2,'2025-11-02 04:38:31',2),(27,'GSCTY-11',NULL,2,'2025-11-02 04:38:31',2),(28,'GSCTY-12',NULL,2,'2025-11-02 04:54:08',2),(29,'GSCTY-13',NULL,2,'2025-11-02 04:54:08',2),(30,'GSCTY-14',NULL,2,'2025-11-02 04:58:45',2),(31,'GSCTY-15',NULL,2,'2025-11-02 04:58:45',2),(32,'GCIJ1-2',11,8,'2025-11-11 02:47:42',2),(33,'DS2OB-16',NULL,1,'2025-11-15 18:51:57',2),(34,'DS2OB-17',NULL,1,'2025-11-15 18:52:23',2),(35,'DS2OB-17',11,8,'2025-11-15 18:52:40',2),(36,'GCIJ1-1',11,8,'2025-11-16 01:25:02',2),(37,'DS2OB-16',11,1,'2025-11-21 03:12:09',2),(38,'DS2OB-16',1,11,'2025-11-21 03:12:21',2),(39,'DS2OB-16',1,11,'2025-11-21 03:12:58',2),(40,'DS2OB-16',11,1,'2025-11-21 03:13:02',2),(41,'DS2OB-16',1,11,'2025-11-22 03:11:11',2),(42,'GSCTY-11',2,11,'2025-11-22 03:18:49',2),(43,'GSCTY-10',2,11,'2025-11-22 03:57:50',2),(44,'GSCTY-10',11,8,'2025-11-22 04:13:02',2),(45,'GSCTY-12',2,11,'2025-11-22 04:33:08',2),(46,'GSCTY-14',2,11,'2025-11-22 04:39:41',2),(47,'GCSO-4',2,11,'2025-11-25 04:12:56',2),(48,'GCSO-4',2,11,'2025-11-25 04:15:04',2),(49,'GSCTY-14',11,2,'2025-11-25 04:22:59',2),(50,'GCSO-4',2,11,'2025-11-25 04:24:14',2),(51,'GCSO-4',2,11,'2025-11-25 04:24:41',2),(52,'GCSO-4',11,2,'2025-11-25 04:24:45',2),(53,'GCSO-4',2,11,'2025-11-25 04:29:30',2),(54,'GCSO-4',11,2,'2025-11-25 04:29:32',2),(55,'GCSO-4',11,2,'2025-11-25 04:29:33',2),(56,'GCSO-4',2,11,'2025-12-16 02:47:47',2),(57,'GCSO-4',11,8,'2025-12-17 02:09:13',2),(58,'GSCTY-13',2,11,'2025-12-22 22:16:01',2),(59,'GSCTY-13',11,8,'2025-12-22 22:16:07',2),(60,'DS2OB-18',NULL,2,'2026-01-17 05:11:08',2),(61,'DS2OB-19',NULL,2,'2026-01-17 05:11:08',2),(62,'DS2OB-20',NULL,2,'2026-01-17 05:11:08',2),(63,'DS2OB-21',NULL,2,'2026-01-17 05:11:08',2),(64,'DS2OB-22',NULL,2,'2026-01-17 05:11:08',2),(65,'DS2OB-23',NULL,2,'2026-01-17 05:11:08',2),(66,'DS2OB-24',NULL,2,'2026-01-17 05:11:08',2),(67,'DS2OB-25',NULL,2,'2026-01-17 05:11:08',2),(68,'DS2OB-26',NULL,2,'2026-01-17 05:11:08',2),(69,'DS2OB-27',NULL,2,'2026-01-17 05:11:08',2),(70,'DS2OB-19',2,11,'2026-01-23 20:18:57',2),(71,'DS2OB-19',11,8,'2026-01-23 20:30:44',2),(72,'DS2OB-20',2,11,'2026-01-23 20:32:16',2),(73,'DS2OB-20',11,8,'2026-01-23 20:32:23',2),(74,'DS2OB-21',2,11,'2026-01-25 02:47:02',2),(75,'DS2OB-22',2,11,'2026-01-25 02:47:36',4),(76,'DS2OB-22',11,2,'2026-01-25 02:53:37',4),(77,'DS2OB-22',11,2,'2026-01-25 02:53:37',4),(78,'DS2OB-22',2,11,'2026-01-25 02:54:16',4),(79,'DS2OB-22',11,2,'2026-01-25 02:58:09',4),(80,'DS2OB-18',2,11,'2026-01-27 03:19:35',1),(81,'DS2OB-18',11,2,'2026-01-27 03:25:00',1),(82,'DS2OB-18',2,11,'2026-01-27 03:25:02',1),(83,'DS2OB-18',11,2,'2026-01-27 03:25:46',1),(84,'DS2OB-18',2,11,'2026-01-27 03:25:48',1),(85,'DS2OB-18',11,2,'2026-01-27 03:37:33',1),(86,'DS2OB-18',2,11,'2026-01-27 03:37:39',1),(87,'DS2OB-18',11,2,'2026-01-27 03:40:08',1),(88,'DS2OB-18',2,11,'2026-01-27 03:40:11',1),(89,'DS2OB-18',11,2,'2026-01-27 03:40:20',1),(90,'DS2OB-18',2,11,'2026-01-27 03:45:11',1),(91,'DS2OB-18',11,2,'2026-01-27 03:51:10',1),(92,'DS2OB-18',2,11,'2026-01-27 03:51:13',1),(93,'DS2OB-18',11,2,'2026-01-27 03:51:31',1),(94,'DS2OB-18',2,11,'2026-01-27 03:51:31',1),(95,'DS2OB-18',11,2,'2026-01-27 03:51:50',1),(96,'DS2OB-18',2,11,'2026-01-27 03:51:50',1),(97,'DS2OB-18',11,2,'2026-01-27 03:51:54',1),(98,'DS2OB-18',2,11,'2026-01-27 03:51:54',1),(99,'DS2OB-18',11,2,'2026-01-27 04:00:39',1),(100,'DS2OB-18',2,11,'2026-01-27 04:00:47',1),(101,'DS2OB-18',11,2,'2026-01-27 04:00:55',1),(102,'DS2OB-18',2,11,'2026-01-27 04:00:55',1),(103,'DS2OB-18',11,2,'2026-01-27 04:02:45',1),(104,'DS2OB-18',2,11,'2026-01-27 04:02:45',1),(105,'DS2OB-18',11,8,'2026-01-28 21:31:35',1),(106,'DS2OB-22',2,11,'2026-01-31 19:48:51',2),(107,'DS2OB-22',11,8,'2026-01-31 19:48:54',2),(108,'DS2OB-21',11,2,'2026-01-31 21:29:26',2),(109,'DS2OB-23',2,11,'2026-02-03 00:33:27',1);
/*!40000 ALTER TABLE `historialestadoaccesorio` ENABLE KEYS */;
UNLOCK TABLES;

--
-- Table structure for table `historialestadoinsumo`
--

DROP TABLE IF EXISTS `historialestadoinsumo`;
/*!40101 SET @saved_cs_client     = @@character_set_client */;
/*!50503 SET character_set_client = utf8mb4 */;
CREATE TABLE `historialestadoinsumo` (
  `IdHistorial` int NOT NULL AUTO_INCREMENT,
  `CodigoInsumo` varchar(25) NOT NULL,
  `EstadoAnterior` int DEFAULT NULL,
  `EstadoNuevo` int NOT NULL,
  `StockAnterior` int unsigned DEFAULT NULL,
  `StockNuevo` int unsigned DEFAULT NULL,
  `StockMinimoAnterior` int unsigned DEFAULT NULL,
  `StockMinimoNuevo` int unsigned DEFAULT NULL,
  `FechaCambio` timestamp NULL DEFAULT CURRENT_TIMESTAMP,
  `IdUsuarioFK` int DEFAULT NULL,
  PRIMARY KEY (`IdHistorial`),
  KEY `CodigoInsumo` (`CodigoInsumo`),
  KEY `EstadoAnterior` (`EstadoAnterior`),
  KEY `EstadoNuevo` (`EstadoNuevo`),
  KEY `fk_historialinsumo_usuario` (`IdUsuarioFK`),
  CONSTRAINT `fk_historialinsumo_usuario` FOREIGN KEY (`IdUsuarioFK`) REFERENCES `usuarios` (`IdUsuarioPK`),
  CONSTRAINT `historialestadoinsumo_ibfk_1` FOREIGN KEY (`CodigoInsumo`) REFERENCES `insumosbase` (`CodigoInsumo`),
  CONSTRAINT `historialestadoinsumo_ibfk_2` FOREIGN KEY (`EstadoAnterior`) REFERENCES `catalogoestadosconsolas` (`CodigoEstado`),
  CONSTRAINT `historialestadoinsumo_ibfk_3` FOREIGN KEY (`EstadoNuevo`) REFERENCES `catalogoestadosconsolas` (`CodigoEstado`)
) ENGINE=InnoDB AUTO_INCREMENT=48 DEFAULT CHARSET=utf8mb4 COLLATE=utf8mb4_0900_ai_ci;
/*!40101 SET character_set_client = @saved_cs_client */;

--
-- Dumping data for table `historialestadoinsumo`
--

LOCK TABLES `historialestadoinsumo` WRITE;
/*!40000 ALTER TABLE `historialestadoinsumo` DISABLE KEYS */;
INSERT INTO `historialestadoinsumo` VALUES (1,'RJ451-1',NULL,1,NULL,25,NULL,10,'2025-09-26 21:02:32',1),(2,'NTPT2-2',NULL,1,NULL,25,NULL,10,'2025-09-26 22:12:04',1),(3,'RJ451-1',1,1,25,24,10,10,'2025-09-27 19:21:43',2),(4,'RJ451-1',1,1,24,23,10,10,'2025-09-27 19:22:00',2),(5,'RJ451-1',1,1,23,30,10,25,'2025-10-07 04:02:52',NULL),(6,'PICO-3',NULL,1,NULL,50,NULL,NULL,'2025-10-07 04:09:40',2),(7,'RJ451-1',1,1,30,31,NULL,NULL,'2025-10-10 03:38:42',2),(8,'RJ451-1',1,1,31,32,NULL,NULL,'2025-10-10 03:38:47',2),(9,'RJ451-1',1,1,32,40,25,25,'2025-10-25 01:49:29',NULL),(10,'RJ451-1',1,1,40,45,25,25,'2025-10-25 01:52:43',NULL),(11,'RJ451-1',1,1,45,50,25,25,'2025-10-25 01:57:16',1),(12,'NGT-4',NULL,1,NULL,25,NULL,NULL,'2025-10-25 01:58:13',1),(13,'NGT-4',1,7,25,25,NULL,NULL,'2025-10-25 02:20:11',1),(14,'PICO-3',1,1,50,60,20,20,'2025-10-28 02:25:04',2),(15,'RJ451-1',1,1,50,60,NULL,NULL,'2025-10-30 01:06:28',2),(16,'NGT-4',1,1,25,0,5,5,'2025-10-30 01:09:01',2),(17,'NGT-4',1,7,0,0,NULL,NULL,'2025-10-30 01:10:24',2),(18,'NGT-4',7,7,0,25,NULL,NULL,'2025-10-30 01:13:11',2),(19,'NGT-4',7,1,25,25,NULL,NULL,'2025-10-30 01:22:58',2),(20,'PICO-3',1,7,60,60,NULL,NULL,'2025-10-30 01:29:33',2),(21,'PICO-3',7,1,60,60,NULL,NULL,'2025-10-30 01:29:50',2),(22,'PICO-3',1,7,60,60,NULL,NULL,'2025-10-30 01:35:03',2),(23,'PICO-3',7,1,60,60,NULL,NULL,'2025-10-30 01:35:13',2),(24,'NGT-4',1,1,25,50,NULL,NULL,'2025-10-30 01:40:45',2),(25,'RJ451-1',1,1,60,80,NULL,NULL,'2025-10-30 01:44:58',2),(26,'RJ451-1',1,1,80,95,NULL,NULL,'2025-10-30 01:58:09',2),(27,'NGT-4',1,7,50,50,NULL,NULL,'2025-10-30 01:58:19',2),(28,'NGT-4',7,1,50,60,NULL,NULL,'2025-10-30 01:58:30',2),(29,'RJ451-1',1,1,95,140,NULL,NULL,'2025-11-02 04:58:45',2),(30,'PICO-3',1,1,60,21,20,20,'2025-11-15 18:40:37',2),(31,'PICO-3',1,1,21,10,20,20,'2025-11-15 18:40:54',2),(32,'NTPT2-2',1,1,24,23,NULL,NULL,'2025-11-15 19:00:13',2),(33,'NTPT2-2',1,1,18,13,NULL,NULL,'2025-11-15 19:00:44',2),(34,'PICO-3',1,1,0,10,20,20,'2025-11-16 02:37:46',2),(35,'PICO-3',1,1,1,0,20,20,'2025-11-16 02:46:36',2),(36,'PICO-3',1,1,0,10,20,20,'2025-11-16 05:24:09',2),(37,'PICO-3',1,1,26,10,20,20,'2025-11-16 05:29:55',2),(38,'PICO-3',1,1,32,25,20,20,'2025-11-21 02:48:18',2),(39,'PICO-3',1,1,0,25,NULL,NULL,'2025-11-21 03:14:35',2),(40,'RJ451-1',1,1,140,150,10,10,'2026-01-17 20:35:04',2),(41,'SPR-003-5',NULL,1,NULL,30,NULL,NULL,'2026-01-17 20:43:04',2),(42,'RJ451-1',1,1,150,5,10,10,'2026-01-17 21:12:50',2),(43,'NTPT2-2',1,1,13,14,NULL,NULL,'2026-01-22 04:48:21',2),(44,'NTPT2-2',1,1,15,16,NULL,NULL,'2026-01-22 04:48:21',2),(45,'SPR-003-5',1,1,27,26,NULL,NULL,'2026-01-31 21:33:03',2),(46,'SPR-003-5',1,1,25,30,10,10,'2026-01-31 21:43:42',2),(47,'PICO-3',1,7,26,26,NULL,NULL,'2026-02-03 01:43:23',1);
/*!40000 ALTER TABLE `historialestadoinsumo` ENABLE KEYS */;
UNLOCK TABLES;

--
-- Table structure for table `historialestadopedido`
--

DROP TABLE IF EXISTS `historialestadopedido`;
/*!40101 SET @saved_cs_client     = @@character_set_client */;
/*!50503 SET character_set_client = utf8mb4 */;
CREATE TABLE `historialestadopedido` (
  `IdHistorial` int NOT NULL AUTO_INCREMENT,
  `CodigoPedido` varchar(25) NOT NULL,
  `EstadoAnterior` int DEFAULT NULL,
  `EstadoNuevo` int NOT NULL,
  `FechaCambio` timestamp NULL DEFAULT CURRENT_TIMESTAMP,
  `IdUsuarioFK` int DEFAULT NULL,
  PRIMARY KEY (`IdHistorial`),
  KEY `CodigoPedido` (`CodigoPedido`),
  KEY `EstadoAnterior` (`EstadoAnterior`),
  KEY `EstadoNuevo` (`EstadoNuevo`),
  KEY `fk_historialpedido_usuario` (`IdUsuarioFK`),
  CONSTRAINT `fk_historialpedido_usuario` FOREIGN KEY (`IdUsuarioFK`) REFERENCES `usuarios` (`IdUsuarioPK`),
  CONSTRAINT `historialestadopedido_ibfk_1` FOREIGN KEY (`CodigoPedido`) REFERENCES `pedidobase` (`CodigoPedido`),
  CONSTRAINT `historialestadopedido_ibfk_2` FOREIGN KEY (`EstadoAnterior`) REFERENCES `estadopedido` (`CodigoEstadoPedido`),
  CONSTRAINT `historialestadopedido_ibfk_3` FOREIGN KEY (`EstadoNuevo`) REFERENCES `estadopedido` (`CodigoEstadoPedido`)
) ENGINE=InnoDB AUTO_INCREMENT=48 DEFAULT CHARSET=utf8mb4 COLLATE=utf8mb4_0900_ai_ci;
/*!40101 SET character_set_client = @saved_cs_client */;

--
-- Dumping data for table `historialestadopedido`
--

LOCK TABLES `historialestadopedido` WRITE;
/*!40000 ALTER TABLE `historialestadopedido` DISABLE KEYS */;
INSERT INTO `historialestadopedido` VALUES (1,'P-04102025-1',NULL,1,'2025-10-04 01:46:38',1),(3,'P-04102025-1',1,2,'2025-10-04 02:45:40',1),(4,'P-04102025-1',2,3,'2025-10-04 02:47:25',2),(5,'P-04102025-1',3,4,'2025-10-04 02:47:42',2),(6,'P-04102025-2',NULL,1,'2025-10-04 02:49:24',2),(7,'P-04102025-2',1,2,'2025-10-04 02:56:59',2),(8,'P-04102025-2',2,3,'2025-10-04 02:57:35',1),(9,'P-04102025-1',4,6,'2025-10-04 02:57:51',1),(10,'P-04102025-2',3,7,'2025-10-04 02:57:58',1),(11,'P-04102025-3',NULL,1,'2025-10-04 02:59:12',1),(12,'P-04102025-3',1,2,'2025-10-04 03:12:42',1),(13,'P-04102025-3',2,3,'2025-10-04 03:12:44',1),(14,'P-04102025-3',3,4,'2025-10-04 03:12:46',1),(15,'P-04102025-3',4,5,'2025-10-04 03:13:44',NULL),(16,'P-04102025-4',NULL,1,'2025-10-04 03:17:34',1),(17,'P-04102025-4',1,2,'2025-10-04 03:17:41',1),(18,'P-04102025-4',2,3,'2025-10-04 03:17:43',1),(19,'P-04102025-4',3,4,'2025-10-04 03:17:45',1),(20,'P-04102025-4',4,5,'2025-10-04 03:21:43',1),(21,'P-25102025-5',NULL,1,'2025-10-25 02:46:48',1),(22,'P-25102025-5',1,2,'2025-10-25 02:46:53',1),(23,'P-25102025-5',2,3,'2025-10-25 02:47:05',1),(24,'P-25102025-5',3,4,'2025-10-25 02:47:38',2),(25,'P-25102025-5',4,5,'2025-10-25 02:49:31',2),(26,'P-02112025-6',NULL,1,'2025-11-02 03:43:21',2),(27,'P-02112025-6',1,2,'2025-11-02 03:43:25',2),(28,'P-02112025-6',2,3,'2025-11-02 03:43:27',2),(29,'P-02112025-6',3,4,'2025-11-02 03:43:29',2),(30,'P-02112025-6',4,5,'2025-11-02 04:07:25',2),(31,'P-02112025-7',NULL,1,'2025-11-02 04:27:51',2),(32,'P-02112025-7',1,2,'2025-11-02 04:27:53',2),(33,'P-02112025-7',2,3,'2025-11-02 04:27:55',2),(34,'P-02112025-7',3,4,'2025-11-02 04:27:57',2),(35,'P-02112025-7',4,5,'2025-11-02 04:58:45',2),(36,'P-15112025-8',NULL,1,'2025-11-15 18:22:37',2),(37,'P-15112025-9',NULL,1,'2025-11-15 18:33:43',2),(38,'P-15112025-8',1,2,'2025-11-15 18:33:46',2),(39,'P-15112025-10',NULL,1,'2025-11-15 18:34:16',2),(40,'P-15112025-10',1,2,'2025-11-15 18:34:20',2),(41,'P-15112025-10',2,3,'2025-11-15 18:34:22',2),(42,'P-17012026-11',NULL,1,'2026-01-17 04:58:31',2),(43,'P-17012026-11',1,2,'2026-01-17 04:58:42',2),(44,'P-17012026-11',2,3,'2026-01-17 04:58:45',2),(45,'P-17012026-11',3,4,'2026-01-17 04:58:48',2),(46,'P-17012026-11',4,5,'2026-01-17 05:11:08',2),(47,'P-31012026-12',NULL,1,'2026-01-31 21:24:22',2);
/*!40000 ALTER TABLE `historialestadopedido` ENABLE KEYS */;
UNLOCK TABLES;

--
-- Table structure for table `historialestadoproducto`
--

DROP TABLE IF EXISTS `historialestadoproducto`;
/*!40101 SET @saved_cs_client     = @@character_set_client */;
/*!50503 SET character_set_client = utf8mb4 */;
CREATE TABLE `historialestadoproducto` (
  `IdHistorial` int NOT NULL AUTO_INCREMENT,
  `CodigoConsola` varchar(25) NOT NULL,
  `EstadoAnterior` int DEFAULT NULL,
  `EstadoNuevo` int NOT NULL,
  `FechaCambio` timestamp NULL DEFAULT CURRENT_TIMESTAMP,
  `IdUsuarioFK` int DEFAULT NULL,
  PRIMARY KEY (`IdHistorial`),
  KEY `CodigoConsola` (`CodigoConsola`),
  KEY `EstadoAnterior` (`EstadoAnterior`),
  KEY `EstadoNuevo` (`EstadoNuevo`),
  KEY `fk_historialproducto_usuario` (`IdUsuarioFK`),
  CONSTRAINT `fk_historialproducto_usuario` FOREIGN KEY (`IdUsuarioFK`) REFERENCES `usuarios` (`IdUsuarioPK`),
  CONSTRAINT `historialestadoproducto_ibfk_1` FOREIGN KEY (`CodigoConsola`) REFERENCES `productosbases` (`CodigoConsola`),
  CONSTRAINT `historialestadoproducto_ibfk_2` FOREIGN KEY (`EstadoAnterior`) REFERENCES `catalogoestadosconsolas` (`CodigoEstado`),
  CONSTRAINT `historialestadoproducto_ibfk_3` FOREIGN KEY (`EstadoNuevo`) REFERENCES `catalogoestadosconsolas` (`CodigoEstado`)
) ENGINE=InnoDB AUTO_INCREMENT=150 DEFAULT CHARSET=utf8mb4 COLLATE=utf8mb4_0900_ai_ci;
/*!40101 SET character_set_client = @saved_cs_client */;

--
-- Dumping data for table `historialestadoproducto`
--

LOCK TABLES `historialestadoproducto` WRITE;
/*!40000 ALTER TABLE `historialestadoproducto` DISABLE KEYS */;
INSERT INTO `historialestadoproducto` VALUES (1,'GCI1-0',NULL,1,'2025-09-20 20:09:57',1),(2,'GCI1-0',1,11,'2025-09-23 03:36:16',1),(3,'GCI1-0',11,8,'2025-09-23 03:36:31',1),(4,'GCI1-0',8,9,'2025-09-23 03:37:01',1),(5,'GCI1-1',NULL,2,'2025-09-26 20:59:10',1),(6,'GCI1-2',NULL,1,'2025-09-26 20:59:30',1),(7,'GCI1-1',2,1,'2025-09-26 21:22:05',1),(8,'CGSO2-3',NULL,1,'2025-09-27 20:06:38',1),(9,'GCI1-0',9,2,'2025-09-30 03:59:24',1),(10,'GCI-4',NULL,2,'2025-10-04 03:13:44',1),(11,'GCI-5',NULL,2,'2025-10-04 03:13:44',1),(12,'GCI-6',NULL,2,'2025-10-04 03:13:44',1),(13,'GCI-7',NULL,2,'2025-10-04 03:13:44',1),(14,'GCI-8',NULL,2,'2025-10-04 03:13:44',1),(15,'GCI-9',NULL,2,'2025-10-04 03:13:44',1),(16,'GCI-10',NULL,2,'2025-10-04 03:13:44',1),(17,'GCI-11',NULL,2,'2025-10-04 03:13:44',1),(18,'PS5W1TB-12',NULL,1,'2025-10-04 03:21:43',1),(19,'PS5W1TB-12',5,3,'2025-10-04 04:10:17',2),(20,'PS5W1TB-12',3,1,'2025-10-04 04:10:43',2),(21,'GCI-10',2,3,'2025-10-05 03:33:01',2),(22,'GCI-10',3,2,'2025-10-05 03:33:17',2),(23,'GCI-10',2,1,'2025-10-05 03:33:45',2),(24,'GCI-10',1,2,'2025-10-05 03:33:57',2),(25,'GCI-13',NULL,5,'2025-10-05 03:58:03',2),(26,'PS5W1TB-14',NULL,2,'2025-10-05 04:10:45',2),(27,'PS5W1TB-14',2,3,'2025-10-05 04:10:57',2),(28,'GCI-13',5,7,'2025-10-05 04:34:22',2),(29,'GCI1-2',1,7,'2025-10-05 04:48:36',2),(30,'PS5W1TB-14',11,2,'2025-10-08 05:03:32',2),(31,'CGSO2-3',11,2,'2025-10-08 05:14:06',2),(32,'GCI-11',11,2,'2025-10-08 05:31:41',2),(33,'GCI-4',2,11,'2025-10-08 05:32:16',2),(34,'PS5W1TB-12',1,11,'2025-10-08 05:51:04',2),(35,'PS5W1TB-12',11,1,'2025-10-08 05:51:20',2),(36,'GCI-7',11,8,'2025-10-10 03:36:08',2),(37,'GCI-7',8,9,'2025-10-10 03:36:35',2),(38,'GCI-11',2,11,'2025-10-10 03:38:55',2),(39,'GCI-11',11,8,'2025-10-10 03:39:01',2),(40,'GCI-7',9,2,'2025-10-10 04:03:52',2),(41,'GCI-7',2,8,'2025-10-10 04:04:25',2),(42,'GCI-7',8,9,'2025-10-10 04:05:30',2),(43,'CGI2-15',NULL,1,'2025-10-25 00:57:24',1),(44,'CGI2-15',1,3,'2025-10-25 00:57:35',NULL),(45,'CGI2-15',3,2,'2025-10-25 01:06:06',1),(46,'GCI-10',2,3,'2025-10-25 01:38:56',1),(47,'GCI-7',9,1,'2025-10-25 02:29:06',1),(48,'GCI-4',11,2,'2025-10-25 02:30:25',1),(49,'PS5W1TB-14',11,8,'2025-10-25 02:30:52',1),(50,'CGI2-16',NULL,1,'2025-10-25 02:49:31',2),(51,'CGI2-17',NULL,1,'2025-10-25 02:49:31',2),(52,'CGI2-18',NULL,2,'2025-10-25 02:49:31',2),(53,'CGI2-19',NULL,2,'2025-10-25 02:49:31',2),(54,'CGI2-20',NULL,2,'2025-10-25 02:49:31',2),(55,'GCI-10',3,2,'2025-10-28 02:32:14',2),(56,'CGI2-21',NULL,1,'2025-10-29 22:50:54',2),(57,'CGI-22',NULL,2,'2025-11-02 04:07:25',2),(58,'CGI-23',NULL,1,'2025-11-02 04:07:25',2),(59,'CGI-24',NULL,2,'2025-11-02 04:07:25',2),(60,'CGSO-25',NULL,2,'2025-11-02 04:31:12',2),(61,'CGSO-26',NULL,2,'2025-11-02 04:31:12',2),(62,'CGSO-27',NULL,2,'2025-11-02 04:37:59',2),(63,'CGSO-28',NULL,2,'2025-11-02 04:37:59',2),(64,'CGSO-29',NULL,2,'2025-11-02 04:38:31',2),(65,'CGSO-30',NULL,2,'2025-11-02 04:38:31',2),(66,'CGSO-31',NULL,2,'2025-11-02 04:54:08',2),(67,'CGSO-32',NULL,2,'2025-11-02 04:54:08',2),(68,'CGSO-33',NULL,2,'2025-11-02 04:58:45',2),(69,'CGSO-34',NULL,2,'2025-11-02 04:58:45',2),(70,'GCI-10',2,6,'2025-11-12 04:48:44',2),(71,'GCI1-0',2,6,'2025-11-12 04:48:52',2),(72,'CGSO-29',2,6,'2025-11-12 04:49:09',2),(73,'GCI-5',2,9,'2025-11-12 04:49:37',2),(74,'GCI-10',6,4,'2025-11-16 04:33:41',2),(75,'PS5W1TB-12',11,1,'2025-11-21 03:02:21',2),(76,'PS5W1TB-12',11,1,'2025-11-21 03:03:10',2),(77,'GCI-10',11,2,'2025-11-21 03:06:15',2),(78,'CGSO2-3',11,2,'2025-11-21 03:11:57',2),(79,'GCI-10',2,11,'2025-11-21 03:59:38',2),(80,'GCI-4',2,11,'2025-11-21 04:00:34',2),(81,'CGSO-25',2,11,'2025-11-22 03:37:12',2),(82,'PS5W1TB-12',1,11,'2025-11-22 04:06:17',2),(83,'CGSO-26',2,11,'2025-11-22 04:11:20',2),(84,'CGSO-26',11,8,'2025-11-22 04:11:48',2),(85,'CGSO-29',6,4,'2025-11-25 04:14:07',2),(86,'GCI-7',1,11,'2025-11-25 04:23:13',2),(87,'CGSO-28',2,11,'2025-11-25 04:25:07',2),(88,'CGSO-28',11,2,'2025-11-25 04:25:14',2),(89,'CGSO-28',2,11,'2025-11-25 04:29:56',2),(90,'CGSO-28',11,2,'2025-11-25 04:29:59',2),(91,'CGSO-28',11,2,'2025-11-25 04:29:59',2),(92,'GCI-7',1,11,'2025-11-25 04:30:16',2),(93,'CGSO-28',2,11,'2025-11-26 02:26:26',2),(94,'CGSO-28',11,8,'2025-11-26 02:26:41',2),(95,'CGSO-28',8,9,'2025-11-26 02:27:53',2),(96,'GCI-7',11,1,'2025-11-26 02:40:35',2),(97,'GCI-7',11,1,'2025-11-26 02:40:35',2),(98,'PS5W1TB-12',11,8,'2025-12-17 02:09:30',2),(99,'PS5W1TB-35',NULL,1,'2026-01-17 05:11:08',2),(100,'CGSO-29',4,11,'2026-01-22 04:47:18',2),(101,'CGSO-29',11,8,'2026-01-22 04:47:22',2),(102,'CGSO-30',2,11,'2026-01-22 04:47:57',2),(103,'CGSO-30',11,8,'2026-01-22 04:48:01',2),(104,'GCI-7',1,11,'2026-01-22 04:48:29',2),(105,'GCI-7',11,8,'2026-01-22 04:48:49',2),(106,'CGSO-30',8,9,'2026-01-22 05:04:20',2),(107,'CGSO-30',9,1,'2026-01-22 05:04:48',2),(108,'CGSO-30',1,11,'2026-01-22 05:04:58',2),(109,'CGSO-30',11,8,'2026-01-22 05:05:02',2),(110,'GCI-7',8,9,'2026-01-22 05:06:03',2),(111,'GCI-7',9,1,'2026-01-22 05:06:10',2),(112,'GCI-7',1,11,'2026-01-22 05:06:35',2),(113,'GCI-7',11,8,'2026-01-22 05:06:52',2),(114,'CGSO-33',2,11,'2026-01-22 05:13:13',2),(115,'CGSO-33',11,8,'2026-01-22 05:13:41',2),(116,'CGSO-31',2,11,'2026-01-27 03:19:30',1),(117,'CGSO-31',11,2,'2026-01-27 03:25:00',1),(118,'CGSO-31',2,11,'2026-01-27 03:25:02',1),(119,'CGSO-31',11,2,'2026-01-27 03:25:38',1),(120,'CGSO-31',2,11,'2026-01-27 03:25:48',1),(121,'CGSO-31',11,2,'2026-01-27 03:37:31',1),(122,'CGSO-31',2,11,'2026-01-27 03:37:39',1),(123,'CGSO-31',11,2,'2026-01-27 03:40:07',1),(124,'CGSO-31',2,11,'2026-01-27 03:40:11',1),(125,'CGSO-31',11,2,'2026-01-27 03:40:18',1),(126,'CGSO-31',2,11,'2026-01-27 03:45:11',1),(127,'CGSO-31',11,2,'2026-01-27 03:51:09',1),(128,'CGSO-31',2,11,'2026-01-27 03:51:13',1),(129,'CGSO-31',11,2,'2026-01-27 03:51:31',1),(130,'CGSO-31',2,11,'2026-01-27 03:51:31',1),(131,'CGSO-31',11,2,'2026-01-27 03:51:50',1),(132,'CGSO-31',2,11,'2026-01-27 03:51:50',1),(133,'CGSO-31',11,2,'2026-01-27 03:51:54',1),(134,'CGSO-31',2,11,'2026-01-27 03:51:54',1),(135,'CGSO-31',11,2,'2026-01-27 04:00:39',1),(136,'CGSO-31',2,11,'2026-01-27 04:00:47',1),(137,'CGSO-31',11,2,'2026-01-27 04:00:55',1),(138,'CGSO-31',2,11,'2026-01-27 04:00:55',1),(139,'CGSO-31',11,2,'2026-01-27 04:02:45',1),(140,'CGSO-31',2,11,'2026-01-27 04:02:45',1),(141,'CGSO-31',11,8,'2026-01-28 21:31:35',1),(142,'CGSO-31',8,9,'2026-01-28 21:34:08',1),(143,'CGSO-31',9,2,'2026-01-28 21:34:34',1),(144,'CGSO-31',2,11,'2026-01-28 21:35:13',1),(145,'CGSO-31',11,8,'2026-01-28 21:35:17',1),(146,'CGSO-31',8,8,'2026-01-28 21:35:59',1),(147,'CGSO-31',8,9,'2026-01-28 22:02:36',1),(148,'CGSO-31',9,1,'2026-01-28 22:03:18',1),(149,'CGSO-28',9,6,'2026-01-31 21:48:40',5);
/*!40000 ALTER TABLE `historialestadoproducto` ENABLE KEYS */;
UNLOCK TABLES;

--
-- Table structure for table `historialnotascredito`
--

DROP TABLE IF EXISTS `historialnotascredito`;
/*!40101 SET @saved_cs_client     = @@character_set_client */;
/*!50503 SET character_set_client = utf8mb4 */;
CREATE TABLE `historialnotascredito` (
  `IdHistorialNC_PK` int NOT NULL AUTO_INCREMENT,
  `IdNotaCreditoFK` int NOT NULL,
  `TipoAccion` enum('CREACION','ANULACION') NOT NULL,
  `IdUsuarioFK` int NOT NULL,
  `FechaAccion` timestamp NOT NULL DEFAULT CURRENT_TIMESTAMP,
  `Detalles` varchar(255) DEFAULT NULL,
  PRIMARY KEY (`IdHistorialNC_PK`),
  KEY `IdNotaCreditoFK` (`IdNotaCreditoFK`),
  KEY `IdUsuarioFK` (`IdUsuarioFK`),
  CONSTRAINT `historialnotascredito_ibfk_1` FOREIGN KEY (`IdNotaCreditoFK`) REFERENCES `notascredito` (`IdNotaCreditoPK`),
  CONSTRAINT `historialnotascredito_ibfk_2` FOREIGN KEY (`IdUsuarioFK`) REFERENCES `usuarios` (`IdUsuarioPK`)
) ENGINE=InnoDB AUTO_INCREMENT=13 DEFAULT CHARSET=utf8mb4 COLLATE=utf8mb4_0900_ai_ci;
/*!40101 SET character_set_client = @saved_cs_client */;

--
-- Dumping data for table `historialnotascredito`
--

LOCK TABLES `historialnotascredito` WRITE;
/*!40000 ALTER TABLE `historialnotascredito` DISABLE KEYS */;
INSERT INTO `historialnotascredito` VALUES (1,1,'CREACION',1,'2025-09-23 03:37:01',''),(2,2,'CREACION',2,'2025-10-10 03:36:35',''),(3,2,'ANULACION',2,'2025-10-10 04:04:25','cliente quiere de nuevo'),(4,3,'CREACION',2,'2025-10-10 04:05:30','correccion'),(5,4,'CREACION',2,'2025-10-10 04:06:20',''),(6,5,'CREACION',2,'2025-10-10 04:09:37',''),(7,6,'CREACION',2,'2025-11-26 02:27:53','El producto dejo de funcionar y se ingresa por garantia, cliente pidio reembolso'),(8,7,'CREACION',2,'2026-01-22 05:04:20',''),(9,8,'CREACION',2,'2026-01-22 05:06:03',''),(10,9,'CREACION',1,'2026-01-28 21:34:08',''),(11,9,'ANULACION',1,'2026-01-28 21:35:59','error de revision'),(12,10,'CREACION',1,'2026-01-28 22:02:36','');
/*!40000 ALTER TABLE `historialnotascredito` ENABLE KEYS */;
UNLOCK TABLES;

--
-- Table structure for table `insumosbase`
--

DROP TABLE IF EXISTS `insumosbase`;
/*!40101 SET @saved_cs_client     = @@character_set_client */;
/*!50503 SET character_set_client = utf8mb4 */;
CREATE TABLE `insumosbase` (
  `CodigoInsumo` varchar(25) NOT NULL,
  `ModeloInsumo` int NOT NULL,
  `EstadoInsumo` int NOT NULL,
  `FechaIngreso` date DEFAULT NULL,
  `Comentario` varchar(10000) DEFAULT NULL,
  `PrecioBase` decimal(6,2) DEFAULT NULL,
  `NumeroSerie` varchar(100) DEFAULT NULL,
  `ServiciosCompatibles` varchar(500) DEFAULT NULL,
  `Cantidad` int unsigned NOT NULL,
  `StockMinimo` int unsigned NOT NULL,
  `IdIngreso` int NOT NULL AUTO_INCREMENT,
  PRIMARY KEY (`CodigoInsumo`),
  UNIQUE KEY `IdIngreso` (`IdIngreso`),
  KEY `ModeloInsumo` (`ModeloInsumo`),
  KEY `EstadoInsumo` (`EstadoInsumo`),
  CONSTRAINT `insumosbase_ibfk_1` FOREIGN KEY (`ModeloInsumo`) REFERENCES `catalogoinsumos` (`IdModeloInsumosPK`),
  CONSTRAINT `insumosbase_ibfk_2` FOREIGN KEY (`EstadoInsumo`) REFERENCES `catalogoestadosconsolas` (`CodigoEstado`)
) ENGINE=InnoDB AUTO_INCREMENT=6 DEFAULT CHARSET=utf8mb4 COLLATE=utf8mb4_0900_ai_ci;
/*!40101 SET character_set_client = @saved_cs_client */;

--
-- Dumping data for table `insumosbase`
--

LOCK TABLES `insumosbase` WRITE;
/*!40000 ALTER TABLE `insumosbase` DISABLE KEYS */;
INSERT INTO `insumosbase` VALUES ('NGT-4',4,1,'2025-10-29','',10.00,'',NULL,61,10,4),('NTPT2-2',2,1,'2025-09-26','',10.00,'N/A',NULL,16,10,2),('PICO-3',3,7,'2025-10-29','',10.00,'',NULL,26,20,3),('RJ451-1',1,1,'2025-09-26','Lorem ipsum dolor sit amet, consectetuer adipiscing elit. Aenean commodo ligula eget dolor. Aenean massa. Cum sociis natoque penatibus et magnis dis parturient montes, nascetur ridiculus mus. Donec quam felis, ultricies nec, pellentesque eu, pretium quis, sem. Nulla consequat massa quis enim. Donec pede justo, fringilla vel, aliquet nec, vulputate eget, arcu. In enim justo, rhoncus ut, imperdiet a, venenatis vitae, justo. Nullam dictum felis eu pede mollis pretium. Integer tincidunt. Cras dapibus. Vivamus elementum semper nisi. Aenean vulputate eleifend tellus. Aenean leo ligula, porttitor eu, consequat vitae, eleifend ac, enim. Aliquam lorem ante, dapibus in, viverra quis, feugiat a, tellus. Phasellus viverra nulla ut metus varius laoreet. Quisque rutrum. Aenean imperdiet. Etiam ultricies nisi vel augue. Curabitur ullamcorper ultricies nisi. Nam eget dui. Etiam rhoncus. Maecenas tempus, tellus eget condimentum rhoncus, sem quam semper libero, sit amet adipiscing sem neque sed ipsum. Nam quam nunc, blandit vel, luctus pulvinar, hendrerit id, lorem. Maecenas nec odio et ante tincidunt tempus. Donec vitae sapien ut libero venenatis faucibus. Nullam quis ante. Etiam sit amet orci eget eros faucibus tincidunt. Duis leo. Sed fringilla mauris sit amet nibh. Donec sodales sagittis magna. Sed consequat, leo eget bibendum sodales, augue velit cursus nunc, quis gravida magna mi a libero. Fusce vulputate eleifend sapien. Vestibulum purus quam, scelerisque ut, mollis sed, nonummy id, metus. Nullam accumsan lorem in dui. Cras ultricies mi eu turpis hendrerit fringilla. Vestibulum ante ipsum primis in faucibus orci luctus et ultrices posuere cubilia Curae; In ac dui quis mi consectetuer lacinia. Nam pretium turpis et arcu. Duis arcu tortor, suscipit eget, imperdiet nec, imperdiet iaculis, ipsum. Sed aliquam ultrices mauris. Integer ante arcu, accumsan a, consectetuer eget, posuere ut, mauris. Praesent adipiscing. Phasellus ullamcorper ipsum rutrum nunc. Nunc nonummy metus. Vestibulum volutpat pretium libero. Cras id dui. Aenean ut eros et nisl sagittis vestibulum. Nullam nulla eros, ultricies sit amet, nonummy id, imperdiet feugiat, pede. Sed lectus. Donec mollis hendrerit risus. Phasellus nec sem in justo pellentesque facilisis. Etiam imperdiet imperdiet orci. Nunc nec neque. Phasellus leo dolor, tempus non, auctor et, hendrerit quis, nisi. Curabitur ligula sapien, tincidunt non, euismod vitae, posuere imperdiet, leo. Maecenas malesuada. Praesent congue erat at massa. Sed cursus turpis vitae tortor. Donec posuere vulputate arcu. Phasellus accumsan cursus velit. Vestibulum ante ipsum primis in faucibus orci luctus et ultrices posuere cubilia Curae; Sed aliquam, nisi quis porttitor congue, elit erat euismod orci, ac placerat dolor lectus quis orci. Phasellus consectetuer vestibulum elit. Aenean tellus metus, bibendum sed, posuere ac, mattis non, nunc. Vestibulum fringilla pede sit amet augue. In turpis. Pellentesque posuere. Praesent turpis. Aenean posuere, tortor sed cursus feugiat, nunc augue blandit nunc, eu sollicitudin urna dolor sagittis lacus. Donec elit libero, sodales nec, volutpat a, suscipit non, turpis. Nullam sagittis. Suspendisse pulvinar, augue ac venenatis condimentum, sem libero volutpat nibh, nec pellentesque velit pede quis nunc. Vestibulum ante ipsum primis in faucibus orci luctus et ultrices posuere cubilia Curae; Fusce id purus. Ut varius tincidunt libero. Phasellus dolor. Maecenas vestibulum mollis diam. Pellentesque ut neque. Pellentesque habitant morbi tristique senectus et netus et malesuada fames ac turpis egestas. In dui magna, posuere eget, vestibulum et, tempor auctor, justo. In ac felis quis tortor malesuada pretium. Pellentesque auctor neque nec urna. Proin sapien ipsum, porta a, auctor quis, euismod ut, mi. Aenean viverra rhoncus pede. Pellentesque habitant morbi tristique senectus et netus et malesuada fames ac turpis egestas. Ut non enim eleifend felis pretium feugiat. Vivamus quis mi. Phasellus a est. Phasellus magna. In hac habitasse platea dictumst. Curabitur at lacus ac velit ornare lobortis. Curabitur a felis in nunc fringilla tristique. Morbi mattis ullamcorper velit. Phasellus gravida semper nisi. Nullam vel sem. Pellentesque libero tortor, tincidunt et, tincidunt eget, semper nec, quam. Sed hendrerit. Morbi ac felis. Nunc egestas, augue at pellentesque laoreet, felis eros vehicula leo, at malesuada velit leo quis pede. Donec interdum, metus et hendrerit aliquet, dolor diam sagittis ligula, eget egestas libero turpis vel mi. Nunc nulla. Fusce risus nisl, viverra et, tempor et, pretium in, sapien. Donec venenatis vulputate lorem. Morbi nec metus. Phasellus blandit leo ut odio. Maecenas ullamcorper, dui et placerat feugiat, eros pede varius nisi, condimentum viverra felis nunc et lorem. Sed magna purus, fermentum eu, tincidunt eu, varius ut, felis. In auctor lobortis lacus. Quisque libero metus, condimentum nec, tempor a, commodo mollis, magna. Vestibulum ullamcorper mauris at ligula. Fusce fermentum. Nullam cursus lacinia erat. Praesent blandit laoreet nibh. Fusce convallis metus id felis luctus adipiscing. Pellentesque egestas, neque sit amet convallis pulvinar, justo nulla eleifend augue, ac auctor orci leo non est. Quisque id mi. Ut tincidunt tincidunt erat. Etiam feugiat lorem non metus. Vestibulum dapibus nunc ac augue. Curabitur vestibulum aliquam leo. Praesent egestas neque eu enim. In hac habitasse platea dictumst. Fusce a quam. Etiam ut purus mattis mauris sodales aliquam. Curabitur nisi. Quisque malesuada placerat nisl. Nam ipsum risus, rutrum vitae, vestibulum eu, molestie vel, lacus. Sed augue ipsum, egestas nec, vestibulum et, malesuada adipiscing, dui. Vestibulum facilisis, purus nec pulvinar iaculis, ligula mi congue nunc, vitae euismod ligula urna in dolor. Mauris sollicitudin fermentum libero. Praesent nonummy mi in odio. Nunc interdum lacus sit amet orci. Vestibulum rutrum, mi nec elementum vehicula, eros quam gravida nisl, id fringilla neque ante vel mi. Morbi mollis tellus ac sapien. Phasellus volutpat, metus eget egestas mollis, lacus lacus blandit dui, id egestas quam mauris ut lacus. Fusce vel dui. Sed in libero ut nibh placerat accumsan. Proin faucibus arcu quis ante. In consectetuer turpis ut velit. Nulla sit amet est. Praesent metus tellus, elementum eu, semper a, adipiscing nec, purus. Cras risus ipsum, faucibus ut, ullamcorper id, varius ac, leo. Suspendisse feugiat. Suspendisse enim turpis, dictum sed, iaculis a, condimentum nec, nisi. Praesent nec nisl a purus blandit viverra. Praesent ac massa at ligula laoreet iaculis. Nulla neque dolor, sagittis eget, iaculis quis, molestie non, velit. Mauris turpis nunc, blandit et, volutpat molestie, porta ut, ligula. Fusce pharetra convallis urna. Quisque ut nisi. Donec mi odio, faucibus at, scelerisque quis, convallis in, nisi. Suspendisse non nisl sit amet velit hendrerit rutrum. Ut leo. Ut a nisl id ante tempus hendrerit. Proin pretium, leo ac pellentesque mollis, felis nunc ultrices eros, sed gravida augue augue mollis justo. Suspendisse eu ligula. Nulla facilisi. Donec id justo. Praesent porttitor, nulla vitae posuere iaculis, arcu nisl dignissim dolor, a pretium mi sem ut ipsum. Curabitur suscipit suscipit tellus. Praesent vestibulum dapibus nibh. Etiam iaculis nunc ac metus. Ut id nisl quis enim dignissim sagittis. Etiam sollicitudin, ipsum eu pulvinar rutrum, tellus ipsum laoreet sapien, quis venenatis ante odio sit amet eros. Proin magna. Duis vel nibh at velit scelerisque suscipit. Curabitur turpis. Vestibulum suscipit nulla quis orci. Fusce ac felis sit amet ligula pharetra condimentum. Maecenas egestas arcu quis ligula mattis placerat. Duis lobortis massa imperdiet quam. Suspendisse potenti. Pellentesque commodo eros a enim. Vestibulum turpis sem, aliquet eget, lobortis pellentesque, rutrum eu, nisl. Sed libero. Aliquam erat volutpat. Etiam vitae tortor. Morbi vestibulum volutpat enim. Aliquam eu nunc. Nunc sed turpis. Sed mollis, eros et ultrices tempus, mauris ipsum aliquam libero, non adipiscing dolor urna a orci. Nulla porta dolor. Class aptent taciti sociosqu ad litora torquent per conubia nostra, per inceptos hymenaeos. Pellentesque dapibus hendrerit tortor. Praesent egestas tristique nibh. Sed a libero. Cras varius. Donec vitae orci sed dolor rutrum auctor. Fusce egestas elit eget lorem. Suspendisse nisl elit, rhoncus eget, elementum ac, condimentum eget, diam. Nam at tortor in tellus interdum sagittis. Aliquam lobortis. Donec orci lectus, aliquam ut, faucibus non, euismod id, nulla. Curabitur blandit mollis lacus. Nam adipiscing. Vestibulum eu odio. Vivamus laoreet. Nullam tincidunt adipiscing enim. Phasellus tempus. Proin viverra, ligula sit amet ultrices semper, ligula arcu tristique sapien, a accumsan nisi mauris ac eros. Fusce neque. Suspendisse faucibus, nunc et pellentesque egestas, lacus ante convallis tellus, vitae iaculis lacus elit id tortor. Vivamus aliquet elit ac nisl. Fusce fermentum odio nec arcu. Vivamus euismod mauris. In ut quam vitae odio lacinia tincidunt. Praesent ut ligula non mi varius sagittis. Cras sagittis. Praesent ac sem eget est egestas volutpat. Vivamus consectetuer hendrerit lacus. Cras non dolor. Vivamus in erat ut urna cursus vestibulum. Fusce commodo aliquam arcu. Nam commodo suscipit quam. Quisque id odio. Praesent venenatis metus at tortor pulvinar varius. Lorem ipsum dolor sit amet, consectetuer adipiscing elit. Aenean commodo ligula eget dolor. Aenean massa. Cum sociis natoque penatibus et magnis dis parturient montes, nascetur ridiculus mus. Donec quam felis, ultricies nec, pellentesque eu, pretium quis, sem. Nulla consequat massa quis enim. Donec pede justo, fringilla vel, aliquet nec, vulputate eget, arcu. In enim justo, rhoncus ut, imperdiet a, venenatis vitae, justo. Nullam dictum felis eu pede mollis pretium. Integer tincidunt. Cras dapibus. Vivamus elementum semper nisi. Aenean vulputate eleifend tellus. Aenean leo ligula, porttitor eu, consequat vita',10.00,'',NULL,5,10,1),('SPR-003-5',5,1,'2026-01-17','',15.00,'SPR-003',NULL,29,10,5);
/*!40000 ALTER TABLE `insumosbase` ENABLE KEYS */;
UNLOCK TABLES;

--
-- Table structure for table `insumosxservicio`
--

DROP TABLE IF EXISTS `insumosxservicio`;
/*!40101 SET @saved_cs_client     = @@character_set_client */;
/*!50503 SET character_set_client = utf8mb4 */;
CREATE TABLE `insumosxservicio` (
  `IdInsumosXServicio` int NOT NULL AUTO_INCREMENT,
  `IdServicioFK` int NOT NULL,
  `CodigoInsumoFK` varchar(25) NOT NULL,
  `CantidadDescargue` int unsigned DEFAULT NULL,
  `Estado` tinyint(1) NOT NULL DEFAULT '1',
  PRIMARY KEY (`IdInsumosXServicio`),
  KEY `CodigoInsumoFK` (`CodigoInsumoFK`),
  KEY `IdServicioFK` (`IdServicioFK`),
  CONSTRAINT `insumosxservicio_ibfk_1` FOREIGN KEY (`CodigoInsumoFK`) REFERENCES `insumosbase` (`CodigoInsumo`),
  CONSTRAINT `insumosxservicio_ibfk_2` FOREIGN KEY (`IdServicioFK`) REFERENCES `serviciosbase` (`IdServicioPK`)
) ENGINE=InnoDB AUTO_INCREMENT=8 DEFAULT CHARSET=utf8mb4 COLLATE=utf8mb4_0900_ai_ci;
/*!40101 SET character_set_client = @saved_cs_client */;

--
-- Dumping data for table `insumosxservicio`
--

LOCK TABLES `insumosxservicio` WRITE;
/*!40000 ALTER TABLE `insumosxservicio` DISABLE KEYS */;
INSERT INTO `insumosxservicio` VALUES (1,1,'RJ451-1',1,1),(2,3,'NGT-4',1,1),(3,3,'NTPT2-2',1,1),(4,4,'RJ451-1',1,1),(5,5,'PICO-3',1,0),(6,6,'NTPT2-2',1,1),(7,7,'SPR-003-5',1,1);
/*!40000 ALTER TABLE `insumosxservicio` ENABLE KEYS */;
UNLOCK TABLES;

--
-- Table structure for table `margenesventa`
--

DROP TABLE IF EXISTS `margenesventa`;
/*!40101 SET @saved_cs_client     = @@character_set_client */;
/*!50503 SET character_set_client = utf8mb4 */;
CREATE TABLE `margenesventa` (
  `IdMargenPK` int NOT NULL AUTO_INCREMENT,
  `NombreMargen` varchar(50) NOT NULL COMMENT 'Ej: Estandar, Promocional, Mayorista',
  `Porcentaje` decimal(5,2) NOT NULL COMMENT '30.00 para 30%, 15.50 para 15.5%',
  `Descripcion` varchar(255) DEFAULT NULL,
  `Activo` tinyint(1) DEFAULT '1',
  PRIMARY KEY (`IdMargenPK`)
) ENGINE=InnoDB AUTO_INCREMENT=7 DEFAULT CHARSET=utf8mb4 COLLATE=utf8mb4_0900_ai_ci;
/*!40101 SET character_set_client = @saved_cs_client */;

--
-- Dumping data for table `margenesventa`
--

LOCK TABLES `margenesventa` WRITE;
/*!40000 ALTER TABLE `margenesventa` DISABLE KEYS */;
INSERT INTO `margenesventa` VALUES (1,'Estandar',35.00,'Margen normal para venta al pblico',1),(2,'Promocional',20.00,'Para ofertas temporales',1),(3,'Mayorista',15.00,'Clientes con compras al por mayor',1),(4,'VIP',25.00,'Clientes frecuentes',1),(5,'Precio de Costo',0.00,'Precio al costo sin ganancia',1),(6,'Precio Personalizado',-1.00,' Precio personalizado',1);
/*!40000 ALTER TABLE `margenesventa` ENABLE KEYS */;
UNLOCK TABLES;

--
-- Table structure for table `metodosdepago`
--

DROP TABLE IF EXISTS `metodosdepago`;
/*!40101 SET @saved_cs_client     = @@character_set_client */;
/*!50503 SET character_set_client = utf8mb4 */;
CREATE TABLE `metodosdepago` (
  `IdMetodoPagoPK` int NOT NULL AUTO_INCREMENT,
  `NombreMetodoPago` varchar(50) NOT NULL,
  `Descripcion` varchar(255) DEFAULT NULL,
  `Activo` tinyint(1) DEFAULT '1',
  PRIMARY KEY (`IdMetodoPagoPK`)
) ENGINE=InnoDB AUTO_INCREMENT=5 DEFAULT CHARSET=utf8mb4 COLLATE=utf8mb4_0900_ai_ci;
/*!40101 SET character_set_client = @saved_cs_client */;

--
-- Dumping data for table `metodosdepago`
--

LOCK TABLES `metodosdepago` WRITE;
/*!40000 ALTER TABLE `metodosdepago` DISABLE KEYS */;
INSERT INTO `metodosdepago` VALUES (1,'Efectivo','Pago de contado en efectivo',1),(2,'Transferencia','Pago por transferencia bancaria, anotar numero de referencia',1),(3,'Tarjeta POS Electronico','Clientes con compras al por mayor',1),(4,'Otros','Pagos por medios sin contacto como NFC, Billetera digital, Canje',1);
/*!40000 ALTER TABLE `metodosdepago` ENABLE KEYS */;
UNLOCK TABLES;

--
-- Table structure for table `motivosnotacredito`
--

DROP TABLE IF EXISTS `motivosnotacredito`;
/*!40101 SET @saved_cs_client     = @@character_set_client */;
/*!50503 SET character_set_client = utf8mb4 */;
CREATE TABLE `motivosnotacredito` (
  `IdMotivoPK` int NOT NULL AUTO_INCREMENT,
  `Descripcion` varchar(255) NOT NULL,
  `Activo` tinyint(1) DEFAULT '1',
  PRIMARY KEY (`IdMotivoPK`)
) ENGINE=InnoDB AUTO_INCREMENT=7 DEFAULT CHARSET=utf8mb4 COLLATE=utf8mb4_0900_ai_ci;
/*!40101 SET character_set_client = @saved_cs_client */;

--
-- Dumping data for table `motivosnotacredito`
--

LOCK TABLES `motivosnotacredito` WRITE;
/*!40000 ALTER TABLE `motivosnotacredito` DISABLE KEYS */;
INSERT INTO `motivosnotacredito` VALUES (1,'Devolucin por garanta',1),(2,'Producto daado o defectuoso',1),(3,'Error en facturacin',1),(4,'Cancelacin de factura completa',1),(5,'Ajuste de precio post-venta',1),(6,'Producto incorrecto enviado',1);
/*!40000 ALTER TABLE `motivosnotacredito` ENABLE KEYS */;
UNLOCK TABLES;

--
-- Table structure for table `notascredito`
--

DROP TABLE IF EXISTS `notascredito`;
/*!40101 SET @saved_cs_client     = @@character_set_client */;
/*!50503 SET character_set_client = utf8mb4 */;
CREATE TABLE `notascredito` (
  `IdNotaCreditoPK` int NOT NULL AUTO_INCREMENT,
  `IdVentaFK` int NOT NULL,
  `FechaEmision` timestamp NULL DEFAULT CURRENT_TIMESTAMP,
  `Motivo` text NOT NULL,
  `TotalCredito` decimal(10,2) NOT NULL,
  `UsuarioEmisorFK` int NOT NULL,
  `Estado` tinyint(1) DEFAULT '1',
  `IdMotivoFK` int DEFAULT NULL,
  PRIMARY KEY (`IdNotaCreditoPK`),
  KEY `IdVentaFK` (`IdVentaFK`),
  KEY `UsuarioEmisorFK` (`UsuarioEmisorFK`),
  KEY `IdMotivoFK` (`IdMotivoFK`),
  CONSTRAINT `notascredito_ibfk_1` FOREIGN KEY (`IdVentaFK`) REFERENCES `ventasbase` (`IdVentaPK`),
  CONSTRAINT `notascredito_ibfk_2` FOREIGN KEY (`UsuarioEmisorFK`) REFERENCES `usuarios` (`IdUsuarioPK`),
  CONSTRAINT `notascredito_ibfk_3` FOREIGN KEY (`IdMotivoFK`) REFERENCES `motivosnotacredito` (`IdMotivoPK`)
) ENGINE=InnoDB AUTO_INCREMENT=11 DEFAULT CHARSET=utf8mb4 COLLATE=utf8mb4_0900_ai_ci;
/*!40101 SET character_set_client = @saved_cs_client */;

--
-- Dumping data for table `notascredito`
--

LOCK TABLES `notascredito` WRITE;
/*!40000 ALTER TABLE `notascredito` DISABLE KEYS */;
INSERT INTO `notascredito` VALUES (1,2,'2025-09-23 03:37:01','',150.00,1,1,1),(2,3,'2025-10-10 03:36:35','',117.50,2,0,1),(3,3,'2025-10-10 04:05:30','correccion',117.50,2,1,1),(4,5,'2025-10-10 04:06:20','',45.00,2,1,4),(5,6,'2025-10-10 04:09:37','',25.00,2,1,4),(6,25,'2025-11-26 02:27:53','El producto dejo de funcionar y se ingresa por garantia, cliente pidio reembolso',107.50,2,1,2),(7,31,'2026-01-22 05:04:20','',107.50,2,1,3),(8,32,'2026-01-22 05:06:03','',105.75,2,1,3),(9,39,'2026-01-28 21:34:08','',145.13,1,0,2),(10,40,'2026-01-28 22:02:36','',145.13,1,1,3);
/*!40000 ALTER TABLE `notascredito` ENABLE KEYS */;
UNLOCK TABLES;

--
-- Table structure for table `pedidobase`
--

DROP TABLE IF EXISTS `pedidobase`;
/*!40101 SET @saved_cs_client     = @@character_set_client */;
/*!50503 SET character_set_client = utf8mb4 */;
CREATE TABLE `pedidobase` (
  `CodigoPedido` varchar(25) NOT NULL,
  `FechaCreacionPedido` date DEFAULT NULL,
  `FechaArriboEstadosUnidos` date DEFAULT NULL,
  `FechaIngreso` date DEFAULT NULL,
  `NumeroTracking1` varchar(100) NOT NULL,
  `NumeroTracking2` varchar(100) DEFAULT NULL,
  `SitioWebFK` int NOT NULL,
  `ViaPedidoFK` int NOT NULL,
  `EstadoPedidoFK` int NOT NULL,
  `TotalPedido` decimal(6,2) DEFAULT NULL,
  `Comentarios` varchar(10000) DEFAULT NULL,
  `Peso` decimal(6,2) DEFAULT NULL,
  `SubtotalArticulos` decimal(6,2) DEFAULT NULL,
  `Impuestos` decimal(6,2) DEFAULT NULL,
  `EnvioUSA` decimal(6,2) DEFAULT NULL,
  `EnvioNIC` decimal(6,2) DEFAULT NULL,
  PRIMARY KEY (`CodigoPedido`),
  KEY `SitioWebFK` (`SitioWebFK`),
  KEY `ViaPedidoFK` (`ViaPedidoFK`),
  KEY `EstadoPedidoFK` (`EstadoPedidoFK`),
  CONSTRAINT `pedidobase_ibfk_1` FOREIGN KEY (`SitioWebFK`) REFERENCES `sitioweb` (`CodigoSitioWeb`),
  CONSTRAINT `pedidobase_ibfk_2` FOREIGN KEY (`ViaPedidoFK`) REFERENCES `tipopedido` (`CodigoTipoPedido`),
  CONSTRAINT `pedidobase_ibfk_3` FOREIGN KEY (`EstadoPedidoFK`) REFERENCES `estadopedido` (`CodigoEstadoPedido`)
) ENGINE=InnoDB DEFAULT CHARSET=utf8mb4 COLLATE=utf8mb4_0900_ai_ci;
/*!40101 SET character_set_client = @saved_cs_client */;

--
-- Dumping data for table `pedidobase`
--

LOCK TABLES `pedidobase` WRITE;
/*!40000 ALTER TABLE `pedidobase` DISABLE KEYS */;
INSERT INTO `pedidobase` VALUES ('P-02112025-6','2025-11-02','2025-11-15','2025-11-22','PedidoPruebaProducto','',1,1,5,441.00,'',NULL,350.00,20.00,15.00,56.00),('P-02112025-7','2025-11-02','2025-11-15','2025-11-29','TRACKEO PRUEBA BLINDAJE','',1,1,5,750.00,'Lorem ipsum dolor sit amet, consectetuer adipiscing elit. Aenean commodo ligula eget dolor. Aenean massa. Cum sociis natoque penatibus et magnis dis parturient montes, nascetur ridiculus mus. Donec quam felis, ultricies nec, pellentesque eu, pretium quis, sem. Nulla consequat massa quis enim. Donec pede justo, fringilla vel, aliquet nec, vulputate eget, arcu. In enim justo, rhoncus ut, imperdiet a, venenatis vitae, justo. Nullam dictum felis eu pede mollis pretium. Integer tincidunt. Cras dapibus. Vivamus elementum semper nisi. Aenean vulputate eleifend tellus. Aenean leo ligula, porttitor eu, consequat vitae, eleifend ac, enim. Aliquam lorem ante, dapibus in, viverra quis, feugiat a, tellus. Phasellus viverra nulla ut metus varius laoreet. Quisque rutrum. Aenean imperdiet. Etiam ultricies nisi vel augue. Curabitur ullamcorper ultricies nisi. Nam eget dui. Etiam rhoncus. Maecenas tempus, tellus eget condimentum rhoncus, sem quam semper libero, sit amet adipiscing sem neque sed ipsum. Nam quam nunc, blandit vel, luctus pulvinar, hendrerit id, lorem. Maecenas nec odio et ante tincidunt tempus. Donec vitae sapien ut libero venenatis faucibus. Nullam quis ante. Etiam sit amet orci eget eros faucibus tincidunt. Duis leo. Sed fringilla mauris sit amet nibh. Donec sodales sagittis magna. Sed consequat, leo eget bibendum sodales, augue velit cursus nunc, quis gravida magna mi a libero. Fusce vulputate eleifend sapien. Vestibulum purus quam, scelerisque ut, mollis sed, nonummy id, metus. Nullam accumsan lorem in dui. Cras ultricies mi eu turpis hendrerit fringilla. Vestibulum ante ipsum primis in faucibus orci luctus et ultrices posuere cubilia Curae; In ac dui quis mi consectetuer lacinia. Nam pretium turpis et arcu. Duis arcu tortor, suscipit eget, imperdiet nec, imperdiet iaculis, ipsum. Sed aliquam ultrices mauris. Integer ante arcu, accumsan a, consectetuer eget, posuere ut, mauris. Praesent adipiscing. Phasellus ullamcorper ipsum rutrum nunc. Nunc nonummy metus. Vestibulum volutpat pretium libero. Cras id dui. Aenean ut eros et nisl sagittis vestibulum. Nullam nulla eros, ultricies sit amet, nonummy id, imperdiet feugiat, pede. Sed lectus. Donec mollis hendrerit risus. Phasellus nec sem in justo pellentesque facilisis. Etiam imperdiet imperdiet orci. Nunc nec neque. Phasellus leo dolor, tempus non, auctor et, hendrerit quis, nisi. Curabitur ligula sapien, tincidunt non, euismod vitae, posuere imperdiet, leo. Maecenas malesuada. Praesent congue erat at massa. Sed cursus turpis vitae tortor. Donec posuere vulputate arcu. Phasellus accumsan cursus velit. Vestibulum ante ipsum primis in faucibus orci luctus et ultrices posuere cubilia Curae; Sed aliquam, nisi quis porttitor congue, elit erat euismod orci, ac placerat dolor lectus quis orci. Phasellus consectetuer vestibulum elit. Aenean tellus metus, bibendum sed, posuere ac, mattis non, nunc. Vestibulum fringilla pede sit amet augue. In turpis. Pellentesque posuere. Praesent turpis. Aenean posuere, tortor sed cursus feugiat, nunc augue blandit nunc, eu sollicitudin urna dolor sagittis lacus. Donec elit libero, sodales nec, volutpat a, suscipit non, turpis. Nullam sagittis. Suspendisse pulvinar, augue ac venenatis condimentum, sem libero volutpat nibh, nec pellentesque velit pede quis nunc. Vestibulum ante ipsum primis in faucibus orci luctus et ultrices posuere cubilia Curae; Fusce id purus. Ut varius tincidunt libero. Phasellus dolor. Maecenas vestibulum mollis diam. Pellentesque ut neque. Pellentesque habitant morbi tristique senectus et netus et malesuada fames ac turpis egestas. In dui magna, posuere eget, vestibulum et, tempor auctor, justo. In ac felis quis tortor malesuada pretium. Pellentesque auctor neque nec urna. Proin sapien ipsum, porta a, auctor quis, euismod ut, mi. Aenean viverra rhoncus pede. Pellentesque habitant morbi tristique senectus et netus et malesuada fames ac turpis egestas. Ut non enim eleifend felis pretium feugiat. Vivamus quis mi. Phasellus a est. Phasellus magna. In hac habitasse platea dictumst. Curabitur at lacus ac velit ornare lobortis. Curabitur a felis in nunc fringilla tristique. Morbi mattis ullamcorper velit. Phasellus gravida semper nisi. Nullam vel sem. Pellentesque libero tortor, tincidunt et, tincidunt eget, semper nec, quam. Sed hendrerit. Morbi ac felis. Nunc egestas, augue at pellentesque laoreet, felis eros vehicula leo, at malesuada velit leo quis pede. Donec interdum, metus et hendrerit aliquet, dolor diam sagittis ligula, eget egestas libero turpis vel mi. Nunc nulla. Fusce risus nisl, viverra et, tempor et, pretium in, sapien. Donec venenatis vulputate lorem. Morbi nec metus. Phasellus blandit leo ut odio. Maecenas ullamcorper, dui et placerat feugiat, eros pede varius nisi, condimentum viverra felis nunc et lorem. Sed magna purus, fermentum eu, tincidunt eu, varius ut, felis. In auctor lobortis lacus. Quisque libero metus, condimentum nec, tempor a, commodo mollis, magna. Vestibulum ullamcorper mauris at ligula. Fusce fermentum. Nullam cursus lacinia erat. Praesent blandit laoreet nibh. Fusce convallis metus id felis luctus adipiscing. Pellentesque egestas, neque sit amet convallis pulvinar, justo nulla eleifend augue, ac auctor orci leo non est. Quisque id mi. Ut tincidunt tincidunt erat. Etiam feugiat lorem non metus. Vestibulum dapibus nunc ac augue. Curabitur vestibulum aliquam leo. Praesent egestas neque eu enim. In hac habitasse platea dictumst. Fusce a quam. Etiam ut purus mattis mauris sodales aliquam. Curabitur nisi. Quisque malesuada placerat nisl. Nam ipsum risus, rutrum vitae, vestibulum eu, molestie vel, lacus. Sed augue ipsum, egestas nec, vestibulum et, malesuada adipiscing, dui. Vestibulum facilisis, purus nec pulvinar iaculis, ligula mi congue nunc, vitae euismod ligula urna in dolor. Mauris sollicitudin fermentum libero. Praesent nonummy mi in odio. Nunc interdum lacus sit amet orci. Vestibulum rutrum, mi nec elementum vehicula, eros quam gravida nisl, id fringilla neque ante vel mi. Morbi mollis tellus ac sapien. Phasellus volutpat, metus eget egestas mollis, lacus lacus blandit dui, id egestas quam mauris ut lacus. Fusce vel dui. Sed in libero ut nibh placerat accumsan. Proin faucibus arcu quis ante. In consectetuer turpis ut velit. Nulla sit amet est. Praesent metus tellus, elementum eu, semper a, adipiscing nec, purus. Cras risus ipsum, faucibus ut, ullamcorper id, varius ac, leo. Suspendisse feugiat. Suspendisse enim turpis, dictum sed, iaculis a, condimentum nec, nisi. Praesent nec nisl a purus blandit viverra. Praesent ac massa at ligula laoreet iaculis. Nulla neque dolor, sagittis eget, iaculis quis, molestie non, velit. Mauris turpis nunc, blandit et, volutpat molestie, porta ut, ligula. Fusce pharetra convallis urna. Quisque ut nisi. Donec mi odio, faucibus at, scelerisque quis, convallis in, nisi. Suspendisse non nisl sit amet velit hendrerit rutrum. Ut leo. Ut a nisl id ante tempus hendrerit. Proin pretium, leo ac pellentesque mollis, felis nunc ultrices eros, sed gravida augue augue mollis justo. Suspendisse eu ligula. Nulla facilisi. Donec id justo. Praesent porttitor, nulla vitae posuere iaculis, arcu nisl dignissim dolor, a pretium mi sem ut ipsum. Curabitur suscipit suscipit tellus. Praesent vestibulum dapibus nibh. Etiam iaculis nunc ac metus. Ut id nisl quis enim dignissim sagittis. Etiam sollicitudin, ipsum eu pulvinar rutrum, tellus ipsum laoreet sapien, quis venenatis ante odio sit amet eros. Proin magna. Duis vel nibh at velit scelerisque suscipit. Curabitur turpis. Vestibulum suscipit nulla quis orci. Fusce ac felis sit amet ligula pharetra condimentum. Maecenas egestas arcu quis ligula mattis placerat. Duis lobortis massa imperdiet quam. Suspendisse potenti. Pellentesque commodo eros a enim. Vestibulum turpis sem, aliquet eget, lobortis pellentesque, rutrum eu, nisl. Sed libero. Aliquam erat volutpat. Etiam vitae tortor. Morbi vestibulum volutpat enim. Aliquam eu nunc. Nunc sed turpis. Sed mollis, eros et ultrices tempus, mauris ipsum aliquam libero, non adipiscing dolor urna a orci. Nulla porta dolor. Class aptent taciti sociosqu ad litora torquent per conubia nostra, per inceptos hymenaeos. Pellentesque dapibus hendrerit tortor. Praesent egestas tristique nibh. Sed a libero. Cras varius. Donec vitae orci sed dolor rutrum auctor. Fusce egestas elit eget lorem. Suspendisse nisl elit, rhoncus eget, elementum ac, condimentum eget, diam. Nam at tortor in tellus interdum sagittis. Aliquam lobortis. Donec orci lectus, aliquam ut, faucibus non, euismod id, nulla. Curabitur blandit mollis lacus. Nam adipiscing. Vestibulum eu odio. Vivamus laoreet. Nullam tincidunt adipiscing enim. Phasellus tempus. Proin viverra, ligula sit amet ultrices semper, ligula arcu tristique sapien, a accumsan nisi mauris ac eros. Fusce neque. Suspendisse faucibus, nunc et pellentesque egestas, lacus ante convallis tellus, vitae iaculis lacus elit id tortor. Vivamus aliquet elit ac nisl. Fusce fermentum odio nec arcu. Vivamus euismod mauris. In ut quam vitae odio lacinia tincidunt. Praesent ut ligula non mi varius sagittis. Cras sagittis. Praesent ac sem eget est egestas volutpat. Vivamus consectetuer hendrerit lacus. Cras non dolor. Vivamus in erat ut urna cursus vestibulum. Fusce commodo aliquam arcu. Nam commodo suscipit quam. Quisque id odio. Praesent venenatis metus at tortor pulvinar varius. Lorem ipsum dolor sit amet, consectetuer adipiscing elit. Aenean commodo ligula eget dolor. Aenean massa. Cum sociis natoque penatibus et magnis dis parturient montes, nascetur ridiculus mus. Donec quam felis, ultricies nec, pellentesque eu, pretium quis, sem. Nulla consequat massa quis enim. Donec pede justo, fringilla vel, aliquet nec, vulputate eget, arcu. In enim justo, rhoncus ut, imperdiet a, venenatis vitae, justo. Nullam dictum felis eu pede mollis pretium. Integer tincidunt. Cras dapibus. Vivamus elementum semper nisi. Aenean vulputate eleifend tellus. Aenean leo ligula, porttitor eu, consequat vit',NULL,720.00,10.00,10.00,10.00),('P-04102025-1','2025-10-04','2025-10-11','2025-10-25','trackeo1prueba','track',1,1,6,1185.00,'',NULL,1120.00,10.00,20.00,35.00),('P-04102025-2','2025-10-04','2025-10-18','2025-10-31','TRACKEO3','',2,2,7,120.00,'',NULL,100.00,0.00,10.00,10.00),('P-04102025-3','2025-10-04','2025-10-11','2025-10-25','tracking prueba 3','',1,1,4,940.00,'',NULL,800.00,12.00,25.00,103.00),('P-04102025-4','2025-10-04','2025-10-11','2025-10-16','trackeo4','',1,1,5,240.00,'',NULL,220.00,10.00,0.00,10.00),('P-15112025-10','2025-11-15','2025-11-27','2025-11-29','azx','',2,1,3,513.00,'',NULL,450.00,0.00,63.00,0.00),('P-15112025-8','2025-11-15','2025-11-29','2025-11-30','a','adf',1,1,2,68.00,'',NULL,25.00,5.00,15.00,23.00),('P-15112025-9','2025-11-15','2025-11-22','2025-11-29','aszx','',1,2,1,281.00,'',NULL,250.00,0.00,15.00,16.00),('P-17012026-11','2026-01-17','2026-01-24','2026-01-31','TRACKEOPRUEBA5','',3,1,5,705.00,'',NULL,650.00,25.00,30.00,0.00),('P-25102025-5','2025-10-25','2025-10-25','2025-10-31','TRACKEO PRUEBA','',1,1,5,1564.00,'',45.00,1000.00,10.00,200.00,354.00),('P-31012026-12','2026-01-31','2026-01-31','2026-01-31','NUMEROTRACKING PRUEBA','',3,1,1,50.00,'',NULL,50.00,0.00,0.00,0.00);
/*!40000 ALTER TABLE `pedidobase` ENABLE KEYS */;
UNLOCK TABLES;

--
-- Table structure for table `pedidodetalles`
--

DROP TABLE IF EXISTS `pedidodetalles`;
/*!40101 SET @saved_cs_client     = @@character_set_client */;
/*!50503 SET character_set_client = utf8mb4 */;
CREATE TABLE `pedidodetalles` (
  `IdPedidoDetallePK` int NOT NULL AUTO_INCREMENT,
  `IdCodigoPedidoFK` varchar(25) NOT NULL,
  `TipoArticuloFK` int NOT NULL,
  `FabricanteArticulo` int NOT NULL,
  `CategoriaArticulo` int NOT NULL,
  `SubcategoriaArticulo` int NOT NULL,
  `CantidadArticulo` int NOT NULL,
  `EnlaceArticulo` varchar(1000) DEFAULT NULL,
  `PrecioArticulo` decimal(6,2) DEFAULT NULL,
  `IdModeloPK` int NOT NULL,
  `EstadoArticuloPedido` tinyint(1) NOT NULL DEFAULT '1',
  `Activo` tinyint(1) NOT NULL DEFAULT '1',
  PRIMARY KEY (`IdPedidoDetallePK`),
  KEY `IdCodigoPedidoFK` (`IdCodigoPedidoFK`),
  KEY `TipoArticuloFK` (`TipoArticuloFK`),
  CONSTRAINT `pedidodetalles_ibfk_1` FOREIGN KEY (`IdCodigoPedidoFK`) REFERENCES `pedidobase` (`CodigoPedido`),
  CONSTRAINT `pedidodetalles_ibfk_2` FOREIGN KEY (`TipoArticuloFK`) REFERENCES `tipoarticulo` (`IdTipoArticuloPK`)
) ENGINE=InnoDB AUTO_INCREMENT=17 DEFAULT CHARSET=utf8mb4 COLLATE=utf8mb4_0900_ai_ci;
/*!40101 SET character_set_client = @saved_cs_client */;

--
-- Dumping data for table `pedidodetalles`
--

LOCK TABLES `pedidodetalles` WRITE;
/*!40000 ALTER TABLE `pedidodetalles` DISABLE KEYS */;
INSERT INTO `pedidodetalles` VALUES (1,'P-04102025-1',1,1,1,1,1,'',120.00,1,1,1),(2,'P-04102025-1',1,2,2,3,3,'',333.33,3,1,1),(3,'P-04102025-2',1,1,1,2,1,'',100.00,2,1,1),(4,'P-04102025-3',1,1,1,1,8,'',100.00,1,1,1),(5,'P-04102025-4',1,2,2,3,1,'',220.00,3,1,1),(6,'P-25102025-5',1,1,1,1,5,'',200.00,5,1,1),(7,'P-02112025-6',1,1,1,1,3,'',116.67,5,1,1),(8,'P-02112025-7',1,1,1,2,2,'',100.00,2,1,1),(9,'P-02112025-7',2,1,1,3,2,'',35.00,5,1,1),(10,'P-02112025-7',3,1,1,1,45,'Lorem ipsum dolor sit amet, consectetuer adipiscing elit. Aenean commodo ligula eget dolor. Aenean massa. Cum sociis natoque penatibus et magnis dis parturient montes, nascetur ridiculus mus. Donec quam felis, ultricies nec, pellentesque eu, pretium quis, sem. Nulla consequat massa quis enim. Donec pede justo, fringilla vel, aliquet nec, vulputate eget, arcu. In enim justo, rhoncus ut, imperdiet a, venenatis vitae, justo. Nullam dictum felis eu pede mollis pretium. Integer tincidunt. Cras dapibus. Vivamus elementum semper nisi. Aenean vulputate eleifend tellus. Aenean leo ligula, porttitor eu, consequat vitae, eleifend ac, enim. Aliquam lorem ante, dapibus in, viverra quis, feugiat a, tellus. Phasellus viverra nulla ut metus varius laoreet. Quisque rutrum. Aenean imperdiet. Etiam ultricies nisi vel augue. Curabitur ullamcorper ultricies nisi. Nam eget dui. Etiam rhoncus. Maecenas tempus, tellus eget condimentum rhoncus, sem quam semper libero, sit amet adipiscing sem neque sed ipsum. N',10.00,1,1,1),(11,'P-15112025-8',2,1,1,2,1,'',25.00,3,1,1),(12,'P-15112025-9',1,1,1,1,1,'',250.00,5,1,1),(13,'P-15112025-10',3,1,1,1,45,'',10.00,1,1,1),(14,'P-17012026-11',1,2,2,3,1,'',300.00,3,1,1),(15,'P-17012026-11',2,2,2,4,10,'',35.00,6,1,1),(16,'P-31012026-12',2,2,2,4,2,'',25.00,6,1,1);
/*!40000 ALTER TABLE `pedidodetalles` ENABLE KEYS */;
UNLOCK TABLES;

--
-- Table structure for table `preingresoaccesorios`
--

DROP TABLE IF EXISTS `preingresoaccesorios`;
/*!40101 SET @saved_cs_client     = @@character_set_client */;
/*!50503 SET character_set_client = utf8mb4 */;
CREATE TABLE `preingresoaccesorios` (
  `IdPreIngresoAccesorioPK` int NOT NULL AUTO_INCREMENT,
  `IdCodigoPedidoFK` varchar(25) NOT NULL,
  `IdUsuarioFK` int NOT NULL,
  `FormIndex` int NOT NULL,
  `ModeloAccesorio` int NOT NULL,
  `ColorAccesorio` varchar(100) NOT NULL,
  `EstadoAccesorio` int NOT NULL,
  `Comentario` varchar(10000) DEFAULT NULL,
  `PrecioBase` decimal(6,2) DEFAULT NULL,
  `CostoDistribuido` decimal(10,2) DEFAULT '0.00',
  `NumeroSerie` varchar(100) DEFAULT NULL,
  `ProductosCompatibles` varchar(500) DEFAULT NULL,
  `FechaCreacion` timestamp NULL DEFAULT CURRENT_TIMESTAMP,
  `TareasPendientes` varchar(1000) DEFAULT NULL,
  PRIMARY KEY (`IdPreIngresoAccesorioPK`),
  UNIQUE KEY `idx_pedido_usuario_form_acc` (`IdCodigoPedidoFK`,`IdUsuarioFK`,`FormIndex`),
  KEY `IdUsuarioFK` (`IdUsuarioFK`),
  CONSTRAINT `preingresoaccesorios_ibfk_1` FOREIGN KEY (`IdCodigoPedidoFK`) REFERENCES `pedidobase` (`CodigoPedido`),
  CONSTRAINT `preingresoaccesorios_ibfk_2` FOREIGN KEY (`IdUsuarioFK`) REFERENCES `usuarios` (`IdUsuarioPK`)
) ENGINE=InnoDB AUTO_INCREMENT=23 DEFAULT CHARSET=utf8mb4 COLLATE=utf8mb4_0900_ai_ci;
/*!40101 SET character_set_client = @saved_cs_client */;

--
-- Dumping data for table `preingresoaccesorios`
--

LOCK TABLES `preingresoaccesorios` WRITE;
/*!40000 ALTER TABLE `preingresoaccesorios` DISABLE KEYS */;
/*!40000 ALTER TABLE `preingresoaccesorios` ENABLE KEYS */;
UNLOCK TABLES;

--
-- Table structure for table `preingresoinsumos`
--

DROP TABLE IF EXISTS `preingresoinsumos`;
/*!40101 SET @saved_cs_client     = @@character_set_client */;
/*!50503 SET character_set_client = utf8mb4 */;
CREATE TABLE `preingresoinsumos` (
  `IdPreIngresoInsumoPK` int NOT NULL AUTO_INCREMENT,
  `IdCodigoPedidoFK` varchar(25) NOT NULL,
  `IdUsuarioFK` int NOT NULL,
  `FormIndex` int NOT NULL,
  `ModeloInsumo` int NOT NULL,
  `EstadoInsumo` int NOT NULL,
  `Comentario` varchar(10000) DEFAULT NULL,
  `PrecioBase` decimal(6,2) DEFAULT NULL,
  `CostoDistribuido` decimal(10,2) DEFAULT '0.00',
  `NumeroSerie` varchar(100) DEFAULT NULL,
  `ServiciosCompatibles` varchar(500) DEFAULT NULL,
  `Cantidad` int unsigned NOT NULL,
  `StockMinimo` int unsigned NOT NULL,
  `FechaCreacion` timestamp NULL DEFAULT CURRENT_TIMESTAMP,
  `TareasPendientes` varchar(1000) DEFAULT NULL,
  PRIMARY KEY (`IdPreIngresoInsumoPK`),
  UNIQUE KEY `idx_pedido_usuario_form_ins` (`IdCodigoPedidoFK`,`IdUsuarioFK`,`FormIndex`),
  KEY `IdUsuarioFK` (`IdUsuarioFK`),
  CONSTRAINT `preingresoinsumos_ibfk_1` FOREIGN KEY (`IdCodigoPedidoFK`) REFERENCES `pedidobase` (`CodigoPedido`),
  CONSTRAINT `preingresoinsumos_ibfk_2` FOREIGN KEY (`IdUsuarioFK`) REFERENCES `usuarios` (`IdUsuarioPK`)
) ENGINE=InnoDB AUTO_INCREMENT=7 DEFAULT CHARSET=utf8mb4 COLLATE=utf8mb4_0900_ai_ci;
/*!40101 SET character_set_client = @saved_cs_client */;

--
-- Dumping data for table `preingresoinsumos`
--

LOCK TABLES `preingresoinsumos` WRITE;
/*!40000 ALTER TABLE `preingresoinsumos` DISABLE KEYS */;
/*!40000 ALTER TABLE `preingresoinsumos` ENABLE KEYS */;
UNLOCK TABLES;

--
-- Table structure for table `preingresoproductos`
--

DROP TABLE IF EXISTS `preingresoproductos`;
/*!40101 SET @saved_cs_client     = @@character_set_client */;
/*!50503 SET character_set_client = utf8mb4 */;
CREATE TABLE `preingresoproductos` (
  `IdPreIngresoProductoPK` int NOT NULL AUTO_INCREMENT,
  `IdCodigoPedidoFK` varchar(25) NOT NULL,
  `IdUsuarioFK` int NOT NULL,
  `FormIndex` int NOT NULL,
  `Modelo` int NOT NULL,
  `Color` varchar(100) NOT NULL,
  `Estado` int NOT NULL,
  `Hackeado` tinyint(1) NOT NULL DEFAULT '0',
  `Comentario` varchar(10000) DEFAULT NULL,
  `PrecioBase` decimal(10,2) DEFAULT NULL,
  `CostoDistribuido` decimal(10,2) DEFAULT '0.00',
  `NumeroSerie` varchar(100) DEFAULT NULL,
  `Accesorios` varchar(500) DEFAULT NULL,
  `FechaCreacion` timestamp NULL DEFAULT CURRENT_TIMESTAMP,
  `TareasPendientes` varchar(1000) DEFAULT NULL,
  PRIMARY KEY (`IdPreIngresoProductoPK`),
  UNIQUE KEY `idx_pedido_usuario_form` (`IdCodigoPedidoFK`,`IdUsuarioFK`,`FormIndex`),
  KEY `IdUsuarioFK` (`IdUsuarioFK`),
  CONSTRAINT `preingresoproductos_ibfk_1` FOREIGN KEY (`IdCodigoPedidoFK`) REFERENCES `pedidobase` (`CodigoPedido`),
  CONSTRAINT `preingresoproductos_ibfk_2` FOREIGN KEY (`IdUsuarioFK`) REFERENCES `usuarios` (`IdUsuarioPK`)
) ENGINE=InnoDB AUTO_INCREMENT=134 DEFAULT CHARSET=utf8mb4 COLLATE=utf8mb4_0900_ai_ci;
/*!40101 SET character_set_client = @saved_cs_client */;

--
-- Dumping data for table `preingresoproductos`
--

LOCK TABLES `preingresoproductos` WRITE;
/*!40000 ALTER TABLE `preingresoproductos` DISABLE KEYS */;
INSERT INTO `preingresoproductos` VALUES (50,'P-04102025-3',2,0,1,'',2,0,'',100.00,17.50,'gamecube 1','Mando de juego,Cable HDMI,Memoria,Cable AC','2025-10-28 02:49:29','Limpiar'),(51,'P-04102025-3',2,1,1,'',2,0,'',100.00,17.50,'gamecube 2','Mando de juego,Cable HDMI,Memoria,Cable AC','2025-10-28 02:49:29','Limpiar'),(52,'P-04102025-3',2,2,1,'',1,0,'',100.00,17.50,'gamecube 3','Mando de juego,Cable HDMI,Memoria,Cable AC','2025-10-28 02:49:29','Limpiar'),(53,'P-04102025-3',2,3,1,'',0,0,'',100.00,17.50,'','Mando de juego,Cable HDMI,Memoria,Cable AC','2025-10-28 02:49:29','Limpiar'),(54,'P-04102025-3',2,4,1,'',0,0,'',100.00,17.50,'','Mando de juego,Cable HDMI,Memoria,Cable AC','2025-10-28 02:49:29','Limpiar'),(55,'P-04102025-3',2,5,1,'',0,0,'',100.00,17.50,'','Mando de juego,Cable HDMI,Memoria,Cable AC','2025-10-28 02:49:29','Limpiar'),(56,'P-04102025-3',2,6,1,'',0,0,'',100.00,17.50,'','Mando de juego,Cable HDMI,Memoria,Cable AC','2025-10-28 02:49:29','Limpiar'),(57,'P-04102025-3',2,7,1,'',0,0,'',100.00,17.50,'','Mando de juego,Cable HDMI,Memoria,Cable AC','2025-10-28 02:49:29','Limpiar');
/*!40000 ALTER TABLE `preingresoproductos` ENABLE KEYS */;
UNLOCK TABLES;

--
-- Table structure for table `productosbases`
--

DROP TABLE IF EXISTS `productosbases`;
/*!40101 SET @saved_cs_client     = @@character_set_client */;
/*!50503 SET character_set_client = utf8mb4 */;
CREATE TABLE `productosbases` (
  `CodigoConsola` varchar(25) NOT NULL,
  `Modelo` int NOT NULL,
  `Color` varchar(100) NOT NULL,
  `Estado` int NOT NULL,
  `Hackeado` tinyint(1) NOT NULL DEFAULT '0',
  `FechaIngreso` date DEFAULT NULL,
  `Comentario` varchar(10000) DEFAULT NULL,
  `PrecioBase` decimal(6,2) DEFAULT NULL,
  `NumeroSerie` varchar(100) DEFAULT NULL,
  `Accesorios` varchar(500) DEFAULT NULL,
  `IdIngreso` int NOT NULL AUTO_INCREMENT,
  PRIMARY KEY (`CodigoConsola`),
  UNIQUE KEY `IdIngreso` (`IdIngreso`),
  KEY `Modelo` (`Modelo`),
  KEY `Estado` (`Estado`),
  CONSTRAINT `productosbases_ibfk_1` FOREIGN KEY (`Modelo`) REFERENCES `catalogoconsolas` (`IdModeloConsolaPK`),
  CONSTRAINT `productosbases_ibfk_2` FOREIGN KEY (`Estado`) REFERENCES `catalogoestadosconsolas` (`CodigoEstado`)
) ENGINE=InnoDB AUTO_INCREMENT=37 DEFAULT CHARSET=utf8mb4 COLLATE=utf8mb4_0900_ai_ci;
/*!40101 SET character_set_client = @saved_cs_client */;

--
-- Dumping data for table `productosbases`
--

LOCK TABLES `productosbases` WRITE;
/*!40000 ALTER TABLE `productosbases` DISABLE KEYS */;
INSERT INTO `productosbases` VALUES ('CGI-22',5,'',2,0,'2025-11-01','Lorem ipsum dolor sit amet, consectetuer adipiscing elit. Aenean commodo ligula eget dolor. Aenean massa. Cum sociis natoque penatibus et magnis dis parturient montes, nascetur ridiculus mus. Donec quam felis, ultricies nec, pellentesque eu, pretium quis, sem. Nulla consequat massa quis enim. Donec pede justo, fringilla vel, aliquet nec, vulputate eget, arcu. In enim justo, rhoncus ut, imperdiet a, venenatis vitae, justo. Nullam dictum felis eu pede mollis pretium. Integer tincidunt. Cras dapibus. Vivamus elementum semper nisi. Aenean vulputate eleifend tellus. Aenean leo ligula, porttitor eu, consequat vitae, eleifend ac, enim. Aliquam lorem ante, dapibus in, viverra quis, feugiat a, tellus. Phasellus viverra nulla ut metus varius laoreet. Quisque rutrum. Aenean imperdiet. Etiam ultricies nisi vel augue. Curabitur ullamcorper ultricies nisi. Nam eget dui. Etiam rhoncus. Maecenas tempus, tellus eget condimentum rhoncus, sem quam semper libero, sit amet adipiscing sem neque sed ipsum. Nam quam nunc, blandit vel, luctus pulvinar, hendrerit id, lorem. Maecenas nec odio et ante tincidunt tempus. Donec vitae sapien ut libero venenatis faucibus. Nullam quis ante. Etiam sit amet orci eget eros faucibus tincidunt. Duis leo. Sed fringilla mauris sit amet nibh. Donec sodales sagittis magna. Sed consequat, leo eget bibendum sodales, augue velit cursus nunc, quis gravida magna mi a libero. Fusce vulputate eleifend sapien. Vestibulum purus quam, scelerisque ut, mollis sed, nonummy id, metus. Nullam accumsan lorem in dui. Cras ultricies mi eu turpis hendrerit fringilla. Vestibulum ante ipsum primis in faucibus orci luctus et ultrices posuere cubilia Curae; In ac dui quis mi consectetuer lacinia. Nam pretium turpis et arcu. Duis arcu tortor, suscipit eget, imperdiet nec, imperdiet iaculis, ipsum. Sed aliquam ultrices mauris. Integer ante arcu, accumsan a, consectetuer eget, posuere ut, mauris. Praesent adipiscing. Phasellus ullamcorper ipsum rutrum nunc. Nunc nonummy metus. Vestibulum volutpat pretium libero. Cras id dui. Aenean ut eros et nisl sagittis vestibulum. Nullam nulla eros, ultricies sit amet, nonummy id, imperdiet feugiat, pede. Sed lectus. Donec mollis hendrerit risus. Phasellus nec sem in justo pellentesque facilisis. Etiam imperdiet imperdiet orci. Nunc nec neque. Phasellus leo dolor, tempus non, auctor et, hendrerit quis, nisi. Curabitur ligula sapien, tincidunt non, euismod vitae, posuere imperdiet, leo. Maecenas malesuada. Praesent congue erat at massa. Sed cursus turpis vitae tortor. Donec posuere vulputate arcu. Phasellus accumsan cursus velit. Vestibulum ante ipsum primis in faucibus orci luctus et ultrices posuere cubilia Curae; Sed aliquam, nisi quis porttitor congue, elit erat euismod orci, ac placerat dolor lectus quis orci. Phasellus consectetuer vestibulum elit. Aenean tellus metus, bibendum sed, posuere ac, mattis non, nunc. Vestibulum fringilla pede sit amet augue. In turpis. Pellentesque posuere. Praesent turpis. Aenean posuere, tortor sed cursus feugiat, nunc augue blandit nunc, eu sollicitudin urna dolor sagittis lacus. Donec elit libero, sodales nec, volutpat a, suscipit non, turpis. Nullam sagittis. Suspendisse pulvinar, augue ac venenatis condimentum, sem libero volutpat nibh, nec pellentesque velit pede quis nunc. Vestibulum ante ipsum primis in faucibus orci luctus et ultrices posuere cubilia Curae; Fusce id purus. Ut varius tincidunt libero. Phasellus dolor. Maecenas vestibulum mollis diam. Pellentesque ut neque. Pellentesque habitant morbi tristique senectus et netus et malesuada fames ac turpis egestas. In dui magna, posuere eget, vestibulum et, tempor auctor, justo. In ac felis quis tortor malesuada pretium. Pellentesque auctor neque nec urna. Proin sapien ipsum, porta a, auctor quis, euismod ut, mi. Aenean viverra rhoncus pede. Pellentesque habitant morbi tristique senectus et netus et malesuada fames ac turpis egestas. Ut non enim eleifend felis pretium feugiat. Vivamus quis mi. Phasellus a est. Phasellus magna. In hac habitasse platea dictumst. Curabitur at lacus ac velit ornare lobortis. Curabitur a felis in nunc fringilla tristique. Morbi mattis ullamcorper velit. Phasellus gravida semper nisi. Nullam vel sem. Pellentesque libero tortor, tincidunt et, tincidunt eget, semper nec, quam. Sed hendrerit. Morbi ac felis. Nunc egestas, augue at pellentesque laoreet, felis eros vehicula leo, at malesuada velit leo quis pede. Donec interdum, metus et hendrerit aliquet, dolor diam sagittis ligula, eget egestas libero turpis vel mi. Nunc nulla. Fusce risus nisl, viverra et, tempor et, pretium in, sapien. Donec venenatis vulputate lorem. Morbi nec metus. Phasellus blandit leo ut odio. Maecenas ullamcorper, dui et placerat feugiat, eros pede varius nisi, condimentum viverra felis nunc et lorem. Sed magna purus, fermentum eu, tincidunt eu, varius ut, felis. In auctor lobortis lacus. Quisque libero metus, condimentum nec, tempor a, commodo mollis, magna. Vestibulum ullamcorper mauris at ligula. Fusce fermentum. Nullam cursus lacinia erat. Praesent blandit laoreet nibh. Fusce convallis metus id felis luctus adipiscing. Pellentesque egestas, neque sit amet convallis pulvinar, justo nulla eleifend augue, ac auctor orci leo non est. Quisque id mi. Ut tincidunt tincidunt erat. Etiam feugiat lorem non metus. Vestibulum dapibus nunc ac augue. Curabitur vestibulum aliquam leo. Praesent egestas neque eu enim. In hac habitasse platea dictumst. Fusce a quam. Etiam ut purus mattis mauris sodales aliquam. Curabitur nisi. Quisque malesuada placerat nisl. Nam ipsum risus, rutrum vitae, vestibulum eu, molestie vel, lacus. Sed augue ipsum, egestas nec, vestibulum et, malesuada adipiscing, dui. Vestibulum facilisis, purus nec pulvinar iaculis, ligula mi congue nunc, vitae euismod ligula urna in dolor. Mauris sollicitudin fermentum libero. Praesent nonummy mi in odio. Nunc interdum lacus sit amet orci. Vestibulum rutrum, mi nec elementum vehicula, eros quam gravida nisl, id fringilla neque ante vel mi. Morbi mollis tellus ac sapien. Phasellus volutpat, metus eget egestas mollis, lacus lacus blandit dui, id egestas quam mauris ut lacus. Fusce vel dui. Sed in libero ut nibh placerat accumsan. Proin faucibus arcu quis ante. In consectetuer turpis ut velit. Nulla sit amet est. Praesent metus tellus, elementum eu, semper a, adipiscing nec, purus. Cras risus ipsum, faucibus ut, ullamcorper id, varius ac, leo. Suspendisse feugiat. Suspendisse enim turpis, dictum sed, iaculis a, condimentum nec, nisi. Praesent nec nisl a purus blandit viverra. Praesent ac massa at ligula laoreet iaculis. Nulla neque dolor, sagittis eget, iaculis quis, molestie non, velit. Mauris turpis nunc, blandit et, volutpat molestie, porta ut, ligula. Fusce pharetra convallis urna. Quisque ut nisi. Donec mi odio, faucibus at, scelerisque quis, convallis in, nisi. Suspendisse non nisl sit amet velit hendrerit rutrum. Ut leo. Ut a nisl id ante tempus hendrerit. Proin pretium, leo ac pellentesque mollis, felis nunc ultrices eros, sed gravida augue augue mollis justo. Suspendisse eu ligula. Nulla facilisi. Donec id justo. Praesent porttitor, nulla vitae posuere iaculis, arcu nisl dignissim dolor, a pretium mi sem ut ipsum. Curabitur suscipit suscipit tellus. Praesent vestibulum dapibus nibh. Etiam iaculis nunc ac metus. Ut id nisl quis enim dignissim sagittis. Etiam sollicitudin, ipsum eu pulvinar rutrum, tellus ipsum laoreet sapien, quis venenatis ante odio sit amet eros. Proin magna. Duis vel nibh at velit scelerisque suscipit. Curabitur turpis. Vestibulum suscipit nulla quis orci. Fusce ac felis sit amet ligula pharetra condimentum. Maecenas egestas arcu quis ligula mattis placerat. Duis lobortis massa imperdiet quam. Suspendisse potenti. Pellentesque commodo eros a enim. Vestibulum turpis sem, aliquet eget, lobortis pellentesque, rutrum eu, nisl. Sed libero. Aliquam erat volutpat. Etiam vitae tortor. Morbi vestibulum volutpat enim. Aliquam eu nunc. Nunc sed turpis. Sed mollis, eros et ultrices tempus, mauris ipsum aliquam libero, non adipiscing dolor urna a orci. Nulla porta dolor. Class aptent taciti sociosqu ad litora torquent per conubia nostra, per inceptos hymenaeos. Pellentesque dapibus hendrerit tortor. Praesent egestas tristique nibh. Sed a libero. Cras varius. Donec vitae orci sed dolor rutrum auctor. Fusce egestas elit eget lorem. Suspendisse nisl elit, rhoncus eget, elementum ac, condimentum eget, diam. Nam at tortor in tellus interdum sagittis. Aliquam lobortis. Donec orci lectus, aliquam ut, faucibus non, euismod id, nulla. Curabitur blandit mollis lacus. Nam adipiscing. Vestibulum eu odio. Vivamus laoreet. Nullam tincidunt adipiscing enim. Phasellus tempus. Proin viverra, ligula sit amet ultrices semper, ligula arcu tristique sapien, a accumsan nisi mauris ac eros. Fusce neque. Suspendisse faucibus, nunc et pellentesque egestas, lacus ante convallis tellus, vitae iaculis lacus elit id tortor. Vivamus aliquet elit ac nisl. Fusce fermentum odio nec arcu. Vivamus euismod mauris. In ut quam vitae odio lacinia tincidunt. Praesent ut ligula non mi varius sagittis. Cras sagittis. Praesent ac sem eget est egestas volutpat. Vivamus consectetuer hendrerit lacus. Cras non dolor. Vivamus in erat ut urna cursus vestibulum. Fusce commodo aliquam arcu. Nam commodo suscipit quam. Quisque id odio. Praesent venenatis metus at tortor pulvinar varius. Lorem ipsum dolor sit amet, consectetuer adipiscing elit. Aenean commodo ligula eget dolor. Aenean massa. Cum sociis natoque penatibus et magnis dis parturient montes, nascetur ridiculus mus. Donec quam felis, ultricies nec, pellentesque eu, pretium quis, sem. Nulla consequat massa quis enim. Donec pede justo, fringilla vel, aliquet nec, vulputate eget, arcu. In enim justo, rhoncus ut, imperdiet a, venenatis vitae, justo. Nullam dictum felis eu pede mollis pretium. Integer tincidunt. Cras dapibus. Vivamus elementum semper nisi. Aenean vulputate eleifend tellus. Aenean leo ligula, porttitor eu, consequat vita',147.00,'Gamecube 1','Cable AC,Cable HDMI,Mando de juego,Memoria',23),('CGI-23',5,'',1,0,'2025-11-01','Lorem ipsum dolor sit amet, consectetuer adipiscing elit. Aenean commodo ligula eget dolor. Aenean massa. Cum sociis natoque penatibus et magnis dis parturient montes, nascetur ridiculus mus. Dnec quam felis, ultricies nec, pellentesque eu, pretium quis, sem. Nulla consequat massa quis enim. Donec pede justo, fringilla vel, aliquet nec, vulputate eget, arcu. In enim justo, rhoncus ut, imperdiet a, venenatis vitae, justo. Nullam dictum felis eu pede mollis pretium. Integer tincidunt. Cras dapibus. Vivamus elementum semper nisi. Aenean vulputate eleifend tellus. Aenean leo ligula, porttitor eu, consequat vitae, eleifend ac, enim. Aliquam lorem ante, dapibus in, viverra quis, feugiat a, tellus. Phasellus viverra nulla ut metus varius laoreet. Quisque rutrum. Aenean imperdiet. Etiam ultricies nisi vel augue. Curabitur ullamcorper ultricies nisi. Nam eget dui. Etiam rhoncus. Maecenas tempus, tellus eget condimentum rhoncus, sem quam semper libero, sit amet adipiscing sem neque sed ipsum. Nam quam nunc, blandit vel, luctus pulvinar, hendrerit id, lorem. Maecenas nec odio et ante tincidunt tempus. Donec vitae sapien ut libero venenatis faucibus. Nullam quis ante. Etiam sit amet orci eget eros faucibus tincidunt. Duis leo. Sed fringilla mauris sit amet nibh. Donec sodales sagittis magna. Sed consequat, leo eget bibendum sodales, augue velit cursus nunc, quis gravida magna mi a libero. Fusce vulputate eleifend sapien. Vestibulum purus quam, scelerisque ut, mollis sed, nonummy id, metus. Nullam accumsan lorem in dui. Cras ultricies mi eu turpis hendrerit fringilla. Vestibulum ante ipsum primis in faucibus orci luctus et ultrices posuere cubilia Curae; In ac dui quis mi consectetuer lacinia. Nam pretium turpis et arcu. Duis arcu tortor, suscipit eget, imperdiet nec, imperdiet iaculis, ipsum. Sed aliquam ultrices mauris. Integer ante arcu, accumsan a, consectetuer eget, posuere ut, mauris. Praesent adipiscing. Phasellus ullamcorper ipsum rutrum nunc. Nunc nonummy metus. Vestibulum volutpat pretium libero. Cras id dui. Aenean ut eros et nisl sagittis vestibulum. Nullam nulla eros, ultricies sit amet, nonummy id, imperdiet feugiat, pede. Sed lectus. Donec mollis hendrerit risus. Phasellus nec sem in justo pellentesque facilisis. Etiam imperdiet imperdiet orci. Nunc nec neque. Phasellus leo dolor, tempus non, auctor et, hendrerit quis, nisi. Curabitur ligula sapien, tincidunt non, euismod vitae, posuere imperdiet, leo. Maecenas malesuada. Praesent congue erat at massa. Sed cursus turpis vitae tortor. Donec posuere vulputate arcu. Phasellus accumsan cursus velit. Vestibulum ante ipsum primis in faucibus orci luctus et ultrices posuere cubilia Curae; Sed aliquam, nisi quis porttitor congue, elit erat euismod orci, ac placerat dolor lectus quis orci. Phasellus consectetuer vestibulum elit. Aenean tellus metus, bibendum sed, posuere ac, mattis non, nunc. Vestibulum fringilla pede sit amet augue. In turpis. Pellentesque posuere. Praesent turpis. Aenean posuere, tortor sed cursus feugiat, nunc augue blandit nunc, eu sollicitudin urna dolor sagittis lacus. Donec elit libero, sodales nec, volutpat a, suscipit non, turpis. Nullam sagittis. Suspendisse pulvinar, augue ac venenatis condimentum, sem libero volutpat nibh, nec pellentesque velit pede quis nunc. Vestibulum ante ipsum primis in faucibus orci luctus et ultrices posuere cubilia Curae; Fusce id purus. Ut varius tincidunt libero. Phasellus dolor. Maecenas vestibulum mollis diam. Pellentesque ut neque. Pellentesque habitant morbi tristique senectus et netus et malesuada fames ac turpis egestas. In dui magna, posuere eget, vestibulum et, tempor auctor, justo. In ac felis quis tortor malesuada pretium. Pellentesque auctor neque nec urna. Proin sapien ipsum, porta a, auctor quis, euismod ut, mi. Aenean viverra rhoncus pede. Pellentesque habitant morbi tristique senectus et netus et malesuada fames ac turpis egestas. Ut non enim eleifend felis pretium feugiat. Vivamus quis mi. Phasellus a est. Phasellus magna. In hac habitasse platea dictumst. Curabitur at lacus ac velit ornare lobortis. Curabitur a felis in nunc fringilla tristique. Morbi mattis ullamcorper velit. Phasellus gravida semper nisi. Nullam vel sem. Pellentesque libero tortor, tincidunt et, tincidunt eget, semper nec, quam. Sed hendrerit. Morbi ac felis. Nunc egestas, augue at pellentesque laoreet, felis eros vehicula leo, at malesuada velit leo quis pede. Donec interdum, metus et hendrerit aliquet, dolor diam sagittis ligula, eget egestas libero turpis vel mi. Nunc nulla. Fusce risus nisl, viverra et, tempor et, pretium in, sapien. Donec venenatis vulputate lorem. Morbi nec metus. Phasellus blandit leo ut odio. Maecenas ullamcorper, dui et placerat feugiat, eros pede varius nisi, condimentum viverra felis nunc et lorem. Sed magna purus, fermentum eu, tincidunt eu, varius ut, felis. In auctor lobortis lacus. Quisque libero metus, condimentum nec, tempor a, commodo mollis, magna. Vestibulum ullamcorper mauris at ligula. Fusce fermentum. Nullam cursus lacinia erat. Praesent blandit laoreet nibh. Fusce convallis metus id felis luctus adipiscing. Pellentesque egestas, neque sit amet convallis pulvinar, justo nulla eleifend augue, ac auctor orci leo non est. Quisque id mi. Ut tincidunt tincidunt erat. Etiam feugiat lorem non metus. Vestibulum dapibus nunc ac augue. Curabitur vestibulum aliquam leo. Praesent egestas neque eu enim. In hac habitasse platea dictumst. Fusce a quam. Etiam ut purus mattis mauris sodales aliquam. Curabitur nisi. Quisque malesuada placerat nisl. Nam ipsum risus, rutrum vitae, vestibulum eu, molestie vel, lacus. Sed augue ipsum, egestas nec, vestibulum et, malesuada adipiscing, dui. Vestibulum facilisis, purus nec pulvinar iaculis, ligula mi congue nunc, vitae euismod ligula urna in dolor. Mauris sollicitudin fermentum libero. Praesent nonummy mi in odio. Nunc interdum lacus sit amet orci. Vestibulum rutrum, mi nec elementum vehicula, eros quam gravida nisl, id fringilla neque ante vel mi. Morbi mollis tellus ac sapien. Phasellus volutpat, metus eget egestas mollis, lacus lacus blandit dui, id egestas quam mauris ut lacus. Fusce vel dui. Sed in libero ut nibh placerat accumsan. Proin faucibus arcu quis ante. In consectetuer turpis ut velit. Nulla sit amet est. Praesent metus tellus, elementum eu, semper a, adipiscing nec, purus. Cras risus ipsum, faucibus ut, ullamcorper id, varius ac, leo. Suspendisse feugiat. Suspendisse enim turpis, dictum sed, iaculis a, condimentum nec, nisi. Praesent nec nisl a purus blandit viverra. Praesent ac massa at ligula laoreet iaculis. Nulla neque dolor, sagittis eget, iaculis quis, molestie non, velit. Mauris turpis nunc, blandit et, volutpat molestie, porta ut, ligula. Fusce pharetra convallis urna. Quisque ut nisi. Donec mi odio, faucibus at, scelerisque quis, convallis in, nisi. Suspendisse non nisl sit amet velit hendrerit rutrum. Ut leo. Ut a nisl id ante tempus hendrerit. Proin pretium, leo ac pellentesque mollis, felis nunc ultrices eros, sed gravida augue augue mollis justo. Suspendisse eu ligula. Nulla facilisi. Donec id justo. Praesent porttitor, nulla vitae posuere iaculis, arcu nisl dignissim dolor, a pretium mi sem ut ipsum. Curabitur suscipit suscipit tellus. Praesent vestibulum dapibus nibh. Etiam iaculis nunc ac metus. Ut id nisl quis enim dignissim sagittis. Etiam sollicitudin, ipsum eu pulvinar rutrum, tellus ipsum laoreet sapien, quis venenatis ante odio sit amet eros. Proin magna. Duis vel nibh at velit scelerisque suscipit. Curabitur turpis. Vestibulum suscipit nulla quis orci. Fusce ac felis sit amet ligula pharetra condimentum. Maecenas egestas arcu quis ligula mattis placerat. Duis lobortis massa imperdiet quam. Suspendisse potenti. Pellentesque commodo eros a enim. Vestibulum turpis sem, aliquet eget, lobortis pellentesque, rutrum eu, nisl. Sed libero. Aliquam erat volutpat. Etiam vitae tortor. Morbi vestibulum volutpat enim. Aliquam eu nunc. Nunc sed turpis. Sed mollis, eros et ultrices tempus, mauris ipsum aliquam libero, non adipiscing dolor urna a orci. Nulla porta dolor. Class aptent taciti sociosqu ad litora torquent per conubia nostra, per inceptos hymenaeos. Pellentesque dapibus hendrerit tortor. Praesent egestas tristique nibh. Sed a libero. Cras varius. Donec vitae orci sed dolor rutrum auctor. Fusce egestas elit eget lorem. Suspendisse nisl elit, rhoncus eget, elementum ac, condimentum eget, diam. Nam at tortor in tellus interdum sagittis. Aliquam lobortis. Donec orci lectus, aliquam ut, faucibus non, euismod id, nulla. Curabitur blandit mollis lacus. Nam adipiscing. Vestibulum eu odio. Vivamus laoreet. Nullam tincidunt adipiscing enim. Phasellus tempus. Proin viverra, ligula sit amet ultrices semper, ligula arcu tristique sapien, a accumsan nisi mauris ac eros. Fusce neque. Suspendisse faucibus, nunc et pellentesque egestas, lacus ante convallis tellus, vitae iaculis lacus elit id tortor. Vivamus aliquet elit ac nisl. Fusce fermentum odio nec arcu. Vivamus euismod mauris. In ut quam vitae odio lacinia tincidunt. Praesent ut ligula non mi varius sagittis. Cras sagittis. Praesent ac sem eget est egestas volutpat. Vivamus consectetuer hendrerit lacus. Cras non dolor. Vivamus in erat ut urna cursus vestibulum. Fusce commodo aliquam arcu. Nam commodo suscipit quam. Quisque id odio. Praesent venenatis metus at tortor pulvinar varius. Lorem ipsum dolor sit amet, consectetuer adipiscing elit. Aenean commodo ligula eget dolor. Aenean massa. Cum sociis natoque penatibus et magnis dis parturient montes, nascetur ridiculus mus. Donec quam felis, ultricies nec, pellentesque eu, pretium quis, sem. Nulla consequat massa quis enim. Donec pede justo, fringilla vel, aliquet nec, vulputate eget, arcu. In enim justo, rhoncus ut, imperdiet a, venenatis vitae, justo. Nullam dictum felis eu pede mollis pretium. Integer tincidunt. Cras dapibus. Vivamus elementum semper nisi. Aenean vulputate eleifend tellus. Aenean leo ligula, porttitor eu, consequat vitae',147.00,'Gamecube2','Cable AC,Cable HDMI,Mando de juego,Memoria',24),('CGI-24',5,'',2,0,'2025-11-01','',147.33,'gamecube3','Cable AC,Cable HDMI,Mando de juego,Memoria',25),('CGI2-15',5,'',2,0,'2025-10-24','assf',200.00,'SILVER1234','Mando de juego,Cable HDMI,Memoria,Cable AC',16),('CGI2-16',5,'',1,0,'2025-10-24','',312.80,'K1','Mando de juego,Cable HDMI,Memoria,Cable AC',17),('CGI2-17',5,'',1,0,'2025-10-24','',312.80,'K2','Mando de juego,Cable HDMI,Memoria,Cable AC,Adaptador',18),('CGI2-18',5,'',2,0,'2025-10-24','AAA',312.80,'K3','Mando de juego,Cable HDMI,Memoria,Cable AC',19),('CGI2-19',5,'',2,0,'2025-10-24','TT',312.80,'K4','Mando de juego,Cable HDMI,Memoria,Cable AC,H4',20),('CGI2-20',5,'',2,0,'2025-10-24','TTK',312.80,'K5','Mando de juego,Cable HDMI,Memoria,Cable AC,M',21),('CGI2-21',5,'Lorem ipsum dolor sit amet, consectetuer adipiscing elit. Aenean commodo ligula eget dolor. Aenean m',1,0,'2025-10-29','Lorem ipsum dolor sit amet, consectetuer adipiscing elit. Aenean commodo ligula eget dolor. Aenean massa. Cum sociis natoque penatibus et magnis dis parturient montes, nascetur ridiculus mus. Donec quam felis, ultricies nec, pellentesque eu, pretium quis, sem. Nulla consequat massa quis enim. Donec pede justo, fringilla vel, aliquet nec, vulputate eget, arcu. In enim justo, rhoncus ut, imperdiet a, venenatis vitae, justo. Nullam dictum felis eu pede mollis pretium. Integer tincidunt. Cras dapibus. Vivamus elementum semper nisi. Aenean vulputate eleifend tellus. Aenean leo ligula, porttitor eu, consequat vitae, eleifend ac, enim. Aliquam lorem ante, dapibus in, viverra quis, feugiat a, tellus. Phasellus viverra nulla ut metus varius laoreet. Quisque rutrum. Aenean imperdiet. Etiam ultricies nisi vel augue. Curabitur ullamcorper ultricies nisi. Nam eget dui. Etiam rhoncus. Maecenas tempus, tellus eget condimentum rhoncus, sem quam semper libero, sit amet adipiscing sem neque sed ipsum. Nam quam nunc, blandit vel, luctus pulvinar, hendrerit id, lorem. Maecenas nec odio et ante tincidunt tempus. Donec vitae sapien ut libero venenatis faucibus. Nullam quis ante. Etiam sit amet orci eget eros faucibus tincidunt. Duis leo. Sed fringilla mauris sit amet nibh. Donec sodales sagittis magna. Sed consequat, leo eget bibendum sodales, augue velit cursus nunc, quis gravida magna mi a libero. Fusce vulputate eleifend sapien. Vestibulum purus quam, scelerisque ut, mollis sed, nonummy id, metus. Nullam accumsan lorem in dui. Cras ultricies mi eu turpis hendrerit fringilla. Vestibulum ante ipsum primis in faucibus orci luctus et ultrices posuere cubilia Curae; In ac dui quis mi consectetuer lacinia. Nam pretium turpis et arcu. Duis arcu tortor, suscipit eget, imperdiet nec, imperdiet iaculis, ipsum. Sed aliquam ultrices mauris. Integer ante arcu, accumsan a, consectetuer eget, posuere ut, mauris. Praesent adipiscing. Phasellus ullamcorper ipsum rutrum nunc. Nunc nonummy metus. Vestibulum volutpat pretium libero. Cras id dui. Aenean ut eros et nisl sagittis vestibulum. Nullam nulla eros, ultricies sit amet, nonummy id, imperdiet feugiat, pede. Sed lectus. Donec mollis hendrerit risus. Phasellus nec sem in justo pellentesque facilisis. Etiam imperdiet imperdiet orci. Nunc nec neque. Phasellus leo dolor, tempus non, auctor et, hendrerit quis, nisi. Curabitur ligula sapien, tincidunt non, euismod vitae, posuere imperdiet, leo. Maecenas malesuada. Praesent congue erat at massa. Sed cursus turpis vitae tortor. Donec posuere vulputate arcu. Phasellus accumsan cursus velit. Vestibulum ante ipsum primis in faucibus orci luctus et ultrices posuere cubilia Curae; Sed aliquam, nisi quis porttitor congue, elit erat euismod orci, ac placerat dolor lectus quis orci. Phasellus consectetuer vestibulum elit. Aenean tellus metus, bibendum sed, posuere ac, mattis non, nunc. Vestibulum fringilla pede sit amet augue. In turpis. Pellentesque posuere. Praesent turpis. Aenean posuere, tortor sed cursus feugiat, nunc augue blandit nunc, eu sollicitudin urna dolor sagittis lacus. Donec elit libero, sodales nec, volutpat a, suscipit non, turpis. Nullam sagittis. Suspendisse pulvinar, augue ac venenatis condimentum, sem libero volutpat nibh, nec pellentesque velit pede quis nunc. Vestibulum ante ipsum primis in faucibus orci luctus et ultrices posuere cubilia Curae; Fusce id purus. Ut varius tincidunt libero. Phasellus dolor. Maecenas vestibulum mollis diam. Pellentesque ut neque. Pellentesque habitant morbi tristique senectus et netus et malesuada fames ac turpis egestas. In dui magna, posuere eget, vestibulum et, tempor auctor, justo. In ac felis quis tortor malesuada pretium. Pellentesque auctor neque nec urna. Proin sapien ipsum, porta a, auctor quis, euismod ut, mi. Aenean viverra rhoncus pede. Pellentesque habitant morbi tristique senectus et netus et malesuada fames ac turpis egestas. Ut non enim eleifend felis pretium feugiat. Vivamus quis mi. Phasellus a est. Phasellus magna. In hac habitasse platea dictumst. Curabitur at lacus ac velit ornare lobortis. Curabitur a felis in nunc fringilla tristique. Morbi mattis ullamcorper velit. Phasellus gravida semper nisi. Nullam vel sem. Pellentesque libero tortor, tincidunt et, tincidunt eget, semper nec, quam. Sed hendrerit. Morbi ac felis. Nunc egestas, augue at pellentesque laoreet, felis eros vehicula leo, at malesuada velit leo quis pede. Donec interdum, metus et hendrerit aliquet, dolor diam sagittis ligula, eget egestas libero turpis vel mi. Nunc nulla. Fusce risus nisl, viverra et, tempor et, pretium in, sapien. Donec venenatis vulputate lorem. Morbi nec metus. Phasellus blandit leo ut odio. Maecenas ullamcorper, dui et placerat feugiat, eros pede varius nisi, condimentum viverra felis nunc et lorem. Sed magna purus, fermentum eu, tincidunt eu, varius ut, felis. In auctor lobortis lacus. Quisque libero metus, condimentum nec, tempor a, commodo mollis, magna. Vestibulum ullamcorper mauris at ligula. Fusce fermentum. Nullam cursus lacinia erat. Praesent blandit laoreet nibh. Fusce convallis metus id felis luctus adipiscing. Pellentesque egestas, neque sit amet convallis pulvinar, justo nulla eleifend augue, ac auctor orci leo non est. Quisque id mi. Ut tincidunt tincidunt erat. Etiam feugiat lorem non metus. Vestibulum dapibus nunc ac augue. Curabitur vestibulum aliquam leo. Praesent egestas neque eu enim. In hac habitasse platea dictumst. Fusce a quam. Etiam ut purus mattis mauris sodales aliquam. Curabitur nisi. Quisque malesuada placerat nisl. Nam ipsum risus, rutrum vitae, vestibulum eu, molestie vel, lacus. Sed augue ipsum, egestas nec, vestibulum et, malesuada adipiscing, dui. Vestibulum facilisis, purus nec pulvinar iaculis, ligula mi congue nunc, vitae euismod ligula urna in dolor. Mauris sollicitudin fermentum libero. Praesent nonummy mi in odio. Nunc interdum lacus sit amet orci. Vestibulum rutrum, mi nec elementum vehicula, eros quam gravida nisl, id fringilla neque ante vel mi. Morbi mollis tellus ac sapien. Phasellus volutpat, metus eget egestas mollis, lacus lacus blandit dui, id egestas quam mauris ut lacus. Fusce vel dui. Sed in libero ut nibh placerat accumsan. Proin faucibus arcu quis ante. In consectetuer turpis ut velit. Nulla sit amet est. Praesent metus tellus, elementum eu, semper a, adipiscing nec, purus. Cras risus ipsum, faucibus ut, ullamcorper id, varius ac, leo. Suspendisse feugiat. Suspendisse enim turpis, dictum sed, iaculis a, condimentum nec, nisi. Praesent nec nisl a purus blandit viverra. Praesent ac massa at ligula laoreet iaculis. Nulla neque dolor, sagittis eget, iaculis quis, molestie non, velit. Mauris turpis nunc, blandit et, volutpat molestie, porta ut, ligula. Fusce pharetra convallis urna. Quisque ut nisi. Donec mi odio, faucibus at, scelerisque quis, convallis in, nisi. Suspendisse non nisl sit amet velit hendrerit rutrum. Ut leo. Ut a nisl id ante tempus hendrerit. Proin pretium, leo ac pellentesque mollis, felis nunc ultrices eros, sed gravida augue augue mollis justo. Suspendisse eu ligula. Nulla facilisi. Donec id justo. Praesent porttitor, nulla vitae posuere iaculis, arcu nisl dignissim dolor, a pretium mi sem ut ipsum. Curabitur suscipit suscipit tellus. Praesent vestibulum dapibus nibh. Etiam iaculis nunc ac metus. Ut id nisl quis enim dignissim sagittis. Etiam sollicitudin, ipsum eu pulvinar rutrum, tellus ipsum laoreet sapien, quis venenatis ante odio sit amet eros. Proin magna. Duis vel nibh at velit scelerisque suscipit. Curabitur turpis. Vestibulum suscipit nulla quis orci. Fusce ac felis sit amet ligula pharetra condimentum. Maecenas egestas arcu quis ligula mattis placerat. Duis lobortis massa imperdiet quam. Suspendisse potenti. Pellentesque commodo eros a enim. Vestibulum turpis sem, aliquet eget, lobortis pellentesque, rutrum eu, nisl. Sed libero. Aliquam erat volutpat. Etiam vitae tortor. Morbi vestibulum volutpat enim. Aliquam eu nunc. Nunc sed turpis. Sed mollis, eros et ultrices tempus, mauris ipsum aliquam libero, non adipiscing dolor urna a orci. Nulla porta dolor. Class aptent taciti sociosqu ad litora torquent per conubia nostra, per inceptos hymenaeos. Pellentesque dapibus hendrerit tortor. Praesent egestas tristique nibh. Sed a libero. Cras varius. Donec vitae orci sed dolor rutrum auctor. Fusce egestas elit eget lorem. Suspendisse nisl elit, rhoncus eget, elementum ac, condimentum eget, diam. Nam at tortor in tellus interdum sagittis. Aliquam lobortis. Donec orci lectus, aliquam ut, faucibus non, euismod id, nulla. Curabitur blandit mollis lacus. Nam adipiscing. Vestibulum eu odio. Vivamus laoreet. Nullam tincidunt adipiscing enim. Phasellus tempus. Proin viverra, ligula sit amet ultrices semper, ligula arcu tristique sapien, a accumsan nisi mauris ac eros. Fusce neque. Suspendisse faucibus, nunc et pellentesque egestas, lacus ante convallis tellus, vitae iaculis lacus elit id tortor. Vivamus aliquet elit ac nisl. Fusce fermentum odio nec arcu. Vivamus euismod mauris. In ut quam vitae odio lacinia tincidunt. Praesent ut ligula non mi varius sagittis. Cras sagittis. Praesent ac sem eget est egestas volutpat. Vivamus consectetuer hendrerit lacus. Cras non dolor. Vivamus in erat ut urna cursus vestibulum. Fusce commodo aliquam arcu. Nam commodo suscipit quam. Quisque id odio. Praesent venenatis metus at tortor pulvinar varius. Lorem ipsum dolor sit amet, consectetuer adipiscing elit. Aenean commodo ligula eget dolor. Aenean massa. Cum sociis natoque penatibus et magnis dis parturient montes, nascetur ridiculus mus. Donec quam felis, ultricies nec, pellentesque eu, pretium quis, sem. Nulla consequat massa quis enim. Donec pede justo, fringilla vel, aliquet nec, vulputate eget, arcu. In enim justo, rhoncus ut, imperdiet a, venenatis vitae, justo. Nullam dictum felis eu pede mollis pretium. Integer tincidunt. Cras dapibus. Vivamus elementum semper nisi. Aenean vulputate eleifend tellus. Aenean leo ligula, porttitor eu, consequat vite',2654.90,'Lorem ipsum dolor sit amet, consectetuer adipiscing elit. Aenean commodo ligula eget dolor. Aenean m','Mando de juego,Cable HDMI,Memoria,Cable AC',22),('CGSO-25',2,'',11,0,'2025-11-01','Lorem ipsum dolor sit amet, consectetuer adipiscing elit. Aenean commodo ligula eget dolor. Aenean massa. Cum sociis natoque penatibus et magnis dis parturient montes, nascetur ridiculus mus. Donec quam felis, ultricies nec, pellentesque eu, pretium quis, sem. Nulla consequat massa quis enim. Donec pede justo, fringilla vel, aliquet nec, vulputate eget, arcu. In enim justo, rhoncus ut, imperdiet a, venenatis vitae, justo. Nullam dictum felis eu pede mollis pretium. Integer tincidunt. Cras dapibus. Vivamus elementum semper nisi. Aenean vulputate eleifend tellus. Aenean leo ligula, porttitor eu, consequat vitae, eleifend ac, enim. Aliquam lorem ante, dapibus in, viverra quis, feugiat a, tellus. Phasellus viverra nulla ut metus varius laoreet. Quisque rutrum. Aenean imperdiet. Etiam ultricies nisi vel augue. Curabitur ullamcorper ultricies nisi. Nam eget dui. Etiam rhoncus. Maecenas tempus, tellus eget condimentum rhoncus, sem quam semper libero, sit amet adipiscing sem neque sed ipsum. Nam quam nunc, blandit vel, luctus pulvinar, hendrerit id, lorem. Maecenas nec odio et ante tincidunt tempus. Donec vitae sapien ut libero venenatis faucibus. Nullam quis ante. Etiam sit amet orci eget eros faucibus tincidunt. Duis leo. Sed fringilla mauris sit amet nibh. Donec sodales sagittis magna. Sed consequat, leo eget bibendum sodales, augue velit cursus nunc, quis gravida magna mi a libero. Fusce vulputate eleifend sapien. Vestibulum purus quam, scelerisque ut, mollis sed, nonummy id, metus. Nullam accumsan lorem in dui. Cras ultricies mi eu turpis hendrerit fringilla. Vestibulum ante ipsum primis in faucibus orci luctus et ultrices posuere cubilia Curae; In ac dui quis mi consectetuer lacinia. Nam pretium turpis et arcu. Duis arcu tortor, suscipit eget, imperdiet nec, imperdiet iaculis, ipsum. Sed aliquam ultrices mauris. Integer ante arcu, accumsan a, consectetuer eget, posuere ut, mauris. Praesent adipiscing. Phasellus ullamcorper ipsum rutrum nunc. Nunc nonummy metus. Vestibulum volutpat pretium libero. Cras id dui. Aenean ut eros et nisl sagittis vestibulum. Nullam nulla eros, ultricies sit amet, nonummy id, imperdiet feugiat, pede. Sed lectus. Donec mollis hendrerit risus. Phasellus nec sem in justo pellentesque facilisis. Etiam imperdiet imperdiet orci. Nunc nec neque. Phasellus leo dolor, tempus non, auctor et, hendrerit quis, nisi. Curabitur ligula sapien, tincidunt non, euismod vitae, posuere imperdiet, leo. Maecenas malesuada. Praesent congue erat at massa. Sed cursus turpis vitae tortor. Donec posuere vulputate arcu. Phasellus accumsan cursus velit. Vestibulum ante ipsum primis in faucibus orci luctus et ultrices posuere cubilia Curae; Sed aliquam, nisi quis porttitor congue, elit erat euismod orci, ac placerat dolor lectus quis orci. Phasellus consectetuer vestibulum elit. Aenean tellus metus, bibendum sed, posuere ac, mattis non, nunc. Vestibulum fringilla pede sit amet augue. In turpis. Pellentesque posuere. Praesent turpis. Aenean posuere, tortor sed cursus feugiat, nunc augue blandit nunc, eu sollicitudin urna dolor sagittis lacus. Donec elit libero, sodales nec, volutpat a, suscipit non, turpis. Nullam sagittis. Suspendisse pulvinar, augue ac venenatis condimentum, sem libero volutpat nibh, nec pellentesque velit pede quis nunc. Vestibulum ante ipsum primis in faucibus orci luctus et ultrices posuere cubilia Curae; Fusce id purus. Ut varius tincidunt libero. Phasellus dolor. Maecenas vestibulum mollis diam. Pellentesque ut neque. Pellentesque habitant morbi tristique senectus et netus et malesuada fames ac turpis egestas. In dui magna, posuere eget, vestibulum et, tempor auctor, justo. In ac felis quis tortor malesuada pretium. Pellentesque auctor neque nec urna. Proin sapien ipsum, porta a, auctor quis, euismod ut, mi. Aenean viverra rhoncus pede. Pellentesque habitant morbi tristique senectus et netus et malesuada fames ac turpis egestas. Ut non enim eleifend felis pretium feugiat. Vivamus quis mi. Phasellus a est. Phasellus magna. In hac habitasse platea dictumst. Curabitur at lacus ac velit ornare lobortis. Curabitur a felis in nunc fringilla tristique. Morbi mattis ullamcorper velit. Phasellus gravida semper nisi. Nullam vel sem. Pellentesque libero tortor, tincidunt et, tincidunt eget, semper nec, quam. Sed hendrerit. Morbi ac felis. Nunc egestas, augue at pellentesque laoreet, felis eros vehicula leo, at malesuada velit leo quis pede. Donec interdum, metus et hendrerit aliquet, dolor diam sagittis ligula, eget egestas libero turpis vel mi. Nunc nulla. Fusce risus nisl, viverra et, tempor et, pretium in, sapien. Donec venenatis vulputate lorem. Morbi nec metus. Phasellus blandit leo ut odio. Maecenas ullamcorper, dui et placerat feugiat, eros pede varius nisi, condimentum viverra felis nunc et lorem. Sed magna purus, fermentum eu, tincidunt eu, varius ut, felis. In auctor lobortis lacus. Quisque libero metus, condimentum nec, tempor a, commodo mollis, magna. Vestibulum ullamcorper mauris at ligula. Fusce fermentum. Nullam cursus lacinia erat. Praesent blandit laoreet nibh. Fusce convallis metus id felis luctus adipiscing. Pellentesque egestas, neque sit amet convallis pulvinar, justo nulla eleifend augue, ac auctor orci leo non est. Quisque id mi. Ut tincidunt tincidunt erat. Etiam feugiat lorem non metus. Vestibulum dapibus nunc ac augue. Curabitur vestibulum aliquam leo. Praesent egestas neque eu enim. In hac habitasse platea dictumst. Fusce a quam. Etiam ut purus mattis mauris sodales aliquam. Curabitur nisi. Quisque malesuada placerat nisl. Nam ipsum risus, rutrum vitae, vestibulum eu, molestie vel, lacus. Sed augue ipsum, egestas nec, vestibulum et, malesuada adipiscing, dui. Vestibulum facilisis, purus nec pulvinar iaculis, ligula mi congue nunc, vitae euismod ligula urna in dolor. Mauris sollicitudin fermentum libero. Praesent nonummy mi in odio. Nunc interdum lacus sit amet orci. Vestibulum rutrum, mi nec elementum vehicula, eros quam gravida nisl, id fringilla neque ante vel mi. Morbi mollis tellus ac sapien. Phasellus volutpat, metus eget egestas mollis, lacus lacus blandit dui, id egestas quam mauris ut lacus. Fusce vel dui. Sed in libero ut nibh placerat accumsan. Proin faucibus arcu quis ante. In consectetuer turpis ut velit. Nulla sit amet est. Praesent metus tellus, elementum eu, semper a, adipiscing nec, purus. Cras risus ipsum, faucibus ut, ullamcorper id, varius ac, leo. Suspendisse feugiat. Suspendisse enim turpis, dictum sed, iaculis a, condimentum nec, nisi. Praesent nec nisl a purus blandit viverra. Praesent ac massa at ligula laoreet iaculis. Nulla neque dolor, sagittis eget, iaculis quis, molestie non, velit. Mauris turpis nunc, blandit et, volutpat molestie, porta ut, ligula. Fusce pharetra convallis urna. Quisque ut nisi. Donec mi odio, faucibus at, scelerisque quis, convallis in, nisi. Suspendisse non nisl sit amet velit hendrerit rutrum. Ut leo. Ut a nisl id ante tempus hendrerit. Proin pretium, leo ac pellentesque mollis, felis nunc ultrices eros, sed gravida augue augue mollis justo. Suspendisse eu ligula. Nulla facilisi. Donec id justo. Praesent porttitor, nulla vitae posuere iaculis, arcu nisl dignissim dolor, a pretium mi sem ut ipsum. Curabitur suscipit suscipit tellus. Praesent vestibulum dapibus nibh. Etiam iaculis nunc ac metus. Ut id nisl quis enim dignissim sagittis. Etiam sollicitudin, ipsum eu pulvinar rutrum, tellus ipsum laoreet sapien, quis venenatis ante odio sit amet eros. Proin magna. Duis vel nibh at velit scelerisque suscipit. Curabitur turpis. Vestibulum suscipit nulla quis orci. Fusce ac felis sit amet ligula pharetra condimentum. Maecenas egestas arcu quis ligula mattis placerat. Duis lobortis massa imperdiet quam. Suspendisse potenti. Pellentesque commodo eros a enim. Vestibulum turpis sem, aliquet eget, lobortis pellentesque, rutrum eu, nisl. Sed libero. Aliquam erat volutpat. Etiam vitae tortor. Morbi vestibulum volutpat enim. Aliquam eu nunc. Nunc sed turpis. Sed mollis, eros et ultrices tempus, mauris ipsum aliquam libero, non adipiscing dolor urna a orci. Nulla porta dolor. Class aptent taciti sociosqu ad litora torquent per conubia nostra, per inceptos hymenaeos. Pellentesque dapibus hendrerit tortor. Praesent egestas tristique nibh. Sed a libero. Cras varius. Donec vitae orci sed dolor rutrum auctor. Fusce egestas elit eget lorem. Suspendisse nisl elit, rhoncus eget, elementum ac, condimentum eget, diam. Nam at tortor in tellus interdum sagittis. Aliquam lobortis. Donec orci lectus, aliquam ut, faucibus non, euismod id, nulla. Curabitur blandit mollis lacus. Nam adipiscing. Vestibulum eu odio. Vivamus laoreet. Nullam tincidunt adipiscing enim. Phasellus tempus. Proin viverra, ligula sit amet ultrices semper, ligula arcu tristique sapien, a accumsan nisi mauris ac eros. Fusce neque. Suspendisse faucibus, nunc et pellentesque egestas, lacus ante convallis tellus, vitae iaculis lacus elit id tortor. Vivamus aliquet elit ac nisl. Fusce fermentum odio nec arcu. Vivamus euismod mauris. In ut quam vitae odio lacinia tincidunt. Praesent ut ligula non mi varius sagittis. Cras sagittis. Praesent ac sem eget est egestas volutpat. Vivamus consectetuer hendrerit lacus. Cras non dolor. Vivamus in erat ut urna cursus vestibulum. Fusce commodo aliquam arcu. Nam commodo suscipit quam. Quisque id odio. Praesent venenatis metus at tortor pulvinar varius. Lorem ipsum dolor sit amet, consectetuer adipiscing elit. Aenean commodo ligula eget dolor. Aenean massa. Cum sociis natoque penatibus et magnis dis parturient montes, nascetur ridiculus mus. Donec quam felis, ultricies nec, pellentesque eu, pretium quis, sem. Nulla consequat massa quis enim. Donec pede justo, fringilla vel, aliquet nec, vulputate eget, arcu. In enim justo, rhoncus ut, imperdiet a, venenatis vitae, justo. Nullam dictum felis eu pede mollis pretium. Integer tincidunt. Cras dapibus. Vivamus elementum semper nisi. Aenean vulputate eleifend tellus. Aenean leo ligula, porttitor eu, consequat vita',107.50,'GO1','Cable AC,Cable HDMI,Mando de juego,Memoria',26),('CGSO-26',2,'',8,0,'2025-11-01','',107.50,'GO2','Cable AC,Cable HDMI,Mando de juego,Memoria',27),('CGSO-27',2,'',2,0,'2025-11-01','Lorem ipsum dolor sit amet, consectetuer adipiscing elit. Aenean commodo ligula eget dolor. Aenean massa. Cum sociis natoque penatibus et magnis dis parturient montes, nascetur ridiculus mus. Donec quam felis, ultricies nec, pellentesque eu, pretium quis, sem. Nulla consequat massa quis enim. Donec pede justo, fringilla vel, aliquet nec, vulputate eget, arcu. In enim justo, rhoncus ut, imperdiet a, venenatis vitae, justo. Nullam dictum felis eu pede mollis pretium. Integer tincidunt. Cras dapibus. Vivamus elementum semper nisi. Aenean vulputate eleifend tellus. Aenean leo ligula, porttitor eu, consequat vitae, eleifend ac, enim. Aliquam lorem ante, dapibus in, viverra quis, feugiat a, tellus. Phasellus viverra nulla ut metus varius laoreet. Quisque rutrum. Aenean imperdiet. Etiam ultricies nisi vel augue. Curabitur ullamcorper ultricies nisi. Nam eget dui. Etiam rhoncus. Maecenas tempus, tellus eget condimentum rhoncus, sem quam semper libero, sit amet adipiscing sem neque sed ipsum. Nam quam nunc, blandit vel, luctus pulvinar, hendrerit id, lorem. Maecenas nec odio et ante tincidunt tempus. Donec vitae sapien ut libero venenatis faucibus. Nullam quis ante. Etiam sit amet orci eget eros faucibus tincidunt. Duis leo. Sed fringilla mauris sit amet nibh. Donec sodales sagittis magna. Sed consequat, leo eget bibendum sodales, augue velit cursus nunc, quis gravida magna mi a libero. Fusce vulputate eleifend sapien. Vestibulum purus quam, scelerisque ut, mollis sed, nonummy id, metus. Nullam accumsan lorem in dui. Cras ultricies mi eu turpis hendrerit fringilla. Vestibulum ante ipsum primis in faucibus orci luctus et ultrices posuere cubilia Curae; In ac dui quis mi consectetuer lacinia. Nam pretium turpis et arcu. Duis arcu tortor, suscipit eget, imperdiet nec, imperdiet iaculis, ipsum. Sed aliquam ultrices mauris. Integer ante arcu, accumsan a, consectetuer eget, posuere ut, mauris. Praesent adipiscing. Phasellus ullamcorper ipsum rutrum nunc. Nunc nonummy metus. Vestibulum volutpat pretium libero. Cras id dui. Aenean ut eros et nisl sagittis vestibulum. Nullam nulla eros, ultricies sit amet, nonummy id, imperdiet feugiat, pede. Sed lectus. Donec mollis hendrerit risus. Phasellus nec sem in justo pellentesque facilisis. Etiam imperdiet imperdiet orci. Nunc nec neque. Phasellus leo dolor, tempus non, auctor et, hendrerit quis, nisi. Curabitur ligula sapien, tincidunt non, euismod vitae, posuere imperdiet, leo. Maecenas malesuada. Praesent congue erat at massa. Sed cursus turpis vitae tortor. Donec posuere vulputate arcu. Phasellus accumsan cursus velit. Vestibulum ante ipsum primis in faucibus orci luctus et ultrices posuere cubilia Curae; Sed aliquam, nisi quis porttitor congue, elit erat euismod orci, ac placerat dolor lectus quis orci. Phasellus consectetuer vestibulum elit. Aenean tellus metus, bibendum sed, posuere ac, mattis non, nunc. Vestibulum fringilla pede sit amet augue. In turpis. Pellentesque posuere. Praesent turpis. Aenean posuere, tortor sed cursus feugiat, nunc augue blandit nunc, eu sollicitudin urna dolor sagittis lacus. Donec elit libero, sodales nec, volutpat a, suscipit non, turpis. Nullam sagittis. Suspendisse pulvinar, augue ac venenatis condimentum, sem libero volutpat nibh, nec pellentesque velit pede quis nunc. Vestibulum ante ipsum primis in faucibus orci luctus et ultrices posuere cubilia Curae; Fusce id purus. Ut varius tincidunt libero. Phasellus dolor. Maecenas vestibulum mollis diam. Pellentesque ut neque. Pellentesque habitant morbi tristique senectus et netus et malesuada fames ac turpis egestas. In dui magna, posuere eget, vestibulum et, tempor auctor, justo. In ac felis quis tortor malesuada pretium. Pellentesque auctor neque nec urna. Proin sapien ipsum, porta a, auctor quis, euismod ut, mi. Aenean viverra rhoncus pede. Pellentesque habitant morbi tristique senectus et netus et malesuada fames ac turpis egestas. Ut non enim eleifend felis pretium feugiat. Vivamus quis mi. Phasellus a est. Phasellus magna. In hac habitasse platea dictumst. Curabitur at lacus ac velit ornare lobortis. Curabitur a felis in nunc fringilla tristique. Morbi mattis ullamcorper velit. Phasellus gravida semper nisi. Nullam vel sem. Pellentesque libero tortor, tincidunt et, tincidunt eget, semper nec, quam. Sed hendrerit. Morbi ac felis. Nunc egestas, augue at pellentesque laoreet, felis eros vehicula leo, at malesuada velit leo quis pede. Donec interdum, metus et hendrerit aliquet, dolor diam sagittis ligula, eget egestas libero turpis vel mi. Nunc nulla. Fusce risus nisl, viverra et, tempor et, pretium in, sapien. Donec venenatis vulputate lorem. Morbi nec metus. Phasellus blandit leo ut odio. Maecenas ullamcorper, dui et placerat feugiat, eros pede varius nisi, condimentum viverra felis nunc et lorem. Sed magna purus, fermentum eu, tincidunt eu, varius ut, felis. In auctor lobortis lacus. Quisque libero metus, condimentum nec, tempor a, commodo mollis, magna. Vestibulum ullamcorper mauris at ligula. Fusce fermentum. Nullam cursus lacinia erat. Praesent blandit laoreet nibh. Fusce convallis metus id felis luctus adipiscing. Pellentesque egestas, neque sit amet convallis pulvinar, justo nulla eleifend augue, ac auctor orci leo non est. Quisque id mi. Ut tincidunt tincidunt erat. Etiam feugiat lorem non metus. Vestibulum dapibus nunc ac augue. Curabitur vestibulum aliquam leo. Praesent egestas neque eu enim. In hac habitasse platea dictumst. Fusce a quam. Etiam ut purus mattis mauris sodales aliquam. Curabitur nisi. Quisque malesuada placerat nisl. Nam ipsum risus, rutrum vitae, vestibulum eu, molestie vel, lacus. Sed augue ipsum, egestas nec, vestibulum et, malesuada adipiscing, dui. Vestibulum facilisis, purus nec pulvinar iaculis, ligula mi congue nunc, vitae euismod ligula urna in dolor. Mauris sollicitudin fermentum libero. Praesent nonummy mi in odio. Nunc interdum lacus sit amet orci. Vestibulum rutrum, mi nec elementum vehicula, eros quam gravida nisl, id fringilla neque ante vel mi. Morbi mollis tellus ac sapien. Phasellus volutpat, metus eget egestas mollis, lacus lacus blandit dui, id egestas quam mauris ut lacus. Fusce vel dui. Sed in libero ut nibh placerat accumsan. Proin faucibus arcu quis ante. In consectetuer turpis ut velit. Nulla sit amet est. Praesent metus tellus, elementum eu, semper a, adipiscing nec, purus. Cras risus ipsum, faucibus ut, ullamcorper id, varius ac, leo. Suspendisse feugiat. Suspendisse enim turpis, dictum sed, iaculis a, condimentum nec, nisi. Praesent nec nisl a purus blandit viverra. Praesent ac massa at ligula laoreet iaculis. Nulla neque dolor, sagittis eget, iaculis quis, molestie non, velit. Mauris turpis nunc, blandit et, volutpat molestie, porta ut, ligula. Fusce pharetra convallis urna. Quisque ut nisi. Donec mi odio, faucibus at, scelerisque quis, convallis in, nisi. Suspendisse non nisl sit amet velit hendrerit rutrum. Ut leo. Ut a nisl id ante tempus hendrerit. Proin pretium, leo ac pellentesque mollis, felis nunc ultrices eros, sed gravida augue augue mollis justo. Suspendisse eu ligula. Nulla facilisi. Donec id justo. Praesent porttitor, nulla vitae posuere iaculis, arcu nisl dignissim dolor, a pretium mi sem ut ipsum. Curabitur suscipit suscipit tellus. Praesent vestibulum dapibus nibh. Etiam iaculis nunc ac metus. Ut id nisl quis enim dignissim sagittis. Etiam sollicitudin, ipsum eu pulvinar rutrum, tellus ipsum laoreet sapien, quis venenatis ante odio sit amet eros. Proin magna. Duis vel nibh at velit scelerisque suscipit. Curabitur turpis. Vestibulum suscipit nulla quis orci. Fusce ac felis sit amet ligula pharetra condimentum. Maecenas egestas arcu quis ligula mattis placerat. Duis lobortis massa imperdiet quam. Suspendisse potenti. Pellentesque commodo eros a enim. Vestibulum turpis sem, aliquet eget, lobortis pellentesque, rutrum eu, nisl. Sed libero. Aliquam erat volutpat. Etiam vitae tortor. Morbi vestibulum volutpat enim. Aliquam eu nunc. Nunc sed turpis. Sed mollis, eros et ultrices tempus, mauris ipsum aliquam libero, non adipiscing dolor urna a orci. Nulla porta dolor. Class aptent taciti sociosqu ad litora torquent per conubia nostra, per inceptos hymenaeos. Pellentesque dapibus hendrerit tortor. Praesent egestas tristique nibh. Sed a libero. Cras varius. Donec vitae orci sed dolor rutrum auctor. Fusce egestas elit eget lorem. Suspendisse nisl elit, rhoncus eget, elementum ac, condimentum eget, diam. Nam at tortor in tellus interdum sagittis. Aliquam lobortis. Donec orci lectus, aliquam ut, faucibus non, euismod id, nulla. Curabitur blandit mollis lacus. Nam adipiscing. Vestibulum eu odio. Vivamus laoreet. Nullam tincidunt adipiscing enim. Phasellus tempus. Proin viverra, ligula sit amet ultrices semper, ligula arcu tristique sapien, a accumsan nisi mauris ac eros. Fusce neque. Suspendisse faucibus, nunc et pellentesque egestas, lacus ante convallis tellus, vitae iaculis lacus elit id tortor. Vivamus aliquet elit ac nisl. Fusce fermentum odio nec arcu. Vivamus euismod mauris. In ut quam vitae odio lacinia tincidunt. Praesent ut ligula non mi varius sagittis. Cras sagittis. Praesent ac sem eget est egestas volutpat. Vivamus consectetuer hendrerit lacus. Cras non dolor. Vivamus in erat ut urna cursus vestibulum. Fusce commodo aliquam arcu. Nam commodo suscipit quam. Quisque id odio. Praesent venenatis metus at tortor pulvinar varius. Lorem ipsum dolor sit amet, consectetuer adipiscing elit. Aenean commodo ligula eget dolor. Aenean massa. Cum sociis natoque penatibus et magnis dis parturient montes, nascetur ridiculus mus. Donec quam felis, ultricies nec, pellentesque eu, pretium quis, sem. Nulla consequat massa quis enim. Donec pede justo, fringilla vel, aliquet nec, vulputate eget, arcu. In enim justo, rhoncus ut, imperdiet a, venenatis vitae, justo. Nullam dictum felis eu pede mollis pretium. Integer tincidunt. Cras dapibus. Vivamus elementum semper nisi. Aenean vulputate eleifend tellus. Aenean leo ligula, porttitor eu, consequat vita',107.50,'GO1','Cable AC,Cable HDMI,Mando de juego,Memoria',28),('CGSO-28',2,'',6,0,'2025-11-01','',107.50,'GO2','Cable AC,Cable HDMI,Mando de juego,Memoria',29),('CGSO-29',2,'',8,0,'2025-11-01','Lorem ipsum dolor sit amet, consectetuer adipiscing elit. Aenean commodo ligula eget dolor. Aenean massa. Cum sociis natoque penatibus et magnis dis parturient montes, nascetur ridiculus mus. Donec quam felis, ultricies nec, pellentesque eu, pretium quis, sem. Nulla consequat massa quis enim. Donec pede justo, fringilla vel, aliquet nec, vulputate eget, arcu. In enim justo, rhoncus ut, imperdiet a, venenatis vitae, justo. Nullam dictum felis eu pede mollis pretium. Integer tincidunt. Cras dapibus. Vivamus elementum semper nisi. Aenean vulputate eleifend tellus. Aenean leo ligula, porttitor eu, consequat vitae, eleifend ac, enim. Aliquam lorem ante, dapibus in, viverra quis, feugiat a, tellus. Phasellus viverra nulla ut metus varius laoreet. Quisque rutrum. Aenean imperdiet. Etiam ultricies nisi vel augue. Curabitur ullamcorper ultricies nisi. Nam eget dui. Etiam rhoncus. Maecenas tempus, tellus eget condimentum rhoncus, sem quam semper libero, sit amet adipiscing sem neque sed ipsum. Nam quam nunc, blandit vel, luctus pulvinar, hendrerit id, lorem. Maecenas nec odio et ante tincidunt tempus. Donec vitae sapien ut libero venenatis faucibus. Nullam quis ante. Etiam sit amet orci eget eros faucibus tincidunt. Duis leo. Sed fringilla mauris sit amet nibh. Donec sodales sagittis magna. Sed consequat, leo eget bibendum sodales, augue velit cursus nunc, quis gravida magna mi a libero. Fusce vulputate eleifend sapien. Vestibulum purus quam, scelerisque ut, mollis sed, nonummy id, metus. Nullam accumsan lorem in dui. Cras ultricies mi eu turpis hendrerit fringilla. Vestibulum ante ipsum primis in faucibus orci luctus et ultrices posuere cubilia Curae; In ac dui quis mi consectetuer lacinia. Nam pretium turpis et arcu. Duis arcu tortor, suscipit eget, imperdiet nec, imperdiet iaculis, ipsum. Sed aliquam ultrices mauris. Integer ante arcu, accumsan a, consectetuer eget, posuere ut, mauris. Praesent adipiscing. Phasellus ullamcorper ipsum rutrum nunc. Nunc nonummy metus. Vestibulum volutpat pretium libero. Cras id dui. Aenean ut eros et nisl sagittis vestibulum. Nullam nulla eros, ultricies sit amet, nonummy id, imperdiet feugiat, pede. Sed lectus. Donec mollis hendrerit risus. Phasellus nec sem in justo pellentesque facilisis. Etiam imperdiet imperdiet orci. Nunc nec neque. Phasellus leo dolor, tempus non, auctor et, hendrerit quis, nisi. Curabitur ligula sapien, tincidunt non, euismod vitae, posuere imperdiet, leo. Maecenas malesuada. Praesent congue erat at massa. Sed cursus turpis vitae tortor. Donec posuere vulputate arcu. Phasellus accumsan cursus velit. Vestibulum ante ipsum primis in faucibus orci luctus et ultrices posuere cubilia Curae; Sed aliquam, nisi quis porttitor congue, elit erat euismod orci, ac placerat dolor lectus quis orci. Phasellus consectetuer vestibulum elit. Aenean tellus metus, bibendum sed, posuere ac, mattis non, nunc. Vestibulum fringilla pede sit amet augue. In turpis. Pellentesque posuere. Praesent turpis. Aenean posuere, tortor sed cursus feugiat, nunc augue blandit nunc, eu sollicitudin urna dolor sagittis lacus. Donec elit libero, sodales nec, volutpat a, suscipit non, turpis. Nullam sagittis. Suspendisse pulvinar, augue ac venenatis condimentum, sem libero volutpat nibh, nec pellentesque velit pede quis nunc. Vestibulum ante ipsum primis in faucibus orci luctus et ultrices posuere cubilia Curae; Fusce id purus. Ut varius tincidunt libero. Phasellus dolor. Maecenas vestibulum mollis diam. Pellentesque ut neque. Pellentesque habitant morbi tristique senectus et netus et malesuada fames ac turpis egestas. In dui magna, posuere eget, vestibulum et, tempor auctor, justo. In ac felis quis tortor malesuada pretium. Pellentesque auctor neque nec urna. Proin sapien ipsum, porta a, auctor quis, euismod ut, mi. Aenean viverra rhoncus pede. Pellentesque habitant morbi tristique senectus et netus et malesuada fames ac turpis egestas. Ut non enim eleifend felis pretium feugiat. Vivamus quis mi. Phasellus a est. Phasellus magna. In hac habitasse platea dictumst. Curabitur at lacus ac velit ornare lobortis. Curabitur a felis in nunc fringilla tristique. Morbi mattis ullamcorper velit. Phasellus gravida semper nisi. Nullam vel sem. Pellentesque libero tortor, tincidunt et, tincidunt eget, semper nec, quam. Sed hendrerit. Morbi ac felis. Nunc egestas, augue at pellentesque laoreet, felis eros vehicula leo, at malesuada velit leo quis pede. Donec interdum, metus et hendrerit aliquet, dolor diam sagittis ligula, eget egestas libero turpis vel mi. Nunc nulla. Fusce risus nisl, viverra et, tempor et, pretium in, sapien. Donec venenatis vulputate lorem. Morbi nec metus. Phasellus blandit leo ut odio. Maecenas ullamcorper, dui et placerat feugiat, eros pede varius nisi, condimentum viverra felis nunc et lorem. Sed magna purus, fermentum eu, tincidunt eu, varius ut, felis. In auctor lobortis lacus. Quisque libero metus, condimentum nec, tempor a, commodo mollis, magna. Vestibulum ullamcorper mauris at ligula. Fusce fermentum. Nullam cursus lacinia erat. Praesent blandit laoreet nibh. Fusce convallis metus id felis luctus adipiscing. Pellentesque egestas, neque sit amet convallis pulvinar, justo nulla eleifend augue, ac auctor orci leo non est. Quisque id mi. Ut tincidunt tincidunt erat. Etiam feugiat lorem non metus. Vestibulum dapibus nunc ac augue. Curabitur vestibulum aliquam leo. Praesent egestas neque eu enim. In hac habitasse platea dictumst. Fusce a quam. Etiam ut purus mattis mauris sodales aliquam. Curabitur nisi. Quisque malesuada placerat nisl. Nam ipsum risus, rutrum vitae, vestibulum eu, molestie vel, lacus. Sed augue ipsum, egestas nec, vestibulum et, malesuada adipiscing, dui. Vestibulum facilisis, purus nec pulvinar iaculis, ligula mi congue nunc, vitae euismod ligula urna in dolor. Mauris sollicitudin fermentum libero. Praesent nonummy mi in odio. Nunc interdum lacus sit amet orci. Vestibulum rutrum, mi nec elementum vehicula, eros quam gravida nisl, id fringilla neque ante vel mi. Morbi mollis tellus ac sapien. Phasellus volutpat, metus eget egestas mollis, lacus lacus blandit dui, id egestas quam mauris ut lacus. Fusce vel dui. Sed in libero ut nibh placerat accumsan. Proin faucibus arcu quis ante. In consectetuer turpis ut velit. Nulla sit amet est. Praesent metus tellus, elementum eu, semper a, adipiscing nec, purus. Cras risus ipsum, faucibus ut, ullamcorper id, varius ac, leo. Suspendisse feugiat. Suspendisse enim turpis, dictum sed, iaculis a, condimentum nec, nisi. Praesent nec nisl a purus blandit viverra. Praesent ac massa at ligula laoreet iaculis. Nulla neque dolor, sagittis eget, iaculis quis, molestie non, velit. Mauris turpis nunc, blandit et, volutpat molestie, porta ut, ligula. Fusce pharetra convallis urna. Quisque ut nisi. Donec mi odio, faucibus at, scelerisque quis, convallis in, nisi. Suspendisse non nisl sit amet velit hendrerit rutrum. Ut leo. Ut a nisl id ante tempus hendrerit. Proin pretium, leo ac pellentesque mollis, felis nunc ultrices eros, sed gravida augue augue mollis justo. Suspendisse eu ligula. Nulla facilisi. Donec id justo. Praesent porttitor, nulla vitae posuere iaculis, arcu nisl dignissim dolor, a pretium mi sem ut ipsum. Curabitur suscipit suscipit tellus. Praesent vestibulum dapibus nibh. Etiam iaculis nunc ac metus. Ut id nisl quis enim dignissim sagittis. Etiam sollicitudin, ipsum eu pulvinar rutrum, tellus ipsum laoreet sapien, quis venenatis ante odio sit amet eros. Proin magna. Duis vel nibh at velit scelerisque suscipit. Curabitur turpis. Vestibulum suscipit nulla quis orci. Fusce ac felis sit amet ligula pharetra condimentum. Maecenas egestas arcu quis ligula mattis placerat. Duis lobortis massa imperdiet quam. Suspendisse potenti. Pellentesque commodo eros a enim. Vestibulum turpis sem, aliquet eget, lobortis pellentesque, rutrum eu, nisl. Sed libero. Aliquam erat volutpat. Etiam vitae tortor. Morbi vestibulum volutpat enim. Aliquam eu nunc. Nunc sed turpis. Sed mollis, eros et ultrices tempus, mauris ipsum aliquam libero, non adipiscing dolor urna a orci. Nulla porta dolor. Class aptent taciti sociosqu ad litora torquent per conubia nostra, per inceptos hymenaeos. Pellentesque dapibus hendrerit tortor. Praesent egestas tristique nibh. Sed a libero. Cras varius. Donec vitae orci sed dolor rutrum auctor. Fusce egestas elit eget lorem. Suspendisse nisl elit, rhoncus eget, elementum ac, condimentum eget, diam. Nam at tortor in tellus interdum sagittis. Aliquam lobortis. Donec orci lectus, aliquam ut, faucibus non, euismod id, nulla. Curabitur blandit mollis lacus. Nam adipiscing. Vestibulum eu odio. Vivamus laoreet. Nullam tincidunt adipiscing enim. Phasellus tempus. Proin viverra, ligula sit amet ultrices semper, ligula arcu tristique sapien, a accumsan nisi mauris ac eros. Fusce neque. Suspendisse faucibus, nunc et pellentesque egestas, lacus ante convallis tellus, vitae iaculis lacus elit id tortor. Vivamus aliquet elit ac nisl. Fusce fermentum odio nec arcu. Vivamus euismod mauris. In ut quam vitae odio lacinia tincidunt. Praesent ut ligula non mi varius sagittis. Cras sagittis. Praesent ac sem eget est egestas volutpat. Vivamus consectetuer hendrerit lacus. Cras non dolor. Vivamus in erat ut urna cursus vestibulum. Fusce commodo aliquam arcu. Nam commodo suscipit quam. Quisque id odio. Praesent venenatis metus at tortor pulvinar varius. Lorem ipsum dolor sit amet, consectetuer adipiscing elit. Aenean commodo ligula eget dolor. Aenean massa. Cum sociis natoque penatibus et magnis dis parturient montes, nascetur ridiculus mus. Donec quam felis, ultricies nec, pellentesque eu, pretium quis, sem. Nulla consequat massa quis enim. Donec pede justo, fringilla vel, aliquet nec, vulputate eget, arcu. In enim justo, rhoncus ut, imperdiet a, venenatis vitae, justo. Nullam dictum felis eu pede mollis pretium. Integer tincidunt. Cras dapibus. Vivamus elementum semper nisi. Aenean vulputate eleifend tellus. Aenean leo ligula, porttitor eu, consequat vita',107.50,'GO1','Cable AC,Cable HDMI,Mando de juego,Memoria',30),('CGSO-30',2,'',8,0,'2025-11-01','',107.50,'GO2','Cable AC,Cable HDMI,Mando de juego,Memoria',31),('CGSO-31',2,'',1,0,'2025-11-01','Lorem ipsum dolor sit amet, consectetuer adipiscing elit. Aenean commodo ligula eget dolor. Aenean massa. Cum sociis natoque penatibus et magnis dis parturient montes, nascetur ridiculus mus. Donec quam felis, ultricies nec, pellentesque eu, pretium quis, sem. Nulla consequat massa quis enim. Donec pede justo, fringilla vel, aliquet nec, vulputate eget, arcu. In enim justo, rhoncus ut, imperdiet a, venenatis vitae, justo. Nullam dictum felis eu pede mollis pretium. Integer tincidunt. Cras dapibus. Vivamus elementum semper nisi. Aenean vulputate eleifend tellus. Aenean leo ligula, porttitor eu, consequat vitae, eleifend ac, enim. Aliquam lorem ante, dapibus in, viverra quis, feugiat a, tellus. Phasellus viverra nulla ut metus varius laoreet. Quisque rutrum. Aenean imperdiet. Etiam ultricies nisi vel augue. Curabitur ullamcorper ultricies nisi. Nam eget dui. Etiam rhoncus. Maecenas tempus, tellus eget condimentum rhoncus, sem quam semper libero, sit amet adipiscing sem neque sed ipsum. Nam quam nunc, blandit vel, luctus pulvinar, hendrerit id, lorem. Maecenas nec odio et ante tincidunt tempus. Donec vitae sapien ut libero venenatis faucibus. Nullam quis ante. Etiam sit amet orci eget eros faucibus tincidunt. Duis leo. Sed fringilla mauris sit amet nibh. Donec sodales sagittis magna. Sed consequat, leo eget bibendum sodales, augue velit cursus nunc, quis gravida magna mi a libero. Fusce vulputate eleifend sapien. Vestibulum purus quam, scelerisque ut, mollis sed, nonummy id, metus. Nullam accumsan lorem in dui. Cras ultricies mi eu turpis hendrerit fringilla. Vestibulum ante ipsum primis in faucibus orci luctus et ultrices posuere cubilia Curae; In ac dui quis mi consectetuer lacinia. Nam pretium turpis et arcu. Duis arcu tortor, suscipit eget, imperdiet nec, imperdiet iaculis, ipsum. Sed aliquam ultrices mauris. Integer ante arcu, accumsan a, consectetuer eget, posuere ut, mauris. Praesent adipiscing. Phasellus ullamcorper ipsum rutrum nunc. Nunc nonummy metus. Vestibulum volutpat pretium libero. Cras id dui. Aenean ut eros et nisl sagittis vestibulum. Nullam nulla eros, ultricies sit amet, nonummy id, imperdiet feugiat, pede. Sed lectus. Donec mollis hendrerit risus. Phasellus nec sem in justo pellentesque facilisis. Etiam imperdiet imperdiet orci. Nunc nec neque. Phasellus leo dolor, tempus non, auctor et, hendrerit quis, nisi. Curabitur ligula sapien, tincidunt non, euismod vitae, posuere imperdiet, leo. Maecenas malesuada. Praesent congue erat at massa. Sed cursus turpis vitae tortor. Donec posuere vulputate arcu. Phasellus accumsan cursus velit. Vestibulum ante ipsum primis in faucibus orci luctus et ultrices posuere cubilia Curae; Sed aliquam, nisi quis porttitor congue, elit erat euismod orci, ac placerat dolor lectus quis orci. Phasellus consectetuer vestibulum elit. Aenean tellus metus, bibendum sed, posuere ac, mattis non, nunc. Vestibulum fringilla pede sit amet augue. In turpis. Pellentesque posuere. Praesent turpis. Aenean posuere, tortor sed cursus feugiat, nunc augue blandit nunc, eu sollicitudin urna dolor sagittis lacus. Donec elit libero, sodales nec, volutpat a, suscipit non, turpis. Nullam sagittis. Suspendisse pulvinar, augue ac venenatis condimentum, sem libero volutpat nibh, nec pellentesque velit pede quis nunc. Vestibulum ante ipsum primis in faucibus orci luctus et ultrices posuere cubilia Curae; Fusce id purus. Ut varius tincidunt libero. Phasellus dolor. Maecenas vestibulum mollis diam. Pellentesque ut neque. Pellentesque habitant morbi tristique senectus et netus et malesuada fames ac turpis egestas. In dui magna, posuere eget, vestibulum et, tempor auctor, justo. In ac felis quis tortor malesuada pretium. Pellentesque auctor neque nec urna. Proin sapien ipsum, porta a, auctor quis, euismod ut, mi. Aenean viverra rhoncus pede. Pellentesque habitant morbi tristique senectus et netus et malesuada fames ac turpis egestas. Ut non enim eleifend felis pretium feugiat. Vivamus quis mi. Phasellus a est. Phasellus magna. In hac habitasse platea dictumst. Curabitur at lacus ac velit ornare lobortis. Curabitur a felis in nunc fringilla tristique. Morbi mattis ullamcorper velit. Phasellus gravida semper nisi. Nullam vel sem. Pellentesque libero tortor, tincidunt et, tincidunt eget, semper nec, quam. Sed hendrerit. Morbi ac felis. Nunc egestas, augue at pellentesque laoreet, felis eros vehicula leo, at malesuada velit leo quis pede. Donec interdum, metus et hendrerit aliquet, dolor diam sagittis ligula, eget egestas libero turpis vel mi. Nunc nulla. Fusce risus nisl, viverra et, tempor et, pretium in, sapien. Donec venenatis vulputate lorem. Morbi nec metus. Phasellus blandit leo ut odio. Maecenas ullamcorper, dui et placerat feugiat, eros pede varius nisi, condimentum viverra felis nunc et lorem. Sed magna purus, fermentum eu, tincidunt eu, varius ut, felis. In auctor lobortis lacus. Quisque libero metus, condimentum nec, tempor a, commodo mollis, magna. Vestibulum ullamcorper mauris at ligula. Fusce fermentum. Nullam cursus lacinia erat. Praesent blandit laoreet nibh. Fusce convallis metus id felis luctus adipiscing. Pellentesque egestas, neque sit amet convallis pulvinar, justo nulla eleifend augue, ac auctor orci leo non est. Quisque id mi. Ut tincidunt tincidunt erat. Etiam feugiat lorem non metus. Vestibulum dapibus nunc ac augue. Curabitur vestibulum aliquam leo. Praesent egestas neque eu enim. In hac habitasse platea dictumst. Fusce a quam. Etiam ut purus mattis mauris sodales aliquam. Curabitur nisi. Quisque malesuada placerat nisl. Nam ipsum risus, rutrum vitae, vestibulum eu, molestie vel, lacus. Sed augue ipsum, egestas nec, vestibulum et, malesuada adipiscing, dui. Vestibulum facilisis, purus nec pulvinar iaculis, ligula mi congue nunc, vitae euismod ligula urna in dolor. Mauris sollicitudin fermentum libero. Praesent nonummy mi in odio. Nunc interdum lacus sit amet orci. Vestibulum rutrum, mi nec elementum vehicula, eros quam gravida nisl, id fringilla neque ante vel mi. Morbi mollis tellus ac sapien. Phasellus volutpat, metus eget egestas mollis, lacus lacus blandit dui, id egestas quam mauris ut lacus. Fusce vel dui. Sed in libero ut nibh placerat accumsan. Proin faucibus arcu quis ante. In consectetuer turpis ut velit. Nulla sit amet est. Praesent metus tellus, elementum eu, semper a, adipiscing nec, purus. Cras risus ipsum, faucibus ut, ullamcorper id, varius ac, leo. Suspendisse feugiat. Suspendisse enim turpis, dictum sed, iaculis a, condimentum nec, nisi. Praesent nec nisl a purus blandit viverra. Praesent ac massa at ligula laoreet iaculis. Nulla neque dolor, sagittis eget, iaculis quis, molestie non, velit. Mauris turpis nunc, blandit et, volutpat molestie, porta ut, ligula. Fusce pharetra convallis urna. Quisque ut nisi. Donec mi odio, faucibus at, scelerisque quis, convallis in, nisi. Suspendisse non nisl sit amet velit hendrerit rutrum. Ut leo. Ut a nisl id ante tempus hendrerit. Proin pretium, leo ac pellentesque mollis, felis nunc ultrices eros, sed gravida augue augue mollis justo. Suspendisse eu ligula. Nulla facilisi. Donec id justo. Praesent porttitor, nulla vitae posuere iaculis, arcu nisl dignissim dolor, a pretium mi sem ut ipsum. Curabitur suscipit suscipit tellus. Praesent vestibulum dapibus nibh. Etiam iaculis nunc ac metus. Ut id nisl quis enim dignissim sagittis. Etiam sollicitudin, ipsum eu pulvinar rutrum, tellus ipsum laoreet sapien, quis venenatis ante odio sit amet eros. Proin magna. Duis vel nibh at velit scelerisque suscipit. Curabitur turpis. Vestibulum suscipit nulla quis orci. Fusce ac felis sit amet ligula pharetra condimentum. Maecenas egestas arcu quis ligula mattis placerat. Duis lobortis massa imperdiet quam. Suspendisse potenti. Pellentesque commodo eros a enim. Vestibulum turpis sem, aliquet eget, lobortis pellentesque, rutrum eu, nisl. Sed libero. Aliquam erat volutpat. Etiam vitae tortor. Morbi vestibulum volutpat enim. Aliquam eu nunc. Nunc sed turpis. Sed mollis, eros et ultrices tempus, mauris ipsum aliquam libero, non adipiscing dolor urna a orci. Nulla porta dolor. Class aptent taciti sociosqu ad litora torquent per conubia nostra, per inceptos hymenaeos. Pellentesque dapibus hendrerit tortor. Praesent egestas tristique nibh. Sed a libero. Cras varius. Donec vitae orci sed dolor rutrum auctor. Fusce egestas elit eget lorem. Suspendisse nisl elit, rhoncus eget, elementum ac, condimentum eget, diam. Nam at tortor in tellus interdum sagittis. Aliquam lobortis. Donec orci lectus, aliquam ut, faucibus non, euismod id, nulla. Curabitur blandit mollis lacus. Nam adipiscing. Vestibulum eu odio. Vivamus laoreet. Nullam tincidunt adipiscing enim. Phasellus tempus. Proin viverra, ligula sit amet ultrices semper, ligula arcu tristique sapien, a accumsan nisi mauris ac eros. Fusce neque. Suspendisse faucibus, nunc et pellentesque egestas, lacus ante convallis tellus, vitae iaculis lacus elit id tortor. Vivamus aliquet elit ac nisl. Fusce fermentum odio nec arcu. Vivamus euismod mauris. In ut quam vitae odio lacinia tincidunt. Praesent ut ligula non mi varius sagittis. Cras sagittis. Praesent ac sem eget est egestas volutpat. Vivamus consectetuer hendrerit lacus. Cras non dolor. Vivamus in erat ut urna cursus vestibulum. Fusce commodo aliquam arcu. Nam commodo suscipit quam. Quisque id odio. Praesent venenatis metus at tortor pulvinar varius. Lorem ipsum dolor sit amet, consectetuer adipiscing elit. Aenean commodo ligula eget dolor. Aenean massa. Cum sociis natoque penatibus et magnis dis parturient montes, nascetur ridiculus mus. Donec quam felis, ultricies nec, pellentesque eu, pretium quis, sem. Nulla consequat massa quis enim. Donec pede justo, fringilla vel, aliquet nec, vulputate eget, arcu. In enim justo, rhoncus ut, imperdiet a, venenatis vitae, justo. Nullam dictum felis eu pede mollis pretium. Integer tincidunt. Cras dapibus. Vivamus elementum semper nisi. Aenean vulputate eleifend tellus. Aenean leo ligula, porttitor eu, consequat vita',107.50,'GO1','Cable AC,Cable HDMI,Mando de juego,Memoria',32),('CGSO-32',2,'',2,0,'2025-11-01','',107.50,'GO2','Cable AC,Cable HDMI,Mando de juego,Memoria',33),('CGSO-33',2,'',8,0,'2025-11-01','Lorem ipsum dolor sit amet, consectetuer adipiscing elit. Aenean commodo ligula eget dolor. Aenean massa. Cum sociis natoque penatibus et magnis dis parturient montes, nascetur ridiculus mus. Donec quam felis, ultricies nec, pellentesque eu, pretium quis, sem. Nulla consequat massa quis enim. Donec pede justo, fringilla vel, aliquet nec, vulputate eget, arcu. In enim justo, rhoncus ut, imperdiet a, venenatis vitae, justo. Nullam dictum felis eu pede mollis pretium. Integer tincidunt. Cras dapibus. Vivamus elementum semper nisi. Aenean vulputate eleifend tellus. Aenean leo ligula, porttitor eu, consequat vitae, eleifend ac, enim. Aliquam lorem ante, dapibus in, viverra quis, feugiat a, tellus. Phasellus viverra nulla ut metus varius laoreet. Quisque rutrum. Aenean imperdiet. Etiam ultricies nisi vel augue. Curabitur ullamcorper ultricies nisi. Nam eget dui. Etiam rhoncus. Maecenas tempus, tellus eget condimentum rhoncus, sem quam semper libero, sit amet adipiscing sem neque sed ipsum. Nam quam nunc, blandit vel, luctus pulvinar, hendrerit id, lorem. Maecenas nec odio et ante tincidunt tempus. Donec vitae sapien ut libero venenatis faucibus. Nullam quis ante. Etiam sit amet orci eget eros faucibus tincidunt. Duis leo. Sed fringilla mauris sit amet nibh. Donec sodales sagittis magna. Sed consequat, leo eget bibendum sodales, augue velit cursus nunc, quis gravida magna mi a libero. Fusce vulputate eleifend sapien. Vestibulum purus quam, scelerisque ut, mollis sed, nonummy id, metus. Nullam accumsan lorem in dui. Cras ultricies mi eu turpis hendrerit fringilla. Vestibulum ante ipsum primis in faucibus orci luctus et ultrices posuere cubilia Curae; In ac dui quis mi consectetuer lacinia. Nam pretium turpis et arcu. Duis arcu tortor, suscipit eget, imperdiet nec, imperdiet iaculis, ipsum. Sed aliquam ultrices mauris. Integer ante arcu, accumsan a, consectetuer eget, posuere ut, mauris. Praesent adipiscing. Phasellus ullamcorper ipsum rutrum nunc. Nunc nonummy metus. Vestibulum volutpat pretium libero. Cras id dui. Aenean ut eros et nisl sagittis vestibulum. Nullam nulla eros, ultricies sit amet, nonummy id, imperdiet feugiat, pede. Sed lectus. Donec mollis hendrerit risus. Phasellus nec sem in justo pellentesque facilisis. Etiam imperdiet imperdiet orci. Nunc nec neque. Phasellus leo dolor, tempus non, auctor et, hendrerit quis, nisi. Curabitur ligula sapien, tincidunt non, euismod vitae, posuere imperdiet, leo. Maecenas malesuada. Praesent congue erat at massa. Sed cursus turpis vitae tortor. Donec posuere vulputate arcu. Phasellus accumsan cursus velit. Vestibulum ante ipsum primis in faucibus orci luctus et ultrices posuere cubilia Curae; Sed aliquam, nisi quis porttitor congue, elit erat euismod orci, ac placerat dolor lectus quis orci. Phasellus consectetuer vestibulum elit. Aenean tellus metus, bibendum sed, posuere ac, mattis non, nunc. Vestibulum fringilla pede sit amet augue. In turpis. Pellentesque posuere. Praesent turpis. Aenean posuere, tortor sed cursus feugiat, nunc augue blandit nunc, eu sollicitudin urna dolor sagittis lacus. Donec elit libero, sodales nec, volutpat a, suscipit non, turpis. Nullam sagittis. Suspendisse pulvinar, augue ac venenatis condimentum, sem libero volutpat nibh, nec pellentesque velit pede quis nunc. Vestibulum ante ipsum primis in faucibus orci luctus et ultrices posuere cubilia Curae; Fusce id purus. Ut varius tincidunt libero. Phasellus dolor. Maecenas vestibulum mollis diam. Pellentesque ut neque. Pellentesque habitant morbi tristique senectus et netus et malesuada fames ac turpis egestas. In dui magna, posuere eget, vestibulum et, tempor auctor, justo. In ac felis quis tortor malesuada pretium. Pellentesque auctor neque nec urna. Proin sapien ipsum, porta a, auctor quis, euismod ut, mi. Aenean viverra rhoncus pede. Pellentesque habitant morbi tristique senectus et netus et malesuada fames ac turpis egestas. Ut non enim eleifend felis pretium feugiat. Vivamus quis mi. Phasellus a est. Phasellus magna. In hac habitasse platea dictumst. Curabitur at lacus ac velit ornare lobortis. Curabitur a felis in nunc fringilla tristique. Morbi mattis ullamcorper velit. Phasellus gravida semper nisi. Nullam vel sem. Pellentesque libero tortor, tincidunt et, tincidunt eget, semper nec, quam. Sed hendrerit. Morbi ac felis. Nunc egestas, augue at pellentesque laoreet, felis eros vehicula leo, at malesuada velit leo quis pede. Donec interdum, metus et hendrerit aliquet, dolor diam sagittis ligula, eget egestas libero turpis vel mi. Nunc nulla. Fusce risus nisl, viverra et, tempor et, pretium in, sapien. Donec venenatis vulputate lorem. Morbi nec metus. Phasellus blandit leo ut odio. Maecenas ullamcorper, dui et placerat feugiat, eros pede varius nisi, condimentum viverra felis nunc et lorem. Sed magna purus, fermentum eu, tincidunt eu, varius ut, felis. In auctor lobortis lacus. Quisque libero metus, condimentum nec, tempor a, commodo mollis, magna. Vestibulum ullamcorper mauris at ligula. Fusce fermentum. Nullam cursus lacinia erat. Praesent blandit laoreet nibh. Fusce convallis metus id felis luctus adipiscing. Pellentesque egestas, neque sit amet convallis pulvinar, justo nulla eleifend augue, ac auctor orci leo non est. Quisque id mi. Ut tincidunt tincidunt erat. Etiam feugiat lorem non metus. Vestibulum dapibus nunc ac augue. Curabitur vestibulum aliquam leo. Praesent egestas neque eu enim. In hac habitasse platea dictumst. Fusce a quam. Etiam ut purus mattis mauris sodales aliquam. Curabitur nisi. Quisque malesuada placerat nisl. Nam ipsum risus, rutrum vitae, vestibulum eu, molestie vel, lacus. Sed augue ipsum, egestas nec, vestibulum et, malesuada adipiscing, dui. Vestibulum facilisis, purus nec pulvinar iaculis, ligula mi congue nunc, vitae euismod ligula urna in dolor. Mauris sollicitudin fermentum libero. Praesent nonummy mi in odio. Nunc interdum lacus sit amet orci. Vestibulum rutrum, mi nec elementum vehicula, eros quam gravida nisl, id fringilla neque ante vel mi. Morbi mollis tellus ac sapien. Phasellus volutpat, metus eget egestas mollis, lacus lacus blandit dui, id egestas quam mauris ut lacus. Fusce vel dui. Sed in libero ut nibh placerat accumsan. Proin faucibus arcu quis ante. In consectetuer turpis ut velit. Nulla sit amet est. Praesent metus tellus, elementum eu, semper a, adipiscing nec, purus. Cras risus ipsum, faucibus ut, ullamcorper id, varius ac, leo. Suspendisse feugiat. Suspendisse enim turpis, dictum sed, iaculis a, condimentum nec, nisi. Praesent nec nisl a purus blandit viverra. Praesent ac massa at ligula laoreet iaculis. Nulla neque dolor, sagittis eget, iaculis quis, molestie non, velit. Mauris turpis nunc, blandit et, volutpat molestie, porta ut, ligula. Fusce pharetra convallis urna. Quisque ut nisi. Donec mi odio, faucibus at, scelerisque quis, convallis in, nisi. Suspendisse non nisl sit amet velit hendrerit rutrum. Ut leo. Ut a nisl id ante tempus hendrerit. Proin pretium, leo ac pellentesque mollis, felis nunc ultrices eros, sed gravida augue augue mollis justo. Suspendisse eu ligula. Nulla facilisi. Donec id justo. Praesent porttitor, nulla vitae posuere iaculis, arcu nisl dignissim dolor, a pretium mi sem ut ipsum. Curabitur suscipit suscipit tellus. Praesent vestibulum dapibus nibh. Etiam iaculis nunc ac metus. Ut id nisl quis enim dignissim sagittis. Etiam sollicitudin, ipsum eu pulvinar rutrum, tellus ipsum laoreet sapien, quis venenatis ante odio sit amet eros. Proin magna. Duis vel nibh at velit scelerisque suscipit. Curabitur turpis. Vestibulum suscipit nulla quis orci. Fusce ac felis sit amet ligula pharetra condimentum. Maecenas egestas arcu quis ligula mattis placerat. Duis lobortis massa imperdiet quam. Suspendisse potenti. Pellentesque commodo eros a enim. Vestibulum turpis sem, aliquet eget, lobortis pellentesque, rutrum eu, nisl. Sed libero. Aliquam erat volutpat. Etiam vitae tortor. Morbi vestibulum volutpat enim. Aliquam eu nunc. Nunc sed turpis. Sed mollis, eros et ultrices tempus, mauris ipsum aliquam libero, non adipiscing dolor urna a orci. Nulla porta dolor. Class aptent taciti sociosqu ad litora torquent per conubia nostra, per inceptos hymenaeos. Pellentesque dapibus hendrerit tortor. Praesent egestas tristique nibh. Sed a libero. Cras varius. Donec vitae orci sed dolor rutrum auctor. Fusce egestas elit eget lorem. Suspendisse nisl elit, rhoncus eget, elementum ac, condimentum eget, diam. Nam at tortor in tellus interdum sagittis. Aliquam lobortis. Donec orci lectus, aliquam ut, faucibus non, euismod id, nulla. Curabitur blandit mollis lacus. Nam adipiscing. Vestibulum eu odio. Vivamus laoreet. Nullam tincidunt adipiscing enim. Phasellus tempus. Proin viverra, ligula sit amet ultrices semper, ligula arcu tristique sapien, a accumsan nisi mauris ac eros. Fusce neque. Suspendisse faucibus, nunc et pellentesque egestas, lacus ante convallis tellus, vitae iaculis lacus elit id tortor. Vivamus aliquet elit ac nisl. Fusce fermentum odio nec arcu. Vivamus euismod mauris. In ut quam vitae odio lacinia tincidunt. Praesent ut ligula non mi varius sagittis. Cras sagittis. Praesent ac sem eget est egestas volutpat. Vivamus consectetuer hendrerit lacus. Cras non dolor. Vivamus in erat ut urna cursus vestibulum. Fusce commodo aliquam arcu. Nam commodo suscipit quam. Quisque id odio. Praesent venenatis metus at tortor pulvinar varius. Lorem ipsum dolor sit amet, consectetuer adipiscing elit. Aenean commodo ligula eget dolor. Aenean massa. Cum sociis natoque penatibus et magnis dis parturient montes, nascetur ridiculus mus. Donec quam felis, ultricies nec, pellentesque eu, pretium quis, sem. Nulla consequat massa quis enim. Donec pede justo, fringilla vel, aliquet nec, vulputate eget, arcu. In enim justo, rhoncus ut, imperdiet a, venenatis vitae, justo. Nullam dictum felis eu pede mollis pretium. Integer tincidunt. Cras dapibus. Vivamus elementum semper nisi. Aenean vulputate eleifend tellus. Aenean leo ligula, porttitor eu, consequat vita',107.50,'GO1','Cable AC,Cable HDMI,Mando de juego,Memoria',34),('CGSO-34',2,'',2,0,'2025-11-01','',107.50,'GO2','Cable AC,Cable HDMI,Mando de juego,Memoria',35),('CGSO2-3',2,'',2,0,'2025-09-27','',200.00,'','Mando de juego,Cable HDMI,Memoria,Cable AC',4),('GCI-10',1,'',11,0,'2025-10-03','Lorem ipsum dolor sit amet, consectetuer adipiscing elit. Aenean commodo ligula eget dolor. Aenean massa. Cum sociis natoque penatibus et magnis dis parturient montes, nascetur ridiculus mus. Donec quam felis, ultricies nec, pellentesque eu, pretium quis, sem. Nulla consequat massa quis enim. Donec pede justo, fringilla vel, aliquet nec, vulputate eget, arcu. In enim justo, rhoncus ut, imperdiet a, venenatis vitae, justo. Nullam dictum felis eu pede mollis pretium. Integer tincidunt. Cras dapibus. Vivamus elementum semper nisi. Aenean vulputate eleifend tellus. Aenean leo ligula, porttitor eu, consequat vitae, eleifend ac, enim. Aliquam lorem ante, dapibus in, viverra quis, feugiat a, tellus. Phasellus viverra nulla ut metus varius laoreet. Quisque rutrum. Aenean imperdiet. Etiam ultricies nisi vel augue. Curabitur ullamcorper ultricies nisi. Nam eget dui. Etiam rhoncus. Maecenas tempus, tellus eget condimentum rhoncus, sem quam semper libero, sit amet adipiscing sem neque sed ipsum. Nam quam nunc, blandit vel, luctus pulvinar, hendrerit id, lorem. Maecenas nec odio et ante tincidunt tempus. Donec vitae sapien ut libero venenatis faucibus. Nullam quis ante. Etiam sit amet orci eget eros faucibus tincidunt. Duis leo. Sed fringilla mauris sit amet nibh. Donec sodales sagittis magna. Sed consequat, leo eget bibendum sodales, augue velit cursus nunc, quis gravida magna mi a libero. Fusce vulputate eleifend sapien. Vestibulum purus quam, scelerisque ut, mollis sed, nonummy id, metus. Nullam accumsan lorem in dui. Cras ultricies mi eu turpis hendrerit fringilla. Vestibulum ante ipsum primis in faucibus orci luctus et ultrices posuere cubilia Curae; In ac dui quis mi consectetuer lacinia. Nam pretium turpis et arcu. Duis arcu tortor, suscipit eget, imperdiet nec, imperdiet iaculis, ipsum. Sed aliquam ultrices mauris. Integer ante arcu, accumsan a, consectetuer eget, posuere ut, mauris. Praesent adipiscing. Phasellus ullamcorper ipsum rutrum nunc. Nunc nonummy metus. Vestibulum volutpat pretium libero. Cras id dui. Aenean ut eros et nisl sagittis vestibulum. Nullam nulla eros, ultricies sit amet, nonummy id, imperdiet feugiat, pede. Sed lectus. Donec mollis hendrerit risus. Phasellus nec sem in justo pellentesque facilisis. Etiam imperdiet imperdiet orci. Nunc nec neque. Phasellus leo dolor, tempus non, auctor et, hendrerit quis, nisi. Curabitur ligula sapien, tincidunt non, euismod vitae, posuere imperdiet, leo. Maecenas malesuada. Praesent congue erat at massa. Sed cursus turpis vitae tortor. Donec posuere vulputate arcu. Phasellus accumsan cursus velit. Vestibulum ante ipsum primis in faucibus orci luctus et ultrices posuere cubilia Curae; Sed aliquam, nisi quis porttitor congue, elit erat euismod orci, ac placerat dolor lectus quis orci. Phasellus consectetuer vestibulum elit. Aenean tellus metus, bibendum sed, posuere ac, mattis non, nunc. Vestibulum fringilla pede sit amet augue. In turpis. Pellentesque posuere. Praesent turpis. Aenean posuere, tortor sed cursus feugiat, nunc augue blandit nunc, eu sollicitudin urna dolor sagittis lacus. Donec elit libero, sodales nec, volutpat a, suscipit non, turpis. Nullam sagittis. Suspendisse pulvinar, augue ac venenatis condimentum, sem libero volutpat nibh, nec pellentesque velit pede quis nunc. Vestibulum ante ipsum primis in faucibus orci luctus et ultrices posuere cubilia Curae; Fusce id purus. Ut varius tincidunt libero. Phasellus dolor. Maecenas vestibulum mollis diam. Pellentesque ut neque. Pellentesque habitant morbi tristique senectus et netus et malesuada fames ac turpis egestas. In dui magna, posuere eget, vestibulum et, tempor auctor, justo. In ac felis quis tortor malesuada pretium. Pellentesque auctor neque nec urna. Proin sapien ipsum, porta a, auctor quis, euismod ut, mi. Aenean viverra rhoncus pede. Pellentesque habitant morbi tristique senectus et netus et malesuada fames ac turpis egestas. Ut non enim eleifend felis pretium feugiat. Vivamus quis mi. Phasellus a est. Phasellus magna. In hac habitasse platea dictumst. Curabitur at lacus ac velit ornare lobortis. Curabitur a felis in nunc fringilla tristique. Morbi mattis ullamcorper velit. Phasellus gravida semper nisi. Nullam vel sem. Pellentesque libero tortor, tincidunt et, tincidunt eget, semper nec, quam. Sed hendrerit. Morbi ac felis. Nunc egestas, augue at pellentesque laoreet, felis eros vehicula leo, at malesuada velit leo quis pede. Donec interdum, metus et hendrerit aliquet, dolor diam sagittis ligula, eget egestas libero turpis vel mi. Nunc nulla. Fusce risus nisl, viverra et, tempor et, pretium in, sapien. Donec venenatis vulputate lorem. Morbi nec metus. Phasellus blandit leo ut odio. Maecenas ullamcorper, dui et placerat feugiat, eros pede varius nisi, condimentum viverra felis nunc et lorem. Sed magna purus, fermentum eu, tincidunt eu, varius ut, felis. In auctor lobortis lacus. Quisque libero metus, condimentum nec, tempor a, commodo mollis, magna. Vestibulum ullamcorper mauris at ligula. Fusce fermentum. Nullam cursus lacinia erat. Praesent blandit laoreet nibh. Fusce convallis metus id felis luctus adipiscing. Pellentesque egestas, neque sit amet convallis pulvinar, justo nulla eleifend augue, ac auctor orci leo non est. Quisque id mi. Ut tincidunt tincidunt erat. Etiam feugiat lorem non metus. Vestibulum dapibus nunc ac augue. Curabitur vestibulum aliquam leo. Praesent egestas neque eu enim. In hac habitasse platea dictumst. Fusce a quam. Etiam ut purus mattis mauris sodales aliquam. Curabitur nisi. Quisque malesuada placerat nisl. Nam ipsum risus, rutrum vitae, vestibulum eu, molestie vel, lacus. Sed augue ipsum, egestas nec, vestibulum et, malesuada adipiscing, dui. Vestibulum facilisis, purus nec pulvinar iaculis, ligula mi congue nunc, vitae euismod ligula urna in dolor. Mauris sollicitudin fermentum libero. Praesent nonummy mi in odio. Nunc interdum lacus sit amet orci. Vestibulum rutrum, mi nec elementum vehicula, eros quam gravida nisl, id fringilla neque ante vel mi. Morbi mollis tellus ac sapien. Phasellus volutpat, metus eget egestas mollis, lacus lacus blandit dui, id egestas quam mauris ut lacus. Fusce vel dui. Sed in libero ut nibh placerat accumsan. Proin faucibus arcu quis ante. In consectetuer turpis ut velit. Nulla sit amet est. Praesent metus tellus, elementum eu, semper a, adipiscing nec, purus. Cras risus ipsum, faucibus ut, ullamcorper id, varius ac, leo. Suspendisse feugiat. Suspendisse enim turpis, dictum sed, iaculis a, condimentum nec, nisi. Praesent nec nisl a purus blandit viverra. Praesent ac massa at ligula laoreet iaculis. Nulla neque dolor, sagittis eget, iaculis quis, molestie non, velit. Mauris turpis nunc, blandit et, volutpat molestie, porta ut, ligula. Fusce pharetra convallis urna. Quisque ut nisi. Donec mi odio, faucibus at, scelerisque quis, convallis in, nisi. Suspendisse non nisl sit amet velit hendrerit rutrum. Ut leo. Ut a nisl id ante tempus hendrerit. Proin pretium, leo ac pellentesque mollis, felis nunc ultrices eros, sed gravida augue augue mollis justo. Suspendisse eu ligula. Nulla facilisi. Donec id justo. Praesent porttitor, nulla vitae posuere iaculis, arcu nisl dignissim dolor, a pretium mi sem ut ipsum. Curabitur suscipit suscipit tellus. Praesent vestibulum dapibus nibh. Etiam iaculis nunc ac metus. Ut id nisl quis enim dignissim sagittis. Etiam sollicitudin, ipsum eu pulvinar rutrum, tellus ipsum laoreet sapien, quis venenatis ante odio sit amet eros. Proin magna. Duis vel nibh at velit scelerisque suscipit. Curabitur turpis. Vestibulum suscipit nulla quis orci. Fusce ac felis sit amet ligula pharetra condimentum. Maecenas egestas arcu quis ligula mattis placerat. Duis lobortis massa imperdiet quam. Suspendisse potenti. Pellentesque commodo eros a enim. Vestibulum turpis sem, aliquet eget, lobortis pellentesque, rutrum eu, nisl. Sed libero. Aliquam erat volutpat. Etiam vitae tortor. Morbi vestibulum volutpat enim. Aliquam eu nunc. Nunc sed turpis. Sed mollis, eros et ultrices tempus, mauris ipsum aliquam libero, non adipiscing dolor urna a orci. Nulla porta dolor. Class aptent taciti sociosqu ad litora torquent per conubia nostra, per inceptos hymenaeos. Pellentesque dapibus hendrerit tortor. Praesent egestas tristique nibh. Sed a libero. Cras varius. Donec vitae orci sed dolor rutrum auctor. Fusce egestas elit eget lorem. Suspendisse nisl elit, rhoncus eget, elementum ac, condimentum eget, diam. Nam at tortor in tellus interdum sagittis. Aliquam lobortis. Donec orci lectus, aliquam ut, faucibus non, euismod id, nulla. Curabitur blandit mollis lacus. Nam adipiscing. Vestibulum eu odio. Vivamus laoreet. Nullam tincidunt adipiscing enim. Phasellus tempus. Proin viverra, ligula sit amet ultrices semper, ligula arcu tristique sapien, a accumsan nisi mauris ac eros. Fusce neque. Suspendisse faucibus, nunc et pellentesque egestas, lacus ante convallis tellus, vitae iaculis lacus elit id tortor. Vivamus aliquet elit ac nisl. Fusce fermentum odio nec arcu. Vivamus euismod mauris. In ut quam vitae odio lacinia tincidunt. Praesent ut ligula non mi varius sagittis. Cras sagittis. Praesent ac sem eget est egestas volutpat. Vivamus consectetuer hendrerit lacus. Cras non dolor. Vivamus in erat ut urna cursus vestibulum. Fusce commodo aliquam arcu. Nam commodo suscipit quam. Quisque id odio. Praesent venenatis metus at tortor pulvinar varius. Lorem ipsum dolor sit amet, consectetuer adipiscing elit. Aenean commodo ligula eget dolor. Aenean massa. Cum sociis natoque penatibus et magnis dis parturient montes, nascetur ridiculus mus. Donec quam felis, ultricies nec, pellentesque eu, pretium quis, sem. Nulla consequat massa quis enim. Donec pede justo, fringilla vel, aliquet nec, vulputate eget, arcu. In enim justo, rhoncus ut, imperdiet a, venenatis vitae, justo. Nullam dictum felis eu pede mollis pretium. Integer tincidunt. Cras dapibus. Vivamus elementum semper nisi. Aenean vulputate eleifend tellus. Aenean leo ligula, porttitor eu, consequat vit',117.50,'7','Mando de juego,Cable HDMI,Memoria,Cable AC',11),('GCI-11',1,'',8,0,'2025-10-03','',117.50,'8','Mando de juego,Cable HDMI,Memoria,Cable AC',12),('GCI-13',1,'',7,0,'2025-10-04','',125.00,'','Mando de juego,Cable HDMI,Memoria,Cable AC',14),('GCI-4',1,'',11,0,'2025-10-03','',117.50,'1','Mando de juego,Cable HDMI,Memoria,Cable AC',5),('GCI-5',1,'',9,0,'2025-10-03','',117.50,'2','Mando de juego,Cable HDMI,Memoria,Cable AC',6),('GCI-6',1,'',2,0,'2025-10-03','',117.50,'3','Mando de juego,Cable HDMI,Memoria,Cable AC',7),('GCI-7',1,'',8,0,'2025-10-03','',117.50,'4','Mando de juego,Cable HDMI,Memoria,Cable AC',8),('GCI-8',1,'',2,0,'2025-10-03','',117.50,'5','Mando de juego,Cable HDMI,Memoria,Cable AC',9),('GCI-9',1,'',2,0,'2025-10-03','',117.50,'6','Mando de juego,Cable HDMI,Memoria,Cable AC',10),('GCI1-0',1,'',6,1,'2025-09-20','',150.00,'','Mando de juego,Cable HDMI,Memoria,Cable AC',1),('GCI1-1',1,'',1,0,'2025-09-26','PRODUCTO DE PRUEBA',120.00,'CUBO2','Mando de juego,Cable HDMI,Memoria,Cable AC',2),('GCI1-2',1,'',7,0,'2025-09-26','PRODUCTO DE PRUEBA 3',130.00,'CUBO 3','Mando de juego,Cable HDMI,Memoria,Cable AC',3),('PS5W1TB-12',3,'',8,0,'2025-10-03','',240.00,'2','Mando de juego,Cable HDMI,Memoria,Cable AC',13),('PS5W1TB-14',3,'',8,0,'2025-10-04','',300.00,'prueba','Mando de juego,Cable HDMI,Memoria,Cable AC',15),('PS5W1TB-35',3,'N/A',1,0,'2026-01-16','',327.50,'CFI-1216A','Cable AC,Cable HDMI',36);
/*!40000 ALTER TABLE `productosbases` ENABLE KEYS */;
UNLOCK TABLES;

--
-- Table structure for table `roles`
--

DROP TABLE IF EXISTS `roles`;
/*!40101 SET @saved_cs_client     = @@character_set_client */;
/*!50503 SET character_set_client = utf8mb4 */;
CREATE TABLE `roles` (
  `IdRolPK` int NOT NULL AUTO_INCREMENT,
  `NombreRol` varchar(50) NOT NULL,
  PRIMARY KEY (`IdRolPK`),
  UNIQUE KEY `NombreRol` (`NombreRol`)
) ENGINE=InnoDB AUTO_INCREMENT=4 DEFAULT CHARSET=utf8mb4 COLLATE=utf8mb4_0900_ai_ci;
/*!40101 SET character_set_client = @saved_cs_client */;

--
-- Dumping data for table `roles`
--

LOCK TABLES `roles` WRITE;
/*!40000 ALTER TABLE `roles` DISABLE KEYS */;
INSERT INTO `roles` VALUES (1,'Admin'),(3,'Logistica'),(2,'Vendedor');
/*!40000 ALTER TABLE `roles` ENABLE KEYS */;
UNLOCK TABLES;

--
-- Table structure for table `serviciosbase`
--

DROP TABLE IF EXISTS `serviciosbase`;
/*!40101 SET @saved_cs_client     = @@character_set_client */;
/*!50503 SET character_set_client = utf8mb4 */;
CREATE TABLE `serviciosbase` (
  `IdServicioPK` int NOT NULL AUTO_INCREMENT,
  `DescripcionServicio` varchar(255) DEFAULT NULL,
  `Estado` tinyint(1) NOT NULL DEFAULT '1',
  `PrecioBase` decimal(6,2) DEFAULT NULL,
  `Comentario` varchar(10000) DEFAULT NULL,
  `FechaIngreso` date DEFAULT NULL,
  PRIMARY KEY (`IdServicioPK`)
) ENGINE=InnoDB AUTO_INCREMENT=8 DEFAULT CHARSET=utf8mb4 COLLATE=utf8mb4_0900_ai_ci;
/*!40101 SET character_set_client = @saved_cs_client */;

--
-- Dumping data for table `serviciosbase`
--

LOCK TABLES `serviciosbase` WRITE;
/*!40000 ALTER TABLE `serviciosbase` DISABLE KEYS */;
INSERT INTO `serviciosbase` VALUES (1,'Mantenimiento Laptop',1,25.00,'El uso de pasta trmica se ofrece gratuitamente.','2025-09-26'),(2,'Mantemiento PS4',1,40.00,'Limpieza general mas cambio de pasta trmica.','2025-09-26'),(3,'servicio noctua 50g',1,10.00,'','2025-10-29'),(4,'Servicio de prueba 2',1,45.00,'Lorem ipsum dolor sit amet, consectetuer adipiscing elit. Aenean commodo ligula eget dolor. Aenean massa. Cum sociis natoque penatibus et magnis dis parturient montes, nascetur ridiculus mus. Donec quam felis, ultricies nec, pellentesque eu, pretium quis, sem. Nulla consequat massa quis enim. Donec pede justo, fringilla vel, aliquet nec, vulputate eget, arcu. In enim justo, rhoncus ut, imperdiet a, venenatis vitae, justo. Nullam dictum felis eu pede mollis pretium. Integer tincidunt. Cras dapibus. Vivamus elementum semper nisi. Aenean vulputate eleifend tellus. Aenean leo ligula, porttitor eu, consequat vitae, eleifend ac, enim. Aliquam lorem ante, dapibus in, viverra quis, feugiat a, tellus. Phasellus viverra nulla ut metus varius laoreet. Quisque rutrum. Aenean imperdiet. Etiam ultricies nisi vel augue. Curabitur ullamcorper ultricies nisi. Nam eget dui. Etiam rhoncus. Maecenas tempus, tellus eget condimentum rhoncus, sem quam semper libero, sit amet adipiscing sem neque sed ipsum. Nam quam nunc, blandit vel, luctus pulvinar, hendrerit id, lorem. Maecenas nec odio et ante tincidunt tempus. Donec vitae sapien ut libero venenatis faucibus. Nullam quis ante. Etiam sit amet orci eget eros faucibus tincidunt. Duis leo. Sed fringilla mauris sit amet nibh. Donec sodales sagittis magna. Sed consequat, leo eget bibendum sodales, augue velit cursus nunc, quis gravida magna mi a libero. Fusce vulputate eleifend sapien. Vestibulum purus quam, scelerisque ut, mollis sed, nonummy id, metus. Nullam accumsan lorem in dui. Cras ultricies mi eu turpis hendrerit fringilla. Vestibulum ante ipsum primis in faucibus orci luctus et ultrices posuere cubilia Curae; In ac dui quis mi consectetuer lacinia. Nam pretium turpis et arcu. Duis arcu tortor, suscipit eget, imperdiet nec, imperdiet iaculis, ipsum. Sed aliquam ultrices mauris. Integer ante arcu, accumsan a, consectetuer eget, posuere ut, mauris. Praesent adipiscing. Phasellus ullamcorper ipsum rutrum nunc. Nunc nonummy metus. Vestibulum volutpat pretium libero. Cras id dui. Aenean ut eros et nisl sagittis vestibulum. Nullam nulla eros, ultricies sit amet, nonummy id, imperdiet feugiat, pede. Sed lectus. Donec mollis hendrerit risus. Phasellus nec sem in justo pellentesque facilisis. Etiam imperdiet imperdiet orci. Nunc nec neque. Phasellus leo dolor, tempus non, auctor et, hendrerit quis, nisi. Curabitur ligula sapien, tincidunt non, euismod vitae, posuere imperdiet, leo. Maecenas malesuada. Praesent congue erat at massa. Sed cursus turpis vitae tortor. Donec posuere vulputate arcu. Phasellus accumsan cursus velit. Vestibulum ante ipsum primis in faucibus orci luctus et ultrices posuere cubilia Curae; Sed aliquam, nisi quis porttitor congue, elit erat euismod orci, ac placerat dolor lectus quis orci. Phasellus consectetuer vestibulum elit. Aenean tellus metus, bibendum sed, posuere ac, mattis non, nunc. Vestibulum fringilla pede sit amet augue. In turpis. Pellentesque posuere. Praesent turpis. Aenean posuere, tortor sed cursus feugiat, nunc augue blandit nunc, eu sollicitudin urna dolor sagittis lacus. Donec elit libero, sodales nec, volutpat a, suscipit non, turpis. Nullam sagittis. Suspendisse pulvinar, augue ac venenatis condimentum, sem libero volutpat nibh, nec pellentesque velit pede quis nunc. Vestibulum ante ipsum primis in faucibus orci luctus et ultrices posuere cubilia Curae; Fusce id purus. Ut varius tincidunt libero. Phasellus dolor. Maecenas vestibulum mollis diam. Pellentesque ut neque. Pellentesque habitant morbi tristique senectus et netus et malesuada fames ac turpis egestas. In dui magna, posuere eget, vestibulum et, tempor auctor, justo. In ac felis quis tortor malesuada pretium. Pellentesque auctor neque nec urna. Proin sapien ipsum, porta a, auctor quis, euismod ut, mi. Aenean viverra rhoncus pede. Pellentesque habitant morbi tristique senectus et netus et malesuada fames ac turpis egestas. Ut non enim eleifend felis pretium feugiat. Vivamus quis mi. Phasellus a est. Phasellus magna. In hac habitasse platea dictumst. Curabitur at lacus ac velit ornare lobortis. Curabitur a felis in nunc fringilla tristique. Morbi mattis ullamcorper velit. Phasellus gravida semper nisi. Nullam vel sem. Pellentesque libero tortor, tincidunt et, tincidunt eget, semper nec, quam. Sed hendrerit. Morbi ac felis. Nunc egestas, augue at pellentesque laoreet, felis eros vehicula leo, at malesuada velit leo quis pede. Donec interdum, metus et hendrerit aliquet, dolor diam sagittis ligula, eget egestas libero turpis vel mi. Nunc nulla. Fusce risus nisl, viverra et, tempor et, pretium in, sapien. Donec venenatis vulputate lorem. Morbi nec metus. Phasellus blandit leo ut odio. Maecenas ullamcorper, dui et placerat feugiat, eros pede varius nisi, condimentum viverra felis nunc et lorem. Sed magna purus, fermentum eu, tincidunt eu, varius ut, felis. In auctor lobortis lacus. Quisque libero metus, condimentum nec, tempor a, commodo mollis, magna. Vestibulum ullamcorper mauris at ligula. Fusce fermentum. Nullam cursus lacinia erat. Praesent blandit laoreet nibh. Fusce convallis metus id felis luctus adipiscing. Pellentesque egestas, neque sit amet convallis pulvinar, justo nulla eleifend augue, ac auctor orci leo non est. Quisque id mi. Ut tincidunt tincidunt erat. Etiam feugiat lorem non metus. Vestibulum dapibus nunc ac augue. Curabitur vestibulum aliquam leo. Praesent egestas neque eu enim. In hac habitasse platea dictumst. Fusce a quam. Etiam ut purus mattis mauris sodales aliquam. Curabitur nisi. Quisque malesuada placerat nisl. Nam ipsum risus, rutrum vitae, vestibulum eu, molestie vel, lacus. Sed augue ipsum, egestas nec, vestibulum et, malesuada adipiscing, dui. Vestibulum facilisis, purus nec pulvinar iaculis, ligula mi congue nunc, vitae euismod ligula urna in dolor. Mauris sollicitudin fermentum libero. Praesent nonummy mi in odio. Nunc interdum lacus sit amet orci. Vestibulum rutrum, mi nec elementum vehicula, eros quam gravida nisl, id fringilla neque ante vel mi. Morbi mollis tellus ac sapien. Phasellus volutpat, metus eget egestas mollis, lacus lacus blandit dui, id egestas quam mauris ut lacus. Fusce vel dui. Sed in libero ut nibh placerat accumsan. Proin faucibus arcu quis ante. In consectetuer turpis ut velit. Nulla sit amet est. Praesent metus tellus, elementum eu, semper a, adipiscing nec, purus. Cras risus ipsum, faucibus ut, ullamcorper id, varius ac, leo. Suspendisse feugiat. Suspendisse enim turpis, dictum sed, iaculis a, condimentum nec, nisi. Praesent nec nisl a purus blandit viverra. Praesent ac massa at ligula laoreet iaculis. Nulla neque dolor, sagittis eget, iaculis quis, molestie non, velit. Mauris turpis nunc, blandit et, volutpat molestie, porta ut, ligula. Fusce pharetra convallis urna. Quisque ut nisi. Donec mi odio, faucibus at, scelerisque quis, convallis in, nisi. Suspendisse non nisl sit amet velit hendrerit rutrum. Ut leo. Ut a nisl id ante tempus hendrerit. Proin pretium, leo ac pellentesque mollis, felis nunc ultrices eros, sed gravida augue augue mollis justo. Suspendisse eu ligula. Nulla facilisi. Donec id justo. Praesent porttitor, nulla vitae posuere iaculis, arcu nisl dignissim dolor, a pretium mi sem ut ipsum. Curabitur suscipit suscipit tellus. Praesent vestibulum dapibus nibh. Etiam iaculis nunc ac metus. Ut id nisl quis enim dignissim sagittis. Etiam sollicitudin, ipsum eu pulvinar rutrum, tellus ipsum laoreet sapien, quis venenatis ante odio sit amet eros. Proin magna. Duis vel nibh at velit scelerisque suscipit. Curabitur turpis. Vestibulum suscipit nulla quis orci. Fusce ac felis sit amet ligula pharetra condimentum. Maecenas egestas arcu quis ligula mattis placerat. Duis lobortis massa imperdiet quam. Suspendisse potenti. Pellentesque commodo eros a enim. Vestibulum turpis sem, aliquet eget, lobortis pellentesque, rutrum eu, nisl. Sed libero. Aliquam erat volutpat. Etiam vitae tortor. Morbi vestibulum volutpat enim. Aliquam eu nunc. Nunc sed turpis. Sed mollis, eros et ultrices tempus, mauris ipsum aliquam libero, non adipiscing dolor urna a orci. Nulla porta dolor. Class aptent taciti sociosqu ad litora torquent per conubia nostra, per inceptos hymenaeos. Pellentesque dapibus hendrerit tortor. Praesent egestas tristique nibh. Sed a libero. Cras varius. Donec vitae orci sed dolor rutrum auctor. Fusce egestas elit eget lorem. Suspendisse nisl elit, rhoncus eget, elementum ac, condimentum eget, diam. Nam at tortor in tellus interdum sagittis. Aliquam lobortis. Donec orci lectus, aliquam ut, faucibus non, euismod id, nulla. Curabitur blandit mollis lacus. Nam adipiscing. Vestibulum eu odio. Vivamus laoreet. Nullam tincidunt adipiscing enim. Phasellus tempus. Proin viverra, ligula sit amet ultrices semper, ligula arcu tristique sapien, a accumsan nisi mauris ac eros. Fusce neque. Suspendisse faucibus, nunc et pellentesque egestas, lacus ante convallis tellus, vitae iaculis lacus elit id tortor. Vivamus aliquet elit ac nisl. Fusce fermentum odio nec arcu. Vivamus euismod mauris. In ut quam vitae odio lacinia tincidunt. Praesent ut ligula non mi varius sagittis. Cras sagittis. Praesent ac sem eget est egestas volutpat. Vivamus consectetuer hendrerit lacs. Cras non dolor. Vivamus in erat ut urna cursus vestibulum. Fusce commodo aliquam arcu. Nam commodo suscipit quam. Quisque id odio. Praesent venenatis metus at tortor pulvinar varius. Lorem ipsum dolor sit amet, consectetuer adipiscing elit. Aenean commodo ligula eget dolor. Aenean massa. Cum sociis natoque penatibus et magnis dis parturient montes, nascetur ridiculus mus. Donec quam felis, ultricies nec, pellentesque eu, pretium quis, sem. Nulla consequat massa quis enim. Donec pede justo, fringilla vel, aliquet nec, vulputate eget, arcu. In enim justo, rhoncus ut, imperdiet a, venenatis vitae, justo. Nullam dictum felis eu pede mollis pretium. Integer tincidunt. Cras dapibus. Vivamus elementum semper nisi. Aenean vulputate eleifend tellus. Aenean leo ligula, porttitor eu, consequat vitae','2025-11-01'),(5,'Chipeo Switch',0,45.00,'','2025-11-15'),(6,'Mantenimiento de PC',1,30.00,'Se ofrece un mantenimiento preventivo','2026-01-17'),(7,'Cambio de batera SPR-003 (3DSXL family) ',1,20.00,'','2026-01-31');
/*!40000 ALTER TABLE `serviciosbase` ENABLE KEYS */;
UNLOCK TABLES;

--
-- Table structure for table `sitioweb`
--

DROP TABLE IF EXISTS `sitioweb`;
/*!40101 SET @saved_cs_client     = @@character_set_client */;
/*!50503 SET character_set_client = utf8mb4 */;
CREATE TABLE `sitioweb` (
  `CodigoSitioWeb` int NOT NULL AUTO_INCREMENT,
  `DescripcionSitioWeb` varchar(100) NOT NULL,
  PRIMARY KEY (`CodigoSitioWeb`)
) ENGINE=InnoDB AUTO_INCREMENT=6 DEFAULT CHARSET=utf8mb4 COLLATE=utf8mb4_0900_ai_ci;
/*!40101 SET character_set_client = @saved_cs_client */;

--
-- Dumping data for table `sitioweb`
--

LOCK TABLES `sitioweb` WRITE;
/*!40000 ALTER TABLE `sitioweb` DISABLE KEYS */;
INSERT INTO `sitioweb` VALUES (1,'Ebay'),(2,'AliExpress'),(3,'Amazon'),(4,'Mercado Libre'),(5,'Otros');
/*!40000 ALTER TABLE `sitioweb` ENABLE KEYS */;
UNLOCK TABLES;

--
-- Table structure for table `subcategoriasaccesorios`
--

DROP TABLE IF EXISTS `subcategoriasaccesorios`;
/*!40101 SET @saved_cs_client     = @@character_set_client */;
/*!50503 SET character_set_client = utf8mb4 */;
CREATE TABLE `subcategoriasaccesorios` (
  `IdSubcategoriaAccesorio` int NOT NULL AUTO_INCREMENT,
  `NombreSubcategoriaAccesorio` varchar(100) DEFAULT NULL,
  `IdCategoriaAccesorioFK` int DEFAULT NULL,
  `Activo` tinyint(1) NOT NULL DEFAULT '1',
  PRIMARY KEY (`IdSubcategoriaAccesorio`),
  KEY `IdCategoriaAccesorioFK` (`IdCategoriaAccesorioFK`),
  CONSTRAINT `subcategoriasaccesorios_ibfk_1` FOREIGN KEY (`IdCategoriaAccesorioFK`) REFERENCES `categoriasaccesorios` (`IdCategoriaAccesorioPK`)
) ENGINE=InnoDB AUTO_INCREMENT=5 DEFAULT CHARSET=utf8mb4 COLLATE=utf8mb4_0900_ai_ci;
/*!40101 SET character_set_client = @saved_cs_client */;

--
-- Dumping data for table `subcategoriasaccesorios`
--

LOCK TABLES `subcategoriasaccesorios` WRITE;
/*!40000 ALTER TABLE `subcategoriasaccesorios` DISABLE KEYS */;
INSERT INTO `subcategoriasaccesorios` VALUES (1,'Indigo',1,1),(2,'SPICE ORANGE',1,1),(3,'Silver',1,1),(4,'Ocean Blue',2,1);
/*!40000 ALTER TABLE `subcategoriasaccesorios` ENABLE KEYS */;
UNLOCK TABLES;

--
-- Table structure for table `subcategoriasinsumos`
--

DROP TABLE IF EXISTS `subcategoriasinsumos`;
/*!40101 SET @saved_cs_client     = @@character_set_client */;
/*!50503 SET character_set_client = utf8mb4 */;
CREATE TABLE `subcategoriasinsumos` (
  `IdSubcategoriaInsumos` int NOT NULL AUTO_INCREMENT,
  `NombreSubcategoriaInsumos` varchar(100) DEFAULT NULL,
  `IdCategoriaInsumosFK` int DEFAULT NULL,
  `Activo` tinyint(1) NOT NULL DEFAULT '1',
  PRIMARY KEY (`IdSubcategoriaInsumos`),
  KEY `IdCategoriaInsumosFK` (`IdCategoriaInsumosFK`),
  CONSTRAINT `subcategoriasinsumos_ibfk_1` FOREIGN KEY (`IdCategoriaInsumosFK`) REFERENCES `categoriasinsumos` (`IdCategoriaInsumosPK`)
) ENGINE=InnoDB AUTO_INCREMENT=6 DEFAULT CHARSET=utf8mb4 COLLATE=utf8mb4_0900_ai_ci;
/*!40101 SET character_set_client = @saved_cs_client */;

--
-- Dumping data for table `subcategoriasinsumos`
--

LOCK TABLES `subcategoriasinsumos` WRITE;
/*!40000 ALTER TABLE `subcategoriasinsumos` DISABLE KEYS */;
INSERT INTO `subcategoriasinsumos` VALUES (1,'RJ-45',1,1),(2,'NT-H1 0.12 oz',2,1),(3,'PICOFLY',1,1),(4,'NT-H1 0.50 oz',2,1),(5,'SPR-003 (3DSXL family)',3,1);
/*!40000 ALTER TABLE `subcategoriasinsumos` ENABLE KEYS */;
UNLOCK TABLES;

--
-- Table structure for table `subcategoriasproductos`
--

DROP TABLE IF EXISTS `subcategoriasproductos`;
/*!40101 SET @saved_cs_client     = @@character_set_client */;
/*!50503 SET character_set_client = utf8mb4 */;
CREATE TABLE `subcategoriasproductos` (
  `IdSubcategoria` int NOT NULL AUTO_INCREMENT,
  `NombreSubcategoria` varchar(100) DEFAULT NULL,
  `IdCategoriaFK` int DEFAULT NULL,
  `Activo` tinyint(1) NOT NULL DEFAULT '1',
  PRIMARY KEY (`IdSubcategoria`),
  KEY `IdCategoriaFK` (`IdCategoriaFK`),
  CONSTRAINT `subcategoriasproductos_ibfk_1` FOREIGN KEY (`IdCategoriaFK`) REFERENCES `categoriasproductos` (`IdCategoriaPK`)
) ENGINE=InnoDB AUTO_INCREMENT=6 DEFAULT CHARSET=utf8mb4 COLLATE=utf8mb4_0900_ai_ci;
/*!40101 SET character_set_client = @saved_cs_client */;

--
-- Dumping data for table `subcategoriasproductos`
--

LOCK TABLES `subcategoriasproductos` WRITE;
/*!40000 ALTER TABLE `subcategoriasproductos` DISABLE KEYS */;
INSERT INTO `subcategoriasproductos` VALUES (1,'Indigo',1,1),(2,'Orange',1,1),(3,'White 1TB',2,1),(4,'Silver',1,1),(5,'Jet Black',1,1);
/*!40000 ALTER TABLE `subcategoriasproductos` ENABLE KEYS */;
UNLOCK TABLES;

--
-- Table structure for table `tareasdeaccesorios`
--

DROP TABLE IF EXISTS `tareasdeaccesorios`;
/*!40101 SET @saved_cs_client     = @@character_set_client */;
/*!50503 SET character_set_client = utf8mb4 */;
CREATE TABLE `tareasdeaccesorios` (
  `IdTareaAccesorioPK` int NOT NULL AUTO_INCREMENT,
  `DescripcionTarea` varchar(100) DEFAULT NULL,
  `Realizado` tinyint(1) NOT NULL DEFAULT '0',
  `Activo` tinyint(1) NOT NULL DEFAULT '1',
  `IdCodigoAccesorioFK` varchar(25) DEFAULT NULL,
  PRIMARY KEY (`IdTareaAccesorioPK`),
  KEY `IdCodigoAccesorioFK` (`IdCodigoAccesorioFK`),
  CONSTRAINT `tareasdeaccesorios_ibfk_1` FOREIGN KEY (`IdCodigoAccesorioFK`) REFERENCES `accesoriosbase` (`CodigoAccesorio`)
) ENGINE=InnoDB AUTO_INCREMENT=20 DEFAULT CHARSET=utf8mb4 COLLATE=utf8mb4_0900_ai_ci;
/*!40101 SET character_set_client = @saved_cs_client */;

--
-- Dumping data for table `tareasdeaccesorios`
--

LOCK TABLES `tareasdeaccesorios` WRITE;
/*!40000 ALTER TABLE `tareasdeaccesorios` DISABLE KEYS */;
INSERT INTO `tareasdeaccesorios` VALUES (1,'Limpiar',0,1,'GCIJ1-1'),(2,'Limpiar',0,1,'GCIJ1-2'),(3,'Limpiar',0,1,'GCSO-3'),(4,'Limpiar',0,1,'GCSO-4'),(5,'Limpiar',0,1,'GCIJ-5'),(6,'null',0,1,'GSCTY-6'),(7,'null',0,1,'GSCTY-7'),(8,'Limpiar',0,1,'DS2OB-16'),(9,'Limpiar',0,1,'DS2OB-17'),(10,'null',0,1,'DS2OB-18'),(11,'null',0,1,'DS2OB-19'),(12,'null',0,1,'DS2OB-20'),(13,'null',0,1,'DS2OB-21'),(14,'null',0,1,'DS2OB-22'),(15,'null',0,1,'DS2OB-23'),(16,'null',0,1,'DS2OB-24'),(17,'null',0,1,'DS2OB-25'),(18,'null',0,1,'DS2OB-26'),(19,'null',0,1,'DS2OB-27');
/*!40000 ALTER TABLE `tareasdeaccesorios` ENABLE KEYS */;
UNLOCK TABLES;

--
-- Table structure for table `tareasdeinsumos`
--

DROP TABLE IF EXISTS `tareasdeinsumos`;
/*!40101 SET @saved_cs_client     = @@character_set_client */;
/*!50503 SET character_set_client = utf8mb4 */;
CREATE TABLE `tareasdeinsumos` (
  `IdTareaInsumosPK` int NOT NULL AUTO_INCREMENT,
  `DescripcionTarea` varchar(100) DEFAULT NULL,
  `Realizado` tinyint(1) NOT NULL DEFAULT '0',
  `Activo` tinyint(1) NOT NULL DEFAULT '1',
  `IdCodigoInsumoFK` varchar(25) DEFAULT NULL,
  PRIMARY KEY (`IdTareaInsumosPK`),
  KEY `IdCodigoInsumoFK` (`IdCodigoInsumoFK`),
  CONSTRAINT `tareasdeinsumos_ibfk_1` FOREIGN KEY (`IdCodigoInsumoFK`) REFERENCES `insumosbase` (`CodigoInsumo`)
) ENGINE=InnoDB DEFAULT CHARSET=utf8mb4 COLLATE=utf8mb4_0900_ai_ci;
/*!40101 SET character_set_client = @saved_cs_client */;

--
-- Dumping data for table `tareasdeinsumos`
--

LOCK TABLES `tareasdeinsumos` WRITE;
/*!40000 ALTER TABLE `tareasdeinsumos` DISABLE KEYS */;
/*!40000 ALTER TABLE `tareasdeinsumos` ENABLE KEYS */;
UNLOCK TABLES;

--
-- Table structure for table `tareasdeproductos`
--

DROP TABLE IF EXISTS `tareasdeproductos`;
/*!40101 SET @saved_cs_client     = @@character_set_client */;
/*!50503 SET character_set_client = utf8mb4 */;
CREATE TABLE `tareasdeproductos` (
  `IdTareaPK` int NOT NULL AUTO_INCREMENT,
  `DescripcionTarea` varchar(100) DEFAULT NULL,
  `Realizado` tinyint(1) NOT NULL DEFAULT '0',
  `Activo` tinyint(1) NOT NULL DEFAULT '1',
  `IdCodigoConsolaFK` varchar(25) DEFAULT NULL,
  PRIMARY KEY (`IdTareaPK`),
  KEY `IdCodigoConsolaFK` (`IdCodigoConsolaFK`),
  CONSTRAINT `tareasdeproductos_ibfk_1` FOREIGN KEY (`IdCodigoConsolaFK`) REFERENCES `productosbases` (`CodigoConsola`)
) ENGINE=InnoDB AUTO_INCREMENT=44 DEFAULT CHARSET=utf8mb4 COLLATE=utf8mb4_0900_ai_ci;
/*!40101 SET character_set_client = @saved_cs_client */;

--
-- Dumping data for table `tareasdeproductos`
--

LOCK TABLES `tareasdeproductos` WRITE;
/*!40000 ALTER TABLE `tareasdeproductos` DISABLE KEYS */;
INSERT INTO `tareasdeproductos` VALUES (1,'Limpiar',0,1,'GCI1-0'),(2,'Limpiar',1,1,'GCI1-1'),(3,'Limpiar',0,1,'GCI1-2'),(4,'Limpiar',0,1,'CGSO2-3'),(5,'Limpiar',0,1,'GCI-4'),(6,'Limpiar',0,1,'GCI-5'),(7,'Limpiar',0,1,'GCI-6'),(8,'Limpiar',0,1,'GCI-7'),(9,'Limpiar',0,1,'GCI-8'),(10,'Limpiar',0,1,'GCI-9'),(11,'Limpiar',1,1,'GCI-10'),(12,'Limpiar',0,1,'GCI-11'),(13,'Limpiar',0,1,'PS5W1TB-12'),(14,'Limpiar',0,1,'GCI-13'),(15,'Limpiar',0,1,'PS5W1TB-14'),(16,'Limpiar',0,1,'CGI2-15'),(17,'Limpiar',0,1,'CGI2-16'),(18,'Limpiar',0,1,'CGI2-17'),(19,'Limpiar',0,1,'CGI2-18'),(20,'Limpiar',0,1,'CGI2-19'),(21,'Limpiar',0,1,'CGI2-20'),(22,'Limpiar',0,1,'CGI2-21'),(23,'Limpiar',0,1,'CGI-22'),(24,'Revisar',0,1,'CGI-22'),(25,'Chipear',0,1,'CGI-22'),(26,'Limpiar',0,1,'CGI-23'),(27,'Limpiar',0,1,'CGI-24'),(28,'Limpiar',0,1,'CGSO-25'),(29,'Limpiar',0,1,'CGSO-26'),(30,'Tralalero',0,1,'CGSO-26'),(31,'Limpiar',0,1,'CGSO-27'),(32,'Limpiar',0,1,'CGSO-28'),(33,'Tralalero',0,1,'CGSO-28'),(34,'Limpiar',0,1,'CGSO-29'),(35,'Limpiar',0,1,'CGSO-30'),(36,'Tralalero',0,1,'CGSO-30'),(37,'Limpiar',0,1,'CGSO-31'),(38,'Limpiar',0,1,'CGSO-32'),(39,'Tralalero',0,1,'CGSO-32'),(40,'Limpiar',0,1,'CGSO-33'),(41,'Limpiar',0,1,'CGSO-34'),(42,'Tralalero',0,1,'CGSO-34'),(43,'Limpiar',0,1,'PS5W1TB-35');
/*!40000 ALTER TABLE `tareasdeproductos` ENABLE KEYS */;
UNLOCK TABLES;

--
-- Table structure for table `tipoarticulo`
--

DROP TABLE IF EXISTS `tipoarticulo`;
/*!40101 SET @saved_cs_client     = @@character_set_client */;
/*!50503 SET character_set_client = utf8mb4 */;
CREATE TABLE `tipoarticulo` (
  `IdTipoArticuloPK` int NOT NULL AUTO_INCREMENT,
  `DescripcionTipoArticulo` varchar(100) NOT NULL,
  `Estado` tinyint(1) NOT NULL DEFAULT '1',
  PRIMARY KEY (`IdTipoArticuloPK`)
) ENGINE=InnoDB AUTO_INCREMENT=4 DEFAULT CHARSET=utf8mb4 COLLATE=utf8mb4_0900_ai_ci;
/*!40101 SET character_set_client = @saved_cs_client */;

--
-- Dumping data for table `tipoarticulo`
--

LOCK TABLES `tipoarticulo` WRITE;
/*!40000 ALTER TABLE `tipoarticulo` DISABLE KEYS */;
INSERT INTO `tipoarticulo` VALUES (1,'Producto',1),(2,'Accesorio',1),(3,'Insumo',1);
/*!40000 ALTER TABLE `tipoarticulo` ENABLE KEYS */;
UNLOCK TABLES;

--
-- Table structure for table `tipodocumento`
--

DROP TABLE IF EXISTS `tipodocumento`;
/*!40101 SET @saved_cs_client     = @@character_set_client */;
/*!50503 SET character_set_client = utf8mb4 */;
CREATE TABLE `tipodocumento` (
  `IdTipoDocumentoPK` int NOT NULL AUTO_INCREMENT,
  `DescripcionDocumento` varchar(100) DEFAULT NULL,
  PRIMARY KEY (`IdTipoDocumentoPK`)
) ENGINE=InnoDB AUTO_INCREMENT=4 DEFAULT CHARSET=utf8mb4 COLLATE=utf8mb4_0900_ai_ci;
/*!40101 SET character_set_client = @saved_cs_client */;

--
-- Dumping data for table `tipodocumento`
--

LOCK TABLES `tipodocumento` WRITE;
/*!40000 ALTER TABLE `tipodocumento` DISABLE KEYS */;
INSERT INTO `tipodocumento` VALUES (1,'En Espera'),(2,'Proforma'),(3,'Factura');
/*!40000 ALTER TABLE `tipodocumento` ENABLE KEYS */;
UNLOCK TABLES;

--
-- Table structure for table `tipopedido`
--

DROP TABLE IF EXISTS `tipopedido`;
/*!40101 SET @saved_cs_client     = @@character_set_client */;
/*!50503 SET character_set_client = utf8mb4 */;
CREATE TABLE `tipopedido` (
  `CodigoTipoPedido` int NOT NULL AUTO_INCREMENT,
  `DescripcionTipoPedido` varchar(100) NOT NULL,
  PRIMARY KEY (`CodigoTipoPedido`)
) ENGINE=InnoDB AUTO_INCREMENT=3 DEFAULT CHARSET=utf8mb4 COLLATE=utf8mb4_0900_ai_ci;
/*!40101 SET character_set_client = @saved_cs_client */;

--
-- Dumping data for table `tipopedido`
--

LOCK TABLES `tipopedido` WRITE;
/*!40000 ALTER TABLE `tipopedido` DISABLE KEYS */;
INSERT INTO `tipopedido` VALUES (1,'Areo'),(2,'Martimo');
/*!40000 ALTER TABLE `tipopedido` ENABLE KEYS */;
UNLOCK TABLES;

--
-- Table structure for table `tiposaccesorios`
--

DROP TABLE IF EXISTS `tiposaccesorios`;
/*!40101 SET @saved_cs_client     = @@character_set_client */;
/*!50503 SET character_set_client = utf8mb4 */;
CREATE TABLE `tiposaccesorios` (
  `IdTipoAccesorioPK` int NOT NULL AUTO_INCREMENT,
  `CodigoAccesorio` varchar(25) DEFAULT NULL,
  `DescripcionAccesorio` varchar(100) DEFAULT NULL,
  `Activo` tinyint(1) NOT NULL DEFAULT '1',
  PRIMARY KEY (`IdTipoAccesorioPK`)
) ENGINE=InnoDB AUTO_INCREMENT=9 DEFAULT CHARSET=utf8mb4 COLLATE=utf8mb4_0900_ai_ci;
/*!40101 SET character_set_client = @saved_cs_client */;

--
-- Dumping data for table `tiposaccesorios`
--

LOCK TABLES `tiposaccesorios` WRITE;
/*!40000 ALTER TABLE `tiposaccesorios` DISABLE KEYS */;
INSERT INTO `tiposaccesorios` VALUES (1,'J001','Mando de juego',1),(2,'C001','Cable HDMI',1),(3,'X001','Mando de Monitor',1),(4,'M001','Memoria',1),(5,'C002','Cable AC',1),(6,'C003','Control PS2',1),(7,'C004','Micro SD 64GB1',0),(8,'KLLL','Prueba',0);
/*!40000 ALTER TABLE `tiposaccesorios` ENABLE KEYS */;
UNLOCK TABLES;

--
-- Table structure for table `tiposproductos`
--

DROP TABLE IF EXISTS `tiposproductos`;
/*!40101 SET @saved_cs_client     = @@character_set_client */;
/*!50503 SET character_set_client = utf8mb4 */;
CREATE TABLE `tiposproductos` (
  `IdTipoProductoPK` int NOT NULL AUTO_INCREMENT,
  `DescripcionTipoProducto` varchar(100) DEFAULT NULL,
  `Activo` tinyint(1) NOT NULL DEFAULT '1',
  PRIMARY KEY (`IdTipoProductoPK`)
) ENGINE=InnoDB AUTO_INCREMENT=7 DEFAULT CHARSET=utf8mb4 COLLATE=utf8mb4_0900_ai_ci;
/*!40101 SET character_set_client = @saved_cs_client */;

--
-- Dumping data for table `tiposproductos`
--

LOCK TABLES `tiposproductos` WRITE;
/*!40000 ALTER TABLE `tiposproductos` DISABLE KEYS */;
INSERT INTO `tiposproductos` VALUES (1,'Consola de juegos1',1),(2,'Monitor',1),(3,'Laptop',1),(4,'Consola Porttil',1),(5,'borrado',0),(6,'prueba 2',0);
/*!40000 ALTER TABLE `tiposproductos` ENABLE KEYS */;
UNLOCK TABLES;

--
-- Table structure for table `usuarios`
--

DROP TABLE IF EXISTS `usuarios`;
/*!40101 SET @saved_cs_client     = @@character_set_client */;
/*!50503 SET character_set_client = utf8mb4 */;
CREATE TABLE `usuarios` (
  `IdUsuarioPK` int NOT NULL AUTO_INCREMENT,
  `Nombre` varchar(100) NOT NULL,
  `Correo` varchar(100) NOT NULL,
  `Password` varchar(255) NOT NULL,
  `FechaIngresoUsuario` date DEFAULT NULL,
  `IdEstadoFK` int NOT NULL,
  `IdRolFK` int NOT NULL,
  PRIMARY KEY (`IdUsuarioPK`),
  UNIQUE KEY `Correo` (`Correo`),
  KEY `IdRolFK` (`IdRolFK`),
  KEY `IdEstadoFK` (`IdEstadoFK`),
  CONSTRAINT `usuarios_ibfk_1` FOREIGN KEY (`IdRolFK`) REFERENCES `roles` (`IdRolPK`),
  CONSTRAINT `usuarios_ibfk_2` FOREIGN KEY (`IdEstadoFK`) REFERENCES `estadousuarios` (`IdEstadoPK`)
) ENGINE=InnoDB AUTO_INCREMENT=6 DEFAULT CHARSET=utf8mb4 COLLATE=utf8mb4_0900_ai_ci;
/*!40101 SET character_set_client = @saved_cs_client */;

--
-- Dumping data for table `usuarios`
--

LOCK TABLES `usuarios` WRITE;
/*!40000 ALTER TABLE `usuarios` DISABLE KEYS */;
INSERT INTO `usuarios` VALUES (1,'Usuario Default Administrador 3','correoejemplo2@ragganel.com','$2b$10$fJqJ2zwn1Bc7kfyTFpG3ZOL9hhiiXz8Q7.NC5GnZhC.XN0hBWGYlK','2025-03-18',1,1),(2,'Rommel','correoejemplo1@ragganel.com','$2a$10$G1AVgRwbrSbhHloc65PemulJr3/6n8scDT0YynGZzNQgwfBVWsyYy','2025-10-03',1,1),(3,'usuario test','usuariotest@gmail.com','$2b$10$VK1pnOGhMYftTkV4DT1gOuRIuewaL1Gmja4WKtlFv.Xh5XA8SIL3y','2025-11-01',1,1),(4,'usuario vendedor test','vendedortest@ragganel.com','$2b$10$WI1ULgzmpQFs/KYX/dyxWe.RyB1ke7wBr9ZDlXQ6UlVfklWtJCQWu','2025-11-01',1,2),(5,'usuario 3','prueba3@siagtec.com','$2b$10$Xj6.pXz5UImCgU1MT3PVW.79DumsbH38qAL6UICYVaOMZvzwLO5uS','2025-11-01',1,3);
/*!40000 ALTER TABLE `usuarios` ENABLE KEYS */;
UNLOCK TABLES;

--
-- Table structure for table `ventasbase`
--

DROP TABLE IF EXISTS `ventasbase`;
/*!40101 SET @saved_cs_client     = @@character_set_client */;
/*!50503 SET character_set_client = utf8mb4 */;
CREATE TABLE `ventasbase` (
  `IdVentaPK` int NOT NULL AUTO_INCREMENT,
  `FechaCreacion` datetime NOT NULL,
  `IdTipoDocumentoFK` int NOT NULL,
  `NumeroDocumento` varchar(255) DEFAULT NULL,
  `SubtotalVenta` decimal(6,2) DEFAULT NULL,
  `IVA` decimal(6,2) DEFAULT NULL,
  `TotalVenta` decimal(6,2) DEFAULT NULL,
  `IdEstadoVentaFK` int NOT NULL,
  `IdMetodoDePagoFK` int NOT NULL,
  `IdUsuarioFK` int NOT NULL,
  `IdClienteFK` int NOT NULL,
  `Observaciones` varchar(10000) DEFAULT NULL,
  PRIMARY KEY (`IdVentaPK`),
  KEY `IdTipoDocumentoFK` (`IdTipoDocumentoFK`),
  KEY `IdEstadoVentaFK` (`IdEstadoVentaFK`),
  KEY `IdMetodoDePagoFK` (`IdMetodoDePagoFK`),
  KEY `IdUsuarioFK` (`IdUsuarioFK`),
  KEY `IdClienteFK` (`IdClienteFK`),
  CONSTRAINT `ventasbase_ibfk_1` FOREIGN KEY (`IdTipoDocumentoFK`) REFERENCES `tipodocumento` (`IdTipoDocumentoPK`),
  CONSTRAINT `ventasbase_ibfk_2` FOREIGN KEY (`IdEstadoVentaFK`) REFERENCES `estadoventa` (`IdEstadoVentaPK`),
  CONSTRAINT `ventasbase_ibfk_3` FOREIGN KEY (`IdMetodoDePagoFK`) REFERENCES `metodosdepago` (`IdMetodoPagoPK`),
  CONSTRAINT `ventasbase_ibfk_4` FOREIGN KEY (`IdUsuarioFK`) REFERENCES `usuarios` (`IdUsuarioPK`),
  CONSTRAINT `ventasbase_ibfk_5` FOREIGN KEY (`IdClienteFK`) REFERENCES `clientes` (`IdClientePK`)
) ENGINE=InnoDB AUTO_INCREMENT=45 DEFAULT CHARSET=utf8mb4 COLLATE=utf8mb4_0900_ai_ci;
/*!40101 SET character_set_client = @saved_cs_client */;

--
-- Dumping data for table `ventasbase`
--

LOCK TABLES `ventasbase` WRITE;
/*!40000 ALTER TABLE `ventasbase` DISABLE KEYS */;
INSERT INTO `ventasbase` VALUES (1,'2025-09-22 21:36:24',2,'P-000001',202.50,0.00,202.50,1,1,1,1,''),(2,'2025-09-22 21:36:31',3,'F-2025-00002',202.50,0.00,202.50,3,1,1,1,'Ref. Transferencia: N/A. Otros: N/A'),(3,'2025-10-09 21:36:08',3,'F-2025-00003',135.13,20.27,155.40,3,1,2,1,'Ref. Transferencia: N/A. Otros: N/A'),(4,'2025-10-09 21:39:01',3,'F-2025-00004',135.13,20.27,155.40,2,1,2,3,'Ref. Transferencia: N/A. Otros: N/A'),(5,'2025-10-09 22:05:58',3,'F-2025-00005',60.75,9.11,69.86,3,1,2,4,'Ref. Transferencia: N/A. Otros: N/A'),(6,'2025-10-09 22:09:25',3,'F-2025-00006',33.75,5.06,38.81,3,1,2,5,'Ref. Transferencia: N/A. Otros: N/A'),(7,'2025-10-24 20:30:52',3,'F-2025-00007',345.00,51.75,396.75,2,1,1,3,'Ref. Transferencia: N/A. Otros: N/A'),(8,'2025-11-01 22:17:16',2,'P-000002',324.00,0.00,324.00,1,1,2,1,''),(9,'2025-11-10 20:47:42',3,'F-2025-00009',56.25,8.44,64.69,2,1,2,2,'Ref. Transferencia: N/A. Otros: N/A'),(10,'2025-11-15 12:52:40',3,'F-2025-00010',25.00,3.75,28.75,2,1,2,3,'Ref. Transferencia: N/A. Otros: N/A'),(11,'2025-11-15 13:00:13',3,'F-2025-00011',13.50,2.03,15.53,2,1,2,4,'Ref. Transferencia: N/A. Otros: N/A'),(12,'2025-11-15 13:00:44',3,'F-2025-00012',51.75,7.76,59.51,2,1,2,4,'Ref. Transferencia: N/A. Otros: N/A'),(13,'2025-11-15 19:25:02',3,'F-2025-00013',28.75,4.31,33.06,2,1,2,4,'Ref. Transferencia: N/A. Otros: N/A'),(14,'2025-11-15 20:33:54',3,'F-2025-00014',135.00,20.25,155.25,2,1,2,3,'Ref. Transferencia: N/A. Otros: N/A'),(15,'2025-11-15 20:34:33',3,'F-2025-00015',225.00,33.75,258.75,2,1,2,4,'Ref. Transferencia: N/A. Otros: N/A'),(16,'2025-11-15 20:35:53',3,'F-2025-00016',90.00,13.50,103.50,2,1,2,14,'Ref. Transferencia: N/A. Otros: N/A'),(17,'2025-11-15 20:36:32',3,'F-2025-00017',45.00,6.75,51.75,2,1,2,2,'Ref. Transferencia: N/A. Otros: N/A'),(18,'2025-11-15 20:38:10',3,'F-2025-00018',93.15,13.97,107.12,2,1,2,4,'Ref. Transferencia: N/A. Otros: N/A'),(19,'2025-11-21 21:58:08',2,'P-000003',42.50,6.38,48.88,1,1,2,1,''),(20,'2025-11-21 22:11:48',3,'F-2025-00020',147.44,0.00,147.44,2,1,2,2,'Ref: N/A. '),(21,'2025-11-21 22:13:02',3,'F-2025-00021',38.25,5.74,43.99,2,1,2,1,'Ref: N/A. '),(22,'2025-11-21 22:47:10',2,'P-000004',68.00,10.20,78.20,1,1,2,4,''),(23,'2025-11-24 22:31:51',2,'P-000005',126.90,19.04,145.94,1,1,2,1,''),(24,'2025-11-24 22:32:18',2,'P-000006',126.90,0.00,126.90,1,1,2,1,''),(25,'2025-11-25 20:26:41',3,'F-2025-00025',145.13,21.77,166.90,3,1,2,2,'Ref: N/A. '),(26,'2025-12-15 20:48:07',2,'P-000007',33.75,5.06,38.81,1,1,2,1,''),(27,'2025-12-16 20:09:13',3,'F-2025-00027',33.75,5.06,38.81,2,1,2,1,'Ref: N/A. '),(28,'2025-12-16 20:09:30',3,'F-2025-00028',276.00,41.40,317.40,2,1,2,3,'Ref: N/A. '),(29,'2025-12-22 16:16:07',3,'F-2025-00029',51.00,7.65,58.65,2,1,2,2,'Ref: N/A. '),(30,'2026-01-21 22:47:22',3,'F-2026-00030',107.50,16.13,123.63,2,1,2,2,'Ref: N/A. '),(31,'2026-01-21 22:48:01',3,'F-2026-00031',129.00,19.35,148.35,3,1,2,3,'Ref: N/A. '),(32,'2026-01-21 22:48:49',3,'F-2026-00032',142.77,0.00,142.77,3,1,2,4,'Ref: N/A. '),(33,'2026-01-21 23:05:02',3,'F-2026-00033',129.00,19.35,148.35,2,1,2,3,'Ref: N/A. '),(34,'2026-01-21 23:06:52',3,'F-2026-00034',142.77,0.00,142.77,2,1,2,4,'Ref: N/A. '),(35,'2026-01-21 23:13:41',3,'F-2026-00035',174.00,26.10,200.10,2,2,2,5,'Ref: COMPROBANTE123BAC. LLEVA GARANTIA DE 3 MESES'),(36,'2026-01-23 14:30:44',3,'F-2026-00036',50.96,7.64,58.60,2,1,2,4,'Ref: N/A. '),(37,'2026-01-23 14:32:23',3,'F-2026-00037',50.96,7.64,58.60,2,1,2,4,'Ref: N/A. '),(38,'2026-01-26 21:19:37',2,'P-000008',196.09,29.41,225.50,1,1,1,5,''),(39,'2026-01-28 15:31:35',3,'F-2026-00039',196.09,29.41,225.50,2,1,1,5,'Ref: N/A. '),(40,'2026-01-28 15:35:17',3,'F-2026-00040',145.13,21.77,166.90,3,1,1,5,'Ref: N/A. '),(41,'2026-01-31 13:48:54',3,'F-2026-00041',50.96,7.64,58.60,2,1,2,2,'Ref: N/A. '),(42,'2026-01-31 15:31:21',3,'F-2026-00042',20.00,3.00,23.00,2,1,2,5,'Ref: N/A. '),(43,'2026-01-31 15:33:03',3,'F-2026-00043',20.25,3.04,23.29,2,1,2,5,'Ref: N/A. '),(44,'2026-01-31 15:42:54',3,'F-2026-00044',20.00,3.00,23.00,2,1,2,5,'Ref: N/A. ');
/*!40000 ALTER TABLE `ventasbase` ENABLE KEYS */;
UNLOCK TABLES;

--
-- Table structure for table `ventasext`
--

DROP TABLE IF EXISTS `ventasext`;
/*!40101 SET @saved_cs_client     = @@character_set_client */;
/*!50503 SET character_set_client = utf8mb4 */;
CREATE TABLE `ventasext` (
  `IdVentaFK` int NOT NULL,
  `NumeroReferenciaTransferencia` varchar(255) DEFAULT NULL,
  KEY `IdVentaFK` (`IdVentaFK`),
  CONSTRAINT `ventasext_ibfk_1` FOREIGN KEY (`IdVentaFK`) REFERENCES `ventasbase` (`IdVentaPK`)
) ENGINE=InnoDB DEFAULT CHARSET=utf8mb4 COLLATE=utf8mb4_0900_ai_ci;
/*!40101 SET character_set_client = @saved_cs_client */;

--
-- Dumping data for table `ventasext`
--

LOCK TABLES `ventasext` WRITE;
/*!40000 ALTER TABLE `ventasext` DISABLE KEYS */;
/*!40000 ALTER TABLE `ventasext` ENABLE KEYS */;
UNLOCK TABLES;

--
-- Temporary view structure for view `vistaarticulosinventariov3`
--

DROP TABLE IF EXISTS `vistaarticulosinventariov3`;
/*!50001 DROP VIEW IF EXISTS `vistaarticulosinventariov3`*/;
SET @saved_cs_client     = @@character_set_client;
/*!50503 SET character_set_client = utf8mb4 */;
/*!50001 CREATE VIEW `vistaarticulosinventariov3` AS SELECT 
 1 AS `Tipo`,
 1 AS `NombreArticulo`,
 1 AS `PrecioBase`,
 1 AS `LinkImagen`,
 1 AS `Codigo`,
 1 AS `Cantidad`,
 1 AS `Estado`*/;
SET character_set_client = @saved_cs_client;

--
-- Temporary view structure for view `vistainventarioagrupada`
--

DROP TABLE IF EXISTS `vistainventarioagrupada`;
/*!50001 DROP VIEW IF EXISTS `vistainventarioagrupada`*/;
SET @saved_cs_client     = @@character_set_client;
/*!50503 SET character_set_client = utf8mb4 */;
/*!50001 CREATE VIEW `vistainventarioagrupada` AS SELECT 
 1 AS `TipoArticulo`,
 1 AS `NombreFabricante`,
 1 AS `NombreCategoria`,
 1 AS `NombreSubcategoria`,
 1 AS `Estado`,
 1 AS `Cantidad`*/;
SET character_set_client = @saved_cs_client;

--
-- Temporary view structure for view `vistainventariogeneral`
--

DROP TABLE IF EXISTS `vistainventariogeneral`;
/*!50001 DROP VIEW IF EXISTS `vistainventariogeneral`*/;
SET @saved_cs_client     = @@character_set_client;
/*!50503 SET character_set_client = utf8mb4 */;
/*!50001 CREATE VIEW `vistainventariogeneral` AS SELECT 
 1 AS `Tipo`,
 1 AS `Codigo`,
 1 AS `NombreArticulo`,
 1 AS `Estado`,
 1 AS `Cantidad`,
 1 AS `PrecioBase`,
 1 AS `FechaIngreso`,
 1 AS `LinkImagen`*/;
SET character_set_client = @saved_cs_client;

--
-- Final view structure for view `vistaarticulosinventariov3`
--

/*!50001 DROP VIEW IF EXISTS `vistaarticulosinventariov3`*/;
/*!50001 SET @saved_cs_client          = @@character_set_client */;
/*!50001 SET @saved_cs_results         = @@character_set_results */;
/*!50001 SET @saved_col_connection     = @@collation_connection */;
/*!50001 SET character_set_client      = utf8mb4 */;
/*!50001 SET character_set_results     = utf8mb4 */;
/*!50001 SET collation_connection      = utf8mb4_0900_ai_ci */;
/*!50001 CREATE ALGORITHM=UNDEFINED */
/*!50013 DEFINER=`root`@`localhost` SQL SECURITY DEFINER */
/*!50001 VIEW `vistaarticulosinventariov3` AS select 'Producto' AS `Tipo`,concat(`f`.`NombreFabricante`,' - ',`c`.`NombreCategoria`,' - ',`s`.`NombreSubcategoria`) AS `NombreArticulo`,`p`.`PrecioBase` AS `PrecioBase`,`cat`.`LinkImagen` AS `LinkImagen`,`p`.`CodigoConsola` AS `Codigo`,1 AS `Cantidad`,`p`.`Estado` AS `Estado` from ((((`productosbases` `p` join `catalogoconsolas` `cat` on((`p`.`Modelo` = `cat`.`IdModeloConsolaPK`))) join `fabricantes` `f` on((`cat`.`Fabricante` = `f`.`IdFabricantePK`))) join `categoriasproductos` `c` on((`cat`.`Categoria` = `c`.`IdCategoriaPK`))) join `subcategoriasproductos` `s` on((`cat`.`Subcategoria` = `s`.`IdSubcategoria`))) where (`p`.`Estado` not in (7,8,9,10,11)) union select 'Accesorio' AS `Tipo`,concat(`fa`.`NombreFabricanteAccesorio`,' - ',`ca`.`NombreCategoriaAccesorio`,' - ',`sa`.`NombreSubcategoriaAccesorio`) AS `NombreArticulo`,`a`.`PrecioBase` AS `PrecioBase`,`cat`.`LinkImagen` AS `LinkImagen`,`a`.`CodigoAccesorio` AS `Codigo`,1 AS `Cantidad`,`a`.`EstadoAccesorio` AS `Estado` from ((((`accesoriosbase` `a` join `catalogoaccesorios` `cat` on((`a`.`ModeloAccesorio` = `cat`.`IdModeloAccesorioPK`))) join `fabricanteaccesorios` `fa` on((`cat`.`FabricanteAccesorio` = `fa`.`IdFabricanteAccesorioPK`))) join `categoriasaccesorios` `ca` on((`cat`.`CategoriaAccesorio` = `ca`.`IdCategoriaAccesorioPK`))) join `subcategoriasaccesorios` `sa` on((`cat`.`SubcategoriaAccesorio` = `sa`.`IdSubcategoriaAccesorio`))) where (`a`.`EstadoAccesorio` not in (7,8,9,10,11)) union select 'Insumo' AS `Tipo`,concat(`fi`.`NombreFabricanteInsumos`,' - ',`ci`.`NombreCategoriaInsumos`,' - ',`si`.`NombreSubcategoriaInsumos`) AS `NombreArticulo`,`i`.`PrecioBase` AS `PrecioBase`,`cat`.`LinkImagen` AS `LinkImagen`,`i`.`CodigoInsumo` AS `Codigo`,`i`.`Cantidad` AS `Cantidad`,`i`.`EstadoInsumo` AS `Estado` from ((((`insumosbase` `i` join `catalogoinsumos` `cat` on((`i`.`ModeloInsumo` = `cat`.`IdModeloInsumosPK`))) join `fabricanteinsumos` `fi` on((`cat`.`FabricanteInsumos` = `fi`.`IdFabricanteInsumosPK`))) join `categoriasinsumos` `ci` on((`cat`.`CategoriaInsumos` = `ci`.`IdCategoriaInsumosPK`))) join `subcategoriasinsumos` `si` on((`cat`.`SubcategoriaInsumos` = `si`.`IdSubcategoriaInsumos`))) where (`i`.`EstadoInsumo` not in (7,8,9,10,11)) union select 'Servicio' AS `Tipo`,`sb`.`DescripcionServicio` AS `NombreArticulo`,`sb`.`PrecioBase` AS `PrecioBase`,'default_servicio.png' AS `LinkImagen`,cast(`sb`.`IdServicioPK` as char charset utf8mb4) AS `Codigo`,coalesce(min(floor((coalesce(`ib`.`Cantidad`,0) / nullif(`ixs`.`CantidadDescargue`,0)))),1) AS `Cantidad`,`sb`.`Estado` AS `Estado` from ((`serviciosbase` `sb` left join `insumosxservicio` `ixs` on(((`sb`.`IdServicioPK` = `ixs`.`IdServicioFK`) and (`ixs`.`Estado` = 1)))) left join `insumosbase` `ib` on((`ixs`.`CodigoInsumoFK` = `ib`.`CodigoInsumo`))) where (`sb`.`Estado` = 1) group by `sb`.`IdServicioPK`,`sb`.`DescripcionServicio`,`sb`.`PrecioBase`,`sb`.`Estado` having (coalesce(min(floor((coalesce(`ib`.`Cantidad`,0) / nullif(`ixs`.`CantidadDescargue`,0)))),1) > 0) */;
/*!50001 SET character_set_client      = @saved_cs_client */;
/*!50001 SET character_set_results     = @saved_cs_results */;
/*!50001 SET collation_connection      = @saved_col_connection */;

--
-- Final view structure for view `vistainventarioagrupada`
--

/*!50001 DROP VIEW IF EXISTS `vistainventarioagrupada`*/;
/*!50001 SET @saved_cs_client          = @@character_set_client */;
/*!50001 SET @saved_cs_results         = @@character_set_results */;
/*!50001 SET @saved_col_connection     = @@collation_connection */;
/*!50001 SET character_set_client      = utf8mb4 */;
/*!50001 SET character_set_results     = utf8mb4 */;
/*!50001 SET collation_connection      = utf8mb4_0900_ai_ci */;
/*!50001 CREATE ALGORITHM=UNDEFINED */
/*!50013 DEFINER=`root`@`localhost` SQL SECURITY DEFINER */
/*!50001 VIEW `vistainventarioagrupada` AS select 'Producto' AS `TipoArticulo`,`f`.`NombreFabricante` AS `NombreFabricante`,`cp`.`NombreCategoria` AS `NombreCategoria`,`sp`.`NombreSubcategoria` AS `NombreSubcategoria`,`pb`.`Estado` AS `Estado`,count(0) AS `Cantidad` from ((((`productosbases` `pb` join `catalogoconsolas` `cc` on((`pb`.`Modelo` = `cc`.`IdModeloConsolaPK`))) join `fabricantes` `f` on((`cc`.`Fabricante` = `f`.`IdFabricantePK`))) join `categoriasproductos` `cp` on((`cc`.`Categoria` = `cp`.`IdCategoriaPK`))) join `subcategoriasproductos` `sp` on((`cc`.`Subcategoria` = `sp`.`IdSubcategoria`))) group by `TipoArticulo`,`f`.`NombreFabricante`,`cp`.`NombreCategoria`,`sp`.`NombreSubcategoria`,`pb`.`Estado` union all select 'Accesorio' AS `TipoArticulo`,`fa`.`NombreFabricanteAccesorio` AS `NombreFabricanteAccesorio`,`ca`.`NombreCategoriaAccesorio` AS `NombreCategoriaAccesorio`,`sa`.`NombreSubcategoriaAccesorio` AS `NombreSubcategoriaAccesorio`,`ab`.`EstadoAccesorio` AS `EstadoAccesorio`,count(0) AS `Cantidad` from ((((`accesoriosbase` `ab` join `catalogoaccesorios` `caa` on((`ab`.`ModeloAccesorio` = `caa`.`IdModeloAccesorioPK`))) join `fabricanteaccesorios` `fa` on((`caa`.`FabricanteAccesorio` = `fa`.`IdFabricanteAccesorioPK`))) join `categoriasaccesorios` `ca` on((`caa`.`CategoriaAccesorio` = `ca`.`IdCategoriaAccesorioPK`))) join `subcategoriasaccesorios` `sa` on((`caa`.`SubcategoriaAccesorio` = `sa`.`IdSubcategoriaAccesorio`))) group by `TipoArticulo`,`fa`.`NombreFabricanteAccesorio`,`ca`.`NombreCategoriaAccesorio`,`sa`.`NombreSubcategoriaAccesorio`,`ab`.`EstadoAccesorio` union all select 'Insumo' AS `TipoArticulo`,`fi`.`NombreFabricanteInsumos` AS `NombreFabricanteInsumos`,`ci`.`NombreCategoriaInsumos` AS `NombreCategoriaInsumos`,`si`.`NombreSubcategoriaInsumos` AS `NombreSubcategoriaInsumos`,`ib`.`EstadoInsumo` AS `EstadoInsumo`,sum(`ib`.`Cantidad`) AS `Cantidad` from ((((`insumosbase` `ib` join `catalogoinsumos` `ci2` on((`ib`.`ModeloInsumo` = `ci2`.`IdModeloInsumosPK`))) join `fabricanteinsumos` `fi` on((`ci2`.`FabricanteInsumos` = `fi`.`IdFabricanteInsumosPK`))) join `categoriasinsumos` `ci` on((`ci2`.`CategoriaInsumos` = `ci`.`IdCategoriaInsumosPK`))) join `subcategoriasinsumos` `si` on((`ci2`.`SubcategoriaInsumos` = `si`.`IdSubcategoriaInsumos`))) group by `TipoArticulo`,`fi`.`NombreFabricanteInsumos`,`ci`.`NombreCategoriaInsumos`,`si`.`NombreSubcategoriaInsumos`,`ib`.`EstadoInsumo` */;
/*!50001 SET character_set_client      = @saved_cs_client */;
/*!50001 SET character_set_results     = @saved_cs_results */;
/*!50001 SET collation_connection      = @saved_col_connection */;

--
-- Final view structure for view `vistainventariogeneral`
--

/*!50001 DROP VIEW IF EXISTS `vistainventariogeneral`*/;
/*!50001 SET @saved_cs_client          = @@character_set_client */;
/*!50001 SET @saved_cs_results         = @@character_set_results */;
/*!50001 SET @saved_col_connection     = @@collation_connection */;
/*!50001 SET character_set_client      = utf8mb4 */;
/*!50001 SET character_set_results     = utf8mb4 */;
/*!50001 SET collation_connection      = utf8mb4_0900_ai_ci */;
/*!50001 CREATE ALGORITHM=UNDEFINED */
/*!50013 DEFINER=`root`@`localhost` SQL SECURITY DEFINER */
/*!50001 VIEW `vistainventariogeneral` AS select 'Producto' AS `Tipo`,`p`.`CodigoConsola` AS `Codigo`,concat(`f`.`NombreFabricante`,' - ',`c`.`NombreCategoria`,' - ',`s`.`NombreSubcategoria`) AS `NombreArticulo`,`est`.`DescripcionEstado` AS `Estado`,1 AS `Cantidad`,`p`.`PrecioBase` AS `PrecioBase`,`p`.`FechaIngreso` AS `FechaIngreso`,`cat`.`LinkImagen` AS `LinkImagen` from (((((`productosbases` `p` join `catalogoconsolas` `cat` on((`p`.`Modelo` = `cat`.`IdModeloConsolaPK`))) join `fabricantes` `f` on((`cat`.`Fabricante` = `f`.`IdFabricantePK`))) join `categoriasproductos` `c` on((`cat`.`Categoria` = `c`.`IdCategoriaPK`))) join `subcategoriasproductos` `s` on((`cat`.`Subcategoria` = `s`.`IdSubcategoria`))) join `catalogoestadosconsolas` `est` on((`p`.`Estado` = `est`.`CodigoEstado`))) where (`p`.`Estado` <> 7) union all select 'Accesorio' AS `Tipo`,`a`.`CodigoAccesorio` AS `Codigo`,concat(`fa`.`NombreFabricanteAccesorio`,' - ',`ca`.`NombreCategoriaAccesorio`,' - ',`sa`.`NombreSubcategoriaAccesorio`) AS `NombreArticulo`,`est`.`DescripcionEstado` AS `Estado`,1 AS `Cantidad`,`a`.`PrecioBase` AS `PrecioBase`,`a`.`FechaIngreso` AS `FechaIngreso`,`cat`.`LinkImagen` AS `LinkImagen` from (((((`accesoriosbase` `a` join `catalogoaccesorios` `cat` on((`a`.`ModeloAccesorio` = `cat`.`IdModeloAccesorioPK`))) join `fabricanteaccesorios` `fa` on((`cat`.`FabricanteAccesorio` = `fa`.`IdFabricanteAccesorioPK`))) join `categoriasaccesorios` `ca` on((`cat`.`CategoriaAccesorio` = `ca`.`IdCategoriaAccesorioPK`))) join `subcategoriasaccesorios` `sa` on((`cat`.`SubcategoriaAccesorio` = `sa`.`IdSubcategoriaAccesorio`))) join `catalogoestadosconsolas` `est` on((`a`.`EstadoAccesorio` = `est`.`CodigoEstado`))) where (`a`.`EstadoAccesorio` <> 7) union all select 'Insumo' AS `Tipo`,`i`.`CodigoInsumo` AS `Codigo`,concat(`fi`.`NombreFabricanteInsumos`,' - ',`ci`.`NombreCategoriaInsumos`,' - ',`si`.`NombreSubcategoriaInsumos`) AS `NombreArticulo`,`est`.`DescripcionEstado` AS `Estado`,`i`.`Cantidad` AS `Cantidad`,`i`.`PrecioBase` AS `PrecioBase`,`i`.`FechaIngreso` AS `FechaIngreso`,`cat`.`LinkImagen` AS `LinkImagen` from (((((`insumosbase` `i` join `catalogoinsumos` `cat` on((`i`.`ModeloInsumo` = `cat`.`IdModeloInsumosPK`))) join `fabricanteinsumos` `fi` on((`cat`.`FabricanteInsumos` = `fi`.`IdFabricanteInsumosPK`))) join `categoriasinsumos` `ci` on((`cat`.`CategoriaInsumos` = `ci`.`IdCategoriaInsumosPK`))) join `subcategoriasinsumos` `si` on((`cat`.`SubcategoriaInsumos` = `si`.`IdSubcategoriaInsumos`))) join `catalogoestadosconsolas` `est` on((`i`.`EstadoInsumo` = `est`.`CodigoEstado`))) where (`i`.`EstadoInsumo` <> 7) */;
/*!50001 SET character_set_client      = @saved_cs_client */;
/*!50001 SET character_set_results     = @saved_cs_results */;
/*!50001 SET collation_connection      = @saved_col_connection */;
/*!40103 SET TIME_ZONE=@OLD_TIME_ZONE */;

/*!40101 SET SQL_MODE=@OLD_SQL_MODE */;
/*!40014 SET FOREIGN_KEY_CHECKS=@OLD_FOREIGN_KEY_CHECKS */;
/*!40014 SET UNIQUE_CHECKS=@OLD_UNIQUE_CHECKS */;
/*!40101 SET CHARACTER_SET_CLIENT=@OLD_CHARACTER_SET_CLIENT */;
/*!40101 SET CHARACTER_SET_RESULTS=@OLD_CHARACTER_SET_RESULTS */;
/*!40101 SET COLLATION_CONNECTION=@OLD_COLLATION_CONNECTION */;
/*!40111 SET SQL_NOTES=@OLD_SQL_NOTES */;

-- Dump completed on 2026-02-02 20:49:12
